measure_id,measure_name,location_id,location_name,sex_id,sex_name,age_id,age_name,metric_id,metric_name,year,val,upper,lower
44,Population,63,Ukraine,3,Both,235,95+ years,1,Number,2023,28580.14220605467,34619.682320788925,23118.63414105008
44,Population,1,Global,3,Both,235,95+ years,1,Number,2023,6293708.444877771,6443549.425489386,6140439.148676743
44,Population,66,Brunei Darussalam,3,Both,235,95+ years,1,Number,2023,106.2632693840777,114.98521035037224,98.17023652844676
44,Population,67,Japan,3,Both,1,<5 years,1,Number,2023,4132140.85763014,4503672.909467065,3753689.8617751054
44,Population,67,Japan,3,Both,6,5-9 years,1,Number,2023,4962770.662436834,5408986.904946225,4508244.651802111
44,Population,67,Japan,3,Both,7,10-14 years,1,Number,2023,5395757.840345647,5880905.140669896,4901575.769010703
44,Population,67,Japan,3,Both,8,15-19 years,1,Number,2023,5567795.747548,6068411.445213689,5057857.214962387
44,Population,67,Japan,3,Both,9,20-24 years,1,Number,2023,5929716.251411064,6462873.208446893,5386630.452111537
44,Population,67,Japan,3,Both,10,25-29 years,1,Number,2023,6225008.214584442,6784715.67721743,5654877.466581243
44,Population,67,Japan,3,Both,11,30-34 years,1,Number,2023,6314617.747705758,6882382.247804746,5736279.918139683
44,Population,67,Japan,3,Both,12,35-39 years,1,Number,2023,7062975.111492948,7698026.462755714,6416097.365370606
44,Population,67,Japan,3,Both,13,40-44 years,1,Number,2023,7807313.833833236,8509290.709249446,7092264.227063167
44,Population,67,Japan,3,Both,14,45-49 years,1,Number,2023,9166165.969762834,9990320.945974585,8326662.971450533
44,Population,67,Japan,3,Both,15,50-54 years,1,Number,2023,9681377.419461131,10551856.46196961,8794687.67390758
44,Population,67,Japan,3,Both,16,55-59 years,1,Number,2023,8306752.004597439,9053634.727791581,7545960.280216662
44,Population,67,Japan,3,Both,17,60-64 years,1,Number,2023,7544212.622529371,8222533.350625239,6853259.705310614
44,Population,67,Japan,3,Both,18,65-69 years,1,Number,2023,7369629.16302682,8032252.616232845,6694665.846933725
44,Population,67,Japan,3,Both,19,70-74 years,1,Number,2023,8842967.185357047,9638062.477579625,8033065.041911937
44,Population,67,Japan,3,Both,20,75-79 years,1,Number,2023,7511960.461910681,8187381.310301647,6823961.428096475
44,Population,67,Japan,3,Both,30,80-84 years,1,Number,2023,5927671.899814661,6460645.043624015,5384773.336847144
44,Population,67,Japan,3,Both,31,85-89 years,1,Number,2023,4003906.3600541004,4363908.498550164,3637199.9960939367
44,Population,67,Japan,3,Both,32,90-94 years,1,Number,2023,2150075.561622395,2343394.71809281,1953156.273172427
44,Population,68,Republic of Korea,3,Both,235,95+ years,1,Number,2023,59957.87103003497,65165.12503453328,54430.91941105192
44,Population,69,Singapore,3,Both,1,<5 years,1,Number,2023,251740.5846674753,273958.846240576,229944.46982067675
44,Population,69,Singapore,3,Both,6,5-9 years,1,Number,2023,290481.61574211007,316119.1049425909,265331.23855536536
44,Population,69,Singapore,3,Both,7,10-14 years,1,Number,2023,260403.38811304097,283386.2162464528,237857.23346219488
44,Population,69,Singapore,3,Both,8,15-19 years,1,Number,2023,215035.27515351682,234013.97895336463,196417.1665177958
44,Population,69,Singapore,3,Both,9,20-24 years,1,Number,2023,254742.41550804122,277225.61434940953,232686.39719816748
44,Population,69,Singapore,3,Both,10,25-29 years,1,Number,2023,300973.2657420873,327536.73286679044,274914.50420152856
44,Population,69,Singapore,3,Both,11,30-34 years,1,Number,2023,493169.5521306908,536695.9867880275,450470.11925464735
44,Population,69,Singapore,3,Both,12,35-39 years,1,Number,2023,452501.59646662796,492438.73590650526,413323.26223826304
44,Population,69,Singapore,3,Both,13,40-44 years,1,Number,2023,682196.2466380213,742405.9052117958,623130.5709170483
44,Population,69,Singapore,3,Both,14,45-49 years,1,Number,2023,429700.48345301475,467625.2294849579,392496.3071798957
44,Population,69,Singapore,3,Both,15,50-54 years,1,Number,2023,436138.44400147867,474631.39516272995,398376.85849027894
44,Population,6,China,3,Both,1,<5 years,1,Number,2023,62163764.010105886,67168464.6582892,56631457.92578659
44,Population,6,China,3,Both,6,5-9 years,1,Number,2023,101168491.20697998,109318626.54244772,92164515.36781588
44,Population,6,China,3,Both,7,10-14 years,1,Number,2023,88768116.91434222,95911763.42146572,80867891.047053
44,Population,6,China,3,Both,8,15-19 years,1,Number,2023,80560723.4383378,87043630.01870126,73390912.57934175
44,Population,6,China,3,Both,9,20-24 years,1,Number,2023,70756194.60945211,76443853.04200949,64460571.5943583
44,Population,68,Republic of Korea,3,Both,31,85-89 years,1,Number,2023,615661.8277586123,669131.1631926011,558909.76039498
44,Population,68,Republic of Korea,3,Both,32,90-94 years,1,Number,2023,229535.96502872262,249470.83016883832,208377.20552415593
44,Population,7,Democratic People's Republic of Korea,3,Both,235,95+ years,1,Number,2023,5733.817146443907,6673.707068970162,4871.131881265159
44,Population,8,Taiwan,3,Both,1,<5 years,1,Number,2023,765640.3384772995,820309.1923295165,708779.4167199266
44,Population,8,Taiwan,3,Both,6,5-9 years,1,Number,2023,997024.6025964846,1068214.9377280078,922979.7344392469
44,Population,8,Taiwan,3,Both,7,10-14 years,1,Number,2023,998381.1059317266,1069668.2991816867,924235.4959168144
44,Population,8,Taiwan,3,Both,8,15-19 years,1,Number,2023,1020034.4167661757,1092867.716753118,944280.7054649672
44,Population,8,Taiwan,3,Both,9,20-24 years,1,Number,2023,1291733.1128904386,1383966.4569500266,1195801.4700912281
44,Population,8,Taiwan,3,Both,10,25-29 years,1,Number,2023,1543314.3039147453,1653511.24611942,1428698.7730031218
44,Population,8,Taiwan,3,Both,11,30-34 years,1,Number,2023,1581614.1575465503,1694545.8160344905,1464154.2558889864
44,Population,8,Taiwan,3,Both,12,35-39 years,1,Number,2023,1622398.6349439865,1738242.4187762022,1501909.83987307
44,Population,8,Taiwan,3,Both,13,40-44 years,1,Number,2023,1980211.1856318857,2121603.7827345054,1833149.1414438528
44,Population,8,Taiwan,3,Both,14,45-49 years,1,Number,2023,1872964.1851573377,2006699.0475503523,1733866.9293904898
44,Population,8,Taiwan,3,Both,15,50-54 years,1,Number,2023,1749459.3816831517,1874375.6569251744,1619534.3137100816
44,Population,8,Taiwan,3,Both,16,55-59 years,1,Number,2023,1763369.8669588275,1889279.3896152454,1632411.7251322556
44,Population,8,Taiwan,3,Both,17,60-64 years,1,Number,2023,1738695.551200022,1862843.2589489282,1609569.8681236878
44,Population,8,Taiwan,3,Both,18,65-69 years,1,Number,2023,1525099.6612770131,1633996.0272368249,1411836.8560745947
44,Population,8,Taiwan,3,Both,19,70-74 years,1,Number,2023,1195071.6586480218,1280403.1054987574,1106318.659802659
44,Population,8,Taiwan,3,Both,20,75-79 years,1,Number,2023,631430.9216249028,676516.8490993286,584537.1747500914
44,Population,69,Singapore,3,Both,16,55-59 years,1,Number,2023,409877.5844991946,446052.7900084013,374389.7074980609
44,Population,69,Singapore,3,Both,17,60-64 years,1,Number,2023,362844.7799226239,394868.9378127941,331429.08068127447
44,Population,69,Singapore,3,Both,18,65-69 years,1,Number,2023,305393.5280561485,332347.12116886134,278952.05291707517
44,Population,69,Singapore,3,Both,19,70-74 years,1,Number,2023,232870.34026245688,253423.14123176638,212708.04228623645
44,Population,69,Singapore,3,Both,20,75-79 years,1,Number,2023,142603.228942799,155189.1846241406,130256.4062814185
44,Population,6,China,3,Both,10,25-29 years,1,Number,2023,77989765.2321679,84254222.7622194,71052152.65247796
44,Population,6,China,3,Both,11,30-34 years,1,Number,2023,107417952.98278132,116048556.8092014,97861957.88063735
44,Population,6,China,3,Both,12,35-39 years,1,Number,2023,118219057.2220307,127717841.35115683,107701723.46189122
44,Population,6,China,3,Both,13,40-44 years,1,Number,2023,90946064.58107536,98247234.55579886,82855934.73817533
44,Population,6,China,3,Both,14,45-49 years,1,Number,2023,99744832.28867544,107757804.68188344,90868942.81334661
44,Population,6,China,3,Both,15,50-54 years,1,Number,2023,118396932.35445261,127912929.52141218,107860580.39992616
44,Population,6,China,3,Both,16,55-59 years,1,Number,2023,118222751.40542115,127724612.03532298,107701323.03137627
44,Population,6,China,3,Both,17,60-64 years,1,Number,2023,81428269.72194025,87962854.0625893,74184682.36553001
44,Population,6,China,3,Both,18,65-69 years,1,Number,2023,76312862.28260401,82439359.34414911,69523087.43342529
44,Population,6,China,3,Both,19,70-74 years,1,Number,2023,61055040.913256966,65958066.306343324,55622131.636204444
44,Population,6,China,3,Both,20,75-79 years,1,Number,2023,36787570.910587534,39743121.37026649,33513585.054192446
44,Population,6,China,3,Both,30,80-84 years,1,Number,2023,22464451.868661016,24268796.985975202,20464902.12652809
44,Population,6,China,3,Both,31,85-89 years,1,Number,2023,12472188.034963135,13472710.938415075,11362232.34947548
44,Population,6,China,3,Both,32,90-94 years,1,Number,2023,4528461.305300546,4889682.133177693,4125572.483408881
44,Population,7,Democratic People's Republic of Korea,3,Both,32,90-94 years,1,Number,2023,27484.53206805659,31989.809103641383,23349.32855007374
44,Population,1,Global,3,Both,1,<5 years,1,Number,2023,643039100.1211878,662034239.0149306,624007793.4654684
44,Population,1,Global,3,Both,6,5-9 years,1,Number,2023,700543635.5775871,721570995.2525926,679333569.423125
44,Population,1,Global,3,Both,7,10-14 years,1,Number,2023,682437171.8088483,703851813.9786115,660576905.2228343
44,Population,1,Global,3,Both,8,15-19 years,1,Number,2023,644631309.5398214,665576178.1757475,622774416.8347335
44,Population,1,Global,3,Both,9,20-24 years,1,Number,2023,602204506.2936535,622448382.2600156,581374481.9693092
44,Population,1,Global,3,Both,10,25-29 years,1,Number,2023,585406658.9426415,605187717.5433297,564940337.7557917
44,Population,1,Global,3,Both,11,30-34 years,1,Number,2023,596862730.7818348,616995493.095404,576257064.7423164
44,Population,1,Global,3,Both,12,35-39 years,1,Number,2023,584070977.3572817,603931129.5007838,563326288.9207573
44,Population,1,Global,3,Both,13,40-44 years,1,Number,2023,516717289.9334356,533543295.0603601,499536755.09533364
44,Population,1,Global,3,Both,14,45-49 years,1,Number,2023,473637877.1410988,488912983.69665384,458035260.9079415
44,Population,1,Global,3,Both,15,50-54 years,1,Number,2023,454119669.5629726,469475769.73350805,438864082.8869957
44,Population,1,Global,3,Both,16,55-59 years,1,Number,2023,413633948.51506513,427808744.1976401,398922993.2682289
44,Population,1,Global,3,Both,17,60-64 years,1,Number,2023,341257773.9447858,352211639.0266737,330362808.2275141
44,Population,1,Global,3,Both,18,65-69 years,1,Number,2023,288164757.4731627,297581240.22242486,278442274.27730054
44,Population,1,Global,3,Both,19,70-74 years,1,Number,2023,222702832.0140604,230017813.48661393,215243424.5843554
44,Population,1,Global,3,Both,20,75-79 years,1,Number,2023,145731530.89422145,150353218.83011395,141168071.25015116
44,Population,1,Global,3,Both,30,80-84 years,1,Number,2023,92869108.1066943,95582592.79926533,90136362.05635397
44,Population,1,Global,3,Both,31,85-89 years,1,Number,2023,51284542.766759045,52692064.11571489,49887493.24408766
44,Population,1,Global,3,Both,32,90-94 years,1,Number,2023,20218128.500709414,20739861.13277601,19685391.65681046
44,Population,62,Russian Federation,3,Both,235,95+ years,1,Number,2023,114207.97905808694,123401.82113982487,104887.9944209266
44,Population,63,Ukraine,3,Both,1,<5 years,1,Number,2023,1263550.6833346975,1530563.5268671243,1022093.0937320619
44,Population,10,Cambodia,3,Both,1,<5 years,1,Number,2023,1736870.8128614333,1906584.3510035458,1572544.954379931
44,Population,10,Cambodia,3,Both,6,5-9 years,1,Number,2023,1632355.9511325164,1791857.1079961238,1477918.2744607974
44,Population,11,Indonesia,3,Both,235,95+ years,1,Number,2023,140358.64925482933,152470.4969418928,128972.0160831236
44,Population,12,Lao People's Democratic Republic,3,Both,1,<5 years,1,Number,2023,803503.4605288479,898198.9050678908,705020.8209466626
44,Population,12,Lao People's Democratic Republic,3,Both,6,5-9 years,1,Number,2023,762153.8974174573,851976.1641138671,668739.3307445034
44,Population,12,Lao People's Democratic Republic,3,Both,7,10-14 years,1,Number,2023,715687.4273696896,800033.4724273803,627968.0951881452
44,Population,12,Lao People's Democratic Republic,3,Both,8,15-19 years,1,Number,2023,682342.7929257088,762759.0665053946,598710.3972382336
44,Population,12,Lao People's Democratic Republic,3,Both,9,20-24 years,1,Number,2023,674936.4177929598,754479.8264503751,592211.795884491
44,Population,12,Lao People's Democratic Republic,3,Both,10,25-29 years,1,Number,2023,669056.2708707411,747906.685466391,587052.3582292242
44,Population,12,Lao People's Democratic Republic,3,Both,11,30-34 years,1,Number,2023,647855.7022507096,724207.5622432057,568450.269965419
44,Population,13,Malaysia,3,Both,8,15-19 years,1,Number,2023,2741592.006072818,2985664.8849640503,2517464.880991564
44,Population,13,Malaysia,3,Both,9,20-24 years,1,Number,2023,2987425.35445653,3253383.7848574603,2743201.175728966
44,Population,13,Malaysia,3,Both,10,25-29 years,1,Number,2023,3163932.597860901,3445604.7562517845,2905278.8246011785
44,Population,13,Malaysia,3,Both,11,30-34 years,1,Number,2023,3100338.7063726094,3376349.3570916504,2846883.7796372524
44,Population,13,Malaysia,3,Both,12,35-39 years,1,Number,2023,2915030.014548158,3174543.379822473,2676724.207105235
44,Population,13,Malaysia,3,Both,13,40-44 years,1,Number,2023,2399238.3751630927,2612832.891077662,2203098.906482558
44,Population,13,Malaysia,3,Both,14,45-49 years,1,Number,2023,1906991.4597167238,2076763.2180830527,1751093.5316245519
44,Population,13,Malaysia,3,Both,15,50-54 years,1,Number,2023,1696038.3129332925,1847029.7634593053,1557385.9568338478
44,Population,13,Malaysia,3,Both,16,55-59 years,1,Number,2023,1528965.4612541175,1665083.089634611,1403971.4313545725
44,Population,13,Malaysia,3,Both,17,60-64 years,1,Number,2023,1335245.8994752092,1454117.4565817157,1226088.5835569329
44,Population,13,Malaysia,3,Both,18,65-69 years,1,Number,2023,1045234.887137011,1138287.9334896365,959786.1807759869
44,Population,13,Malaysia,3,Both,19,70-74 years,1,Number,2023,750848.6415303526,817693.6677574302,689466.2232038479
44,Population,13,Malaysia,3,Both,20,75-79 years,1,Number,2023,499947.4330613185,544455.7366350327,459076.36960053234
44,Population,10,Cambodia,3,Both,7,10-14 years,1,Number,2023,1612255.8842760886,1769793.0185780653,1459719.8808418147
44,Population,10,Cambodia,3,Both,8,15-19 years,1,Number,2023,1534105.162297886,1684006.0144785515,1388963.0216569307
44,Population,10,Cambodia,3,Both,9,20-24 years,1,Number,2023,1377619.5965035013,1512229.8934842767,1247282.6012704314
44,Population,10,Cambodia,3,Both,10,25-29 years,1,Number,2023,1349721.9326184865,1481606.286363435,1222024.3435712925
44,Population,10,Cambodia,3,Both,11,30-34 years,1,Number,2023,1404390.820489275,1541616.993739821,1271520.9918805237
44,Population,10,Cambodia,3,Both,12,35-39 years,1,Number,2023,1390168.2888890451,1526004.746714967,1258644.0581783538
44,Population,10,Cambodia,3,Both,13,40-44 years,1,Number,2023,1156602.3933839968,1269616.60431512,1047175.9007472366
44,Population,10,Cambodia,3,Both,14,45-49 years,1,Number,2023,859843.9211952357,943861.1969968949,778493.8348996807
44,Population,10,Cambodia,3,Both,15,50-54 years,1,Number,2023,742598.6859619262,815159.6671708012,672341.2058578695
44,Population,10,Cambodia,3,Both,16,55-59 years,1,Number,2023,700301.5051344228,768729.5340485638,634045.7737495907
44,Population,10,Cambodia,3,Both,17,60-64 years,1,Number,2023,573262.0259628809,629276.7427675198,519025.5370693855
44,Population,10,Cambodia,3,Both,18,65-69 years,1,Number,2023,434770.495347939,477252.89444113185,393636.7309013038
44,Population,11,Indonesia,3,Both,16,55-59 years,1,Number,2023,14657109.683818739,15921902.989863519,13468047.718537983
44,Population,11,Indonesia,3,Both,17,60-64 years,1,Number,2023,11658510.741802279,12664548.539347155,10712710.922196751
44,Population,11,Indonesia,3,Both,18,65-69 years,1,Number,2023,8697742.02342349,9448288.76328143,7992135.362425752
44,Population,11,Indonesia,3,Both,19,70-74 years,1,Number,2023,5502841.980268089,5977693.970258243,5056422.444572682
44,Population,11,Indonesia,3,Both,20,75-79 years,1,Number,2023,2996643.3933164654,3255230.153341481,2753539.8920554905
44,Population,11,Indonesia,3,Both,30,80-84 years,1,Number,2023,1501706.6797286754,1631292.1571615434,1379880.3214361721
44,Population,11,Indonesia,3,Both,31,85-89 years,1,Number,2023,597143.6715563998,648672.4746304014,548700.230593432
44,Population,11,Indonesia,3,Both,32,90-94 years,1,Number,2023,278169.38696787896,302173.2176120588,255602.82063358146
44,Population,6,China,3,Both,235,95+ years,1,Number,2023,1241592.365273229,1339834.2593807452,1131176.4169757452
44,Population,13,Malaysia,3,Both,30,80-84 years,1,Number,2023,254952.75454720235,277650.17000717885,234110.18286562542
44,Population,13,Malaysia,3,Both,31,85-89 years,1,Number,2023,136350.89246710154,148489.66249200594,125204.1086045785
44,Population,13,Malaysia,3,Both,32,90-94 years,1,Number,2023,41870.13514553319,45597.66440659706,38447.22138004759
44,Population,16,Philippines,3,Both,235,95+ years,1,Number,2023,17296.52412626221,18869.639113627592,15780.266765100605
44,Population,17,Sri Lanka,3,Both,1,<5 years,1,Number,2023,1421827.1560855755,1615757.1066335556,1216522.492324037
44,Population,17,Sri Lanka,3,Both,6,5-9 years,1,Number,2023,1648689.7287118856,1873562.5736210423,1410627.254696286
44,Population,17,Sri Lanka,3,Both,7,10-14 years,1,Number,2023,1787877.4518539554,2031734.7901667552,1529716.9732552327
44,Population,17,Sri Lanka,3,Both,8,15-19 years,1,Number,2023,1834064.179947077,2084221.1516975525,1569234.5709686044
44,Population,17,Sri Lanka,3,Both,9,20-24 years,1,Number,2023,1689190.716354614,1919587.6887901586,1445280.1041779085
44,Population,17,Sri Lanka,3,Both,10,25-29 years,1,Number,2023,1597700.923334932,1815619.1560305501,1367000.9754173276
44,Population,17,Sri Lanka,3,Both,11,30-34 years,1,Number,2023,1534636.6971956452,1743953.2920591312,1313042.9051757471
44,Population,17,Sri Lanka,3,Both,12,35-39 years,1,Number,2023,1496108.0282401117,1700169.5097564897,1280077.5815194221
44,Population,17,Sri Lanka,3,Both,13,40-44 years,1,Number,2023,1621859.3479620067,1843072.6661911884,1387671.0454832718
44,Population,17,Sri Lanka,3,Both,14,45-49 years,1,Number,2023,1440503.152721342,1636980.4136709466,1232501.7693245742
44,Population,17,Sri Lanka,3,Both,15,50-54 years,1,Number,2023,1342242.353250753,1525317.343818493,1148429.333263634
44,Population,17,Sri Lanka,3,Both,16,55-59 years,1,Number,2023,1261755.0093172041,1433851.937915904,1079563.9554830103
44,Population,17,Sri Lanka,3,Both,17,60-64 years,1,Number,2023,1157433.9461464686,1315302.0153966728,990306.3272071877
44,Population,17,Sri Lanka,3,Both,18,65-69 years,1,Number,2023,957615.3104445967,1088229.1399833343,819340.4937889663
44,Population,17,Sri Lanka,3,Both,19,70-74 years,1,Number,2023,753592.1563332645,856378.2713582471,644777.2531946289
44,Population,17,Sri Lanka,3,Both,20,75-79 years,1,Number,2023,582506.2285193345,661957.0982028546,498395.2696919549
44,Population,17,Sri Lanka,3,Both,30,80-84 years,1,Number,2023,301700.5991490041,342851.0174841993,258136.55565762133
44,Population,17,Sri Lanka,3,Both,31,85-89 years,1,Number,2023,153749.3922553646,174720.0228339455,131548.75616157157
44,Population,17,Sri Lanka,3,Both,32,90-94 years,1,Number,2023,53414.82103603756,60700.3293748757,45701.99052372849
44,Population,7,Democratic People's Republic of Korea,3,Both,1,<5 years,1,Number,2023,1490016.697157971,1734260.913931292,1265835.2458353217
44,Population,7,Democratic People's Republic of Korea,3,Both,6,5-9 years,1,Number,2023,1578590.0619216438,1837353.2650559526,1341082.2462038
44,Population,7,Democratic People's Republic of Korea,3,Both,7,10-14 years,1,Number,2023,1674565.1940649247,1949060.6846459203,1422617.3761271045
44,Population,7,Democratic People's Republic of Korea,3,Both,8,15-19 years,1,Number,2023,1772418.383976223,2062954.0140900456,1505747.9993901849
44,Population,7,Democratic People's Republic of Korea,3,Both,9,20-24 years,1,Number,2023,1910224.2790920888,2223349.114403088,1622820.2170735647
44,Population,7,Democratic People's Republic of Korea,3,Both,10,25-29 years,1,Number,2023,2100717.1121872794,2445067.6196058528,1784652.3245062183
44,Population,7,Democratic People's Republic of Korea,3,Both,11,30-34 years,1,Number,2023,2152633.465731843,2505494.125508712,1828757.5686134188
44,Population,7,Democratic People's Republic of Korea,3,Both,12,35-39 years,1,Number,2023,2000874.6518105674,2328858.937574079,1699831.727786181
44,Population,7,Democratic People's Republic of Korea,3,Both,13,40-44 years,1,Number,2023,1869295.6954637268,2175711.498673933,1588049.5706655623
44,Population,7,Democratic People's Republic of Korea,3,Both,14,45-49 years,1,Number,2023,1752746.0417442655,2040056.9725445127,1489035.472468276
44,Population,7,Democratic People's Republic of Korea,3,Both,15,50-54 years,1,Number,2023,2184409.554827086,2542478.965625331,1855752.7651291916
44,Population,7,Democratic People's Republic of Korea,3,Both,16,55-59 years,1,Number,2023,1811649.475081685,2108615.8835475175,1539076.550639705
44,Population,7,Democratic People's Republic of Korea,3,Both,17,60-64 years,1,Number,2023,1411066.2408092618,1642368.8627591375,1198763.3328080385
44,Population,7,Democratic People's Republic of Korea,3,Both,18,65-69 years,1,Number,2023,1041423.2888885709,1212133.8695211564,884735.2566070812
44,Population,7,Democratic People's Republic of Korea,3,Both,19,70-74 years,1,Number,2023,652326.6638595548,759256.3482037826,554180.4225996872
44,Population,7,Democratic People's Republic of Korea,3,Both,20,75-79 years,1,Number,2023,547176.3174191123,636869.7090031479,464850.54133729293
44,Population,7,Democratic People's Republic of Korea,3,Both,30,80-84 years,1,Number,2023,304182.46082722413,354044.18858009775,258416.48675108774
44,Population,7,Democratic People's Republic of Korea,3,Both,31,85-89 years,1,Number,2023,123081.01243461452,143256.5081448969,104562.77700109064
44,Population,8,Taiwan,3,Both,30,80-84 years,1,Number,2023,475597.9862711998,509557.007886464,440277.30301264324
44,Population,8,Taiwan,3,Both,31,85-89 years,1,Number,2023,269521.9591566477,288766.57814367977,249505.68485482762
44,Population,8,Taiwan,3,Both,32,90-94 years,1,Number,2023,148872.6603650182,159502.5831931075,137816.50740726985
44,Population,13,Malaysia,3,Both,235,95+ years,1,Number,2023,11196.06522807654,12192.805759277986,10280.77881557146
44,Population,14,Maldives,3,Both,1,<5 years,1,Number,2023,31902.204965732137,34361.95504045521,29496.632341825803
44,Population,15,Myanmar,3,Both,1,<5 years,1,Number,2023,5348170.898926007,5979262.776132344,4724545.675235585
44,Population,15,Myanmar,3,Both,6,5-9 years,1,Number,2023,5324458.920372308,5952752.749920757,4703598.639726745
44,Population,15,Myanmar,3,Both,7,10-14 years,1,Number,2023,5256083.953767981,5876309.4386722995,4643196.558553587
44,Population,15,Myanmar,3,Both,8,15-19 years,1,Number,2023,5157801.048716292,5766429.009117641,4556373.963915709
44,Population,15,Myanmar,3,Both,9,20-24 years,1,Number,2023,5001602.088204394,5591798.34605358,4418388.634480746
44,Population,15,Myanmar,3,Both,10,25-29 years,1,Number,2023,4577851.598247238,5118044.687306911,4044049.709539497
44,Population,15,Myanmar,3,Both,11,30-34 years,1,Number,2023,4141705.5888221106,4630432.819922863,3658760.6487477883
44,Population,15,Myanmar,3,Both,12,35-39 years,1,Number,2023,3893690.1861345363,4353151.242123042,3439665.1635241024
44,Population,15,Myanmar,3,Both,13,40-44 years,1,Number,2023,3670894.3552793814,4104065.1819941066,3242848.5136787095
44,Population,15,Myanmar,3,Both,14,45-49 years,1,Number,2023,3332000.38689118,3725181.2367098858,2943471.3877470316
44,Population,15,Myanmar,3,Both,15,50-54 years,1,Number,2023,3030694.3898932207,3388320.6976352776,2677299.275459984
44,Population,15,Myanmar,3,Both,16,55-59 years,1,Number,2023,2638809.8412307417,2950193.2072012066,2331110.5532658654
44,Population,15,Myanmar,3,Both,17,60-64 years,1,Number,2023,2142893.1064609345,2395757.582702807,1893020.3521834444
44,Population,15,Myanmar,3,Both,18,65-69 years,1,Number,2023,1634789.080337906,1827696.5488995505,1444163.962857626
44,Population,15,Myanmar,3,Both,19,70-74 years,1,Number,2023,1101771.0917845368,1231781.6691775683,973298.71187092
44,Population,15,Myanmar,3,Both,20,75-79 years,1,Number,2023,641908.587463626,717654.7263049708,567058.6258578377
44,Population,15,Myanmar,3,Both,30,80-84 years,1,Number,2023,357852.36042937747,400079.4549209626,316124.8684440838
44,Population,15,Myanmar,3,Both,31,85-89 years,1,Number,2023,176404.0253425635,197219.95467693626,155834.37604690646
44,Population,15,Myanmar,3,Both,32,90-94 years,1,Number,2023,64318.89237365166,71908.61441040848,56818.96680992416
44,Population,20,Viet Nam,3,Both,235,95+ years,1,Number,2023,152202.83832085514,166291.52420149,138219.78536419326
44,Population,22,Fiji,3,Both,20,75-79 years,1,Number,2023,9787.865467152558,10846.377832762515,8789.528987448575
44,Population,22,Fiji,3,Both,30,80-84 years,1,Number,2023,4894.332080541361,5423.63145087299,4395.123108351495
44,Population,22,Fiji,3,Both,31,85-89 years,1,Number,2023,1920.2748441355225,2127.9436841608144,1724.4118713155583
44,Population,22,Fiji,3,Both,32,90-94 years,1,Number,2023,608.8202620036242,674.6613565637651,546.7221999510841
44,Population,18,Thailand,3,Both,235,95+ years,1,Number,2023,117796.07636468425,135584.66077703744,100794.76295270762
44,Population,19,Timor-Leste,3,Both,1,<5 years,1,Number,2023,189336.04271194615,203268.01253065604,174936.39372909957
44,Population,19,Timor-Leste,3,Both,6,5-9 years,1,Number,2023,166871.40660050366,179150.3544810236,154180.2694778331
44,Population,19,Timor-Leste,3,Both,7,10-14 years,1,Number,2023,158659.22258477335,170333.890909145,146592.6499428814
44,Population,19,Timor-Leste,3,Both,8,15-19 years,1,Number,2023,154482.18220079815,165849.49013183147,142733.28766422038
44,Population,19,Timor-Leste,3,Both,9,20-24 years,1,Number,2023,141359.70007968706,151761.4125422652,130608.8148688622
44,Population,19,Timor-Leste,3,Both,10,25-29 years,1,Number,2023,118896.94491392197,127645.77384449018,109854.42851096715
44,Population,19,Timor-Leste,3,Both,11,30-34 years,1,Number,2023,101635.58255684485,109114.2635750344,93905.85137611943
44,Population,19,Timor-Leste,3,Both,12,35-39 years,1,Number,2023,85980.6619501961,92307.4023326666,79441.54064153308
44,Population,19,Timor-Leste,3,Both,13,40-44 years,1,Number,2023,64495.114630068034,69240.87765336824,59590.04215427769
44,Population,19,Timor-Leste,3,Both,14,45-49 years,1,Number,2023,54735.01064595221,58762.59306197604,50572.22722085872
44,Population,19,Timor-Leste,3,Both,15,50-54 years,1,Number,2023,51274.3767810429,55047.31435570985,47374.78631276354
44,Population,19,Timor-Leste,3,Both,16,55-59 years,1,Number,2023,41269.076773803215,44305.7914099773,38130.42334639947
44,Population,19,Timor-Leste,3,Both,17,60-64 years,1,Number,2023,30153.67160573838,32372.478108278272,27860.38248631144
44,Population,19,Timor-Leste,3,Both,18,65-69 years,1,Number,2023,24137.148424437146,25913.239328959695,22301.43632345304
44,Population,19,Timor-Leste,3,Both,19,70-74 years,1,Number,2023,23155.44263930579,24859.296397781553,21394.39259689142
44,Population,19,Timor-Leste,3,Both,20,75-79 years,1,Number,2023,17704.110836218904,19006.83764039402,16357.653088695286
44,Population,19,Timor-Leste,3,Both,30,80-84 years,1,Number,2023,6571.409705252827,7054.9556818593355,6071.631682417129
44,Population,19,Timor-Leste,3,Both,31,85-89 years,1,Number,2023,2732.6235734786346,2933.6990190530414,2524.798271456192
44,Population,19,Timor-Leste,3,Both,32,90-94 years,1,Number,2023,1047.756987968284,1124.8543991353945,968.0715111305664
44,Population,20,Viet Nam,3,Both,30,80-84 years,1,Number,2023,892060.816763075,974634.6029844811,810106.1450961411
44,Population,20,Viet Nam,3,Both,31,85-89 years,1,Number,2023,593440.4551144568,648372.388403003,538920.385698945
44,Population,20,Viet Nam,3,Both,32,90-94 years,1,Number,2023,304956.25372822,333184.5897665722,276939.56565333926
44,Population,67,Japan,3,Both,235,95+ years,1,Number,2023,769881.8606841372,839104.0380559062,699370.576847182
44,Population,68,Republic of Korea,3,Both,1,<5 years,1,Number,2023,1361690.2227310203,1479951.0405917868,1236168.8215907668
44,Population,68,Republic of Korea,3,Both,6,5-9 years,1,Number,2023,1988876.8662903314,2161607.933096495,1805541.033525442
44,Population,68,Republic of Korea,3,Both,7,10-14 years,1,Number,2023,2331709.0430865437,2534214.5864514015,2116770.7397530423
44,Population,68,Republic of Korea,3,Both,8,15-19 years,1,Number,2023,2271519.7644801163,2468797.9564286075,2062129.7440513328
44,Population,68,Republic of Korea,3,Both,9,20-24 years,1,Number,2023,2759660.451105255,2999332.9526167726,2505273.3366855457
44,Population,68,Republic of Korea,3,Both,10,25-29 years,1,Number,2023,3423636.7410965017,3720974.6189056016,3108043.9039269774
44,Population,68,Republic of Korea,3,Both,11,30-34 years,1,Number,2023,3577928.7844335656,3888666.7020827495,3248113.2164687663
44,Population,68,Republic of Korea,3,Both,12,35-39 years,1,Number,2023,3383222.162825782,3677050.0932180546,3071354.765118442
44,Population,68,Republic of Korea,3,Both,13,40-44 years,1,Number,2023,4170349.1566554504,4532537.923085664,3785923.9322915757
44,Population,68,Republic of Korea,3,Both,14,45-49 years,1,Number,2023,3997388.2758728163,4344555.641049043,3628906.686658753
44,Population,68,Republic of Korea,3,Both,15,50-54 years,1,Number,2023,4554382.0807374455,4949923.548780153,4134556.4768231604
44,Population,68,Republic of Korea,3,Both,16,55-59 years,1,Number,2023,4202556.764681211,4567542.715083876,3815162.624172325
44,Population,68,Republic of Korea,3,Both,17,60-64 years,1,Number,2023,4262561.619329573,4632758.904195738,3869636.1962242876
44,Population,68,Republic of Korea,3,Both,18,65-69 years,1,Number,2023,3388467.2302967105,3682750.6871798784,3076116.339202228
44,Population,68,Republic of Korea,3,Both,19,70-74 years,1,Number,2023,2272372.223436869,2469724.4502074774,2062903.6228428765
44,Population,24,Marshall Islands,3,Both,235,95+ years,1,Number,2023,0.9071958963692776,0.9771727112159373,0.8388940751989368
44,Population,25,Micronesia (Federated States of),3,Both,1,<5 years,1,Number,2023,9497.376081104832,10890.547510459475,8067.86917479383
44,Population,25,Micronesia (Federated States of),3,Both,6,5-9 years,1,Number,2023,10080.432886925715,11559.133000900576,8563.166611755896
44,Population,25,Micronesia (Federated States of),3,Both,7,10-14 years,1,Number,2023,10618.58567972255,12176.227502349295,9020.31880739999
44,Population,25,Micronesia (Federated States of),3,Both,8,15-19 years,1,Number,2023,10607.250420506474,12163.229472369034,9010.689685878771
44,Population,26,Papua New Guinea,3,Both,6,5-9 years,1,Number,2023,1376993.7308189268,1571946.461045299,1181365.097507812
44,Population,26,Papua New Guinea,3,Both,7,10-14 years,1,Number,2023,1194986.825683888,1364171.2882108674,1025215.798916543
44,Population,26,Papua New Guinea,3,Both,8,15-19 years,1,Number,2023,1029892.9117347134,1175703.6227711844,883576.673490372
44,Population,26,Papua New Guinea,3,Both,9,20-24 years,1,Number,2023,967504.5279428334,1104482.3841286113,830051.7681461652
44,Population,26,Papua New Guinea,3,Both,10,25-29 years,1,Number,2023,927246.0724605998,1058524.1962254534,795512.8061147275
44,Population,26,Papua New Guinea,3,Both,11,30-34 years,1,Number,2023,820987.8550248408,937222.0979538907,704350.6268015752
44,Population,26,Papua New Guinea,3,Both,12,35-39 years,1,Number,2023,707770.3709793636,807975.4504271098,607217.8795090875
44,Population,26,Papua New Guinea,3,Both,13,40-44 years,1,Number,2023,609308.4492053196,695573.435794568,522744.38103627873
44,Population,26,Papua New Guinea,3,Both,14,45-49 years,1,Number,2023,512411.4098687946,584957.8573342133,439613.44313728483
44,Population,26,Papua New Guinea,3,Both,15,50-54 years,1,Number,2023,411516.34165453276,469778.2149969826,353052.4738087523
44,Population,26,Papua New Guinea,3,Both,16,55-59 years,1,Number,2023,326278.8279913823,372472.90056290466,279924.6001036883
44,Population,26,Papua New Guinea,3,Both,17,60-64 years,1,Number,2023,231405.72604990055,264167.80555233546,198530.06008692953
44,Population,26,Papua New Guinea,3,Both,18,65-69 years,1,Number,2023,155055.98228740692,177008.57830023297,133027.27640248038
44,Population,26,Papua New Guinea,3,Both,19,70-74 years,1,Number,2023,97260.61360760265,111030.62703752419,83442.85940204065
44,Population,26,Papua New Guinea,3,Both,20,75-79 years,1,Number,2023,55960.748413602676,63883.58818009512,48010.4400816181
44,Population,26,Papua New Guinea,3,Both,30,80-84 years,1,Number,2023,25220.922264500332,28791.66303422575,21637.801700461343
44,Population,26,Papua New Guinea,3,Both,31,85-89 years,1,Number,2023,9276.204547708363,10589.515830279366,7958.340001656071
44,Population,26,Papua New Guinea,3,Both,32,90-94 years,1,Number,2023,2807.250802801601,3204.6972081028575,2408.4264467989055
44,Population,29,Tonga,3,Both,235,95+ years,1,Number,2023,36.676973993716125,39.68731870626116,33.64122935983377
44,Population,30,Vanuatu,3,Both,1,<5 years,1,Number,2023,43649.45980010269,47516.45185215414,39702.66171490865
44,Population,30,Vanuatu,3,Both,6,5-9 years,1,Number,2023,40598.88744117809,44195.62324904707,36927.923082222296
44,Population,30,Vanuatu,3,Both,7,10-14 years,1,Number,2023,35805.670938803334,38977.76620808766,32568.110745675247
44,Population,30,Vanuatu,3,Both,8,15-19 years,1,Number,2023,32368.407350957645,35235.988634596404,29441.64562839356
44,Population,30,Vanuatu,3,Both,9,20-24 years,1,Number,2023,29559.22757245587,32177.938058471966,26886.472781971395
44,Population,30,Vanuatu,3,Both,10,25-29 years,1,Number,2023,26754.458786776435,29124.689253755987,24335.31208499288
44,Population,30,Vanuatu,3,Both,11,30-34 years,1,Number,2023,22413.754716594045,24399.433617149327,20387.095862106817
44,Population,30,Vanuatu,3,Both,12,35-39 years,1,Number,2023,19525.07280527759,21254.837656881933,17759.60949109099
44,Population,30,Vanuatu,3,Both,13,40-44 years,1,Number,2023,17892.00230612471,19477.090209386864,16274.20174764141
44,Population,30,Vanuatu,3,Both,14,45-49 years,1,Number,2023,15899.31237667507,17307.863934363337,14461.691477549635
44,Population,30,Vanuatu,3,Both,15,50-54 years,1,Number,2023,12963.447885735994,14111.905396342032,11791.288790818277
44,Population,30,Vanuatu,3,Both,16,55-59 years,1,Number,2023,10280.37430465755,11191.133015310164,9350.819579203535
44,Population,30,Vanuatu,3,Both,17,60-64 years,1,Number,2023,7795.566898264654,8486.19160186646,7090.689251485606
44,Population,30,Vanuatu,3,Both,18,65-69 years,1,Number,2023,5881.427409642863,6402.474706721967,5349.626866293833
44,Population,30,Vanuatu,3,Both,19,70-74 years,1,Number,2023,3839.651422006232,4179.81374244602,3492.468915061412
44,Population,30,Vanuatu,3,Both,20,75-79 years,1,Number,2023,2306.808616722416,2511.173358630365,2098.226245415091
44,Population,30,Vanuatu,3,Both,30,80-84 years,1,Number,2023,1377.6433033457527,1499.6914507683562,1253.076356203084
44,Population,30,Vanuatu,3,Both,31,85-89 years,1,Number,2023,713.7027168598619,776.9310533905724,649.1694894339026
44,Population,30,Vanuatu,3,Both,32,90-94 years,1,Number,2023,280.89919079587037,305.78460617580504,255.5001963193548
44,Population,68,Republic of Korea,3,Both,20,75-79 years,1,Number,2023,1672361.4195444665,1817603.5795692785,1518202.1657803373
44,Population,68,Republic of Korea,3,Both,30,80-84 years,1,Number,2023,1174944.3767700798,1276986.5891750853,1066637.3169321574
44,Population,69,Singapore,3,Both,30,80-84 years,1,Number,2023,89215.4359942078,97089.46193204314,81491.01646286556
44,Population,69,Singapore,3,Both,31,85-89 years,1,Number,2023,47853.5363440036,52077.02056723032,43710.2982747146
44,Population,69,Singapore,3,Both,32,90-94 years,1,Number,2023,25073.94818841683,27286.938756689695,22903.004416679334
44,Population,33,Armenia,3,Both,235,95+ years,1,Number,2023,4396.044776762403,4740.191814094576,4045.124772504233
44,Population,34,Azerbaijan,3,Both,1,<5 years,1,Number,2023,631336.5894710898,693989.9128894571,570296.8227917219
44,Population,34,Azerbaijan,3,Both,6,5-9 years,1,Number,2023,812075.7972485161,892665.5308609216,733561.5498301333
44,Population,34,Azerbaijan,3,Both,7,10-14 years,1,Number,2023,900677.9370113962,990060.4740359621,813597.3336608318
44,Population,34,Azerbaijan,3,Both,8,15-19 years,1,Number,2023,756068.5789380718,831100.2023108869,682969.2996920453
44,Population,22,Fiji,3,Both,235,95+ years,1,Number,2023,169.5318976142661,187.86598798281983,152.24009089402108
44,Population,23,Kiribati,3,Both,1,<5 years,1,Number,2023,14931.079013285838,16239.592503340267,13568.56038953234
44,Population,23,Kiribati,3,Both,6,5-9 years,1,Number,2023,14627.281419307159,15909.171029760293,13292.485499269796
44,Population,23,Kiribati,3,Both,7,10-14 years,1,Number,2023,13366.464518129256,14537.86004290969,12146.723009596208
44,Population,23,Kiribati,3,Both,8,15-19 years,1,Number,2023,12240.4404107737,13313.15467257975,11123.452950739234
44,Population,23,Kiribati,3,Both,9,20-24 years,1,Number,2023,11905.86846433585,12949.261877667519,10819.41198652989
44,Population,23,Kiribati,3,Both,10,25-29 years,1,Number,2023,10856.63338500431,11808.075087791682,9865.9236603307
44,Population,23,Kiribati,3,Both,11,30-34 years,1,Number,2023,10161.982844295891,11052.54752656909,9234.66266420064
44,Population,23,Kiribati,3,Both,12,35-39 years,1,Number,2023,8999.818363191764,9788.534552142157,8178.55018027369
44,Population,23,Kiribati,3,Both,13,40-44 years,1,Number,2023,6686.121979778773,7272.072988336501,6075.987527336988
44,Population,23,Kiribati,3,Both,14,45-49 years,1,Number,2023,5295.702331162643,5759.801270929358,4812.4490414544125
44,Population,23,Kiribati,3,Both,15,50-54 years,1,Number,2023,5154.526523134922,5606.253252620704,4684.156071129851
44,Population,24,Marshall Islands,3,Both,12,35-39 years,1,Number,2023,2815.60718809328,3032.789853569014,2603.6230957745993
44,Population,24,Marshall Islands,3,Both,13,40-44 years,1,Number,2023,2732.1357357497777,2942.87980688332,2526.4361209442914
44,Population,24,Marshall Islands,3,Both,14,45-49 years,1,Number,2023,2333.495712350729,2513.49057130253,2157.809284000904
44,Population,24,Marshall Islands,3,Both,15,50-54 years,1,Number,2023,1907.5490888140614,2054.6884331751617,1763.9317320124494
44,Population,24,Marshall Islands,3,Both,16,55-59 years,1,Number,2023,1500.6669354681862,1616.421308597555,1387.6833063834388
44,Population,24,Marshall Islands,3,Both,17,60-64 years,1,Number,2023,1131.4910041343762,1218.76888624766,1046.302241123507
44,Population,24,Marshall Islands,3,Both,18,65-69 years,1,Number,2023,801.8605454819067,863.7122879209935,741.4893116610216
44,Population,24,Marshall Islands,3,Both,19,70-74 years,1,Number,2023,517.0707926995555,556.9551961323328,478.1410786689758
44,Population,24,Marshall Islands,3,Both,20,75-79 years,1,Number,2023,257.5163579482974,277.3799558462303,238.12822325829825
44,Population,24,Marshall Islands,3,Both,30,80-84 years,1,Number,2023,82.1486527731366,88.48521259226125,75.96376744291103
44,Population,24,Marshall Islands,3,Both,31,85-89 years,1,Number,2023,22.391652093094507,24.118838579387297,20.705808249342727
44,Population,24,Marshall Islands,3,Both,32,90-94 years,1,Number,2023,5.090310115795002,5.482952641968942,4.7070660418060655
44,Population,72,New Zealand,3,Both,235,95+ years,1,Number,2023,8482.694616500781,9081.713221254226,7899.741824363682
44,Population,74,Andorra,3,Both,7,10-14 years,1,Number,2023,4263.339402179163,4324.76239231225,4202.351922329168
44,Population,74,Andorra,3,Both,8,15-19 years,1,Number,2023,4421.32385673054,4485.022968156747,4358.07639407607
44,Population,74,Andorra,3,Both,9,20-24 years,1,Number,2023,4912.946982479881,4983.729030438579,4842.666803767172
44,Population,126,Costa Rica,3,Both,6,5-9 years,1,Number,2023,370081.3520953599,397529.0917596257,344357.7968105228
44,Population,126,Costa Rica,3,Both,7,10-14 years,1,Number,2023,392432.9597204489,421538.445995555,365155.7924765288
44,Population,126,Costa Rica,3,Both,8,15-19 years,1,Number,2023,390661.5553379407,419635.66226616554,363507.5145858237
44,Population,126,Costa Rica,3,Both,9,20-24 years,1,Number,2023,406818.0268326844,436990.4071161325,378540.98465034185
44,Population,126,Costa Rica,3,Both,10,25-29 years,1,Number,2023,437609.27013298555,470065.33757132693,407191.99514820735
44,Population,126,Costa Rica,3,Both,11,30-34 years,1,Number,2023,447172.86212205235,480338.2303173352,416090.8425186667
44,Population,126,Costa Rica,3,Both,12,35-39 years,1,Number,2023,437863.3472607318,470338.2587797531,407428.4119236955
44,Population,126,Costa Rica,3,Both,13,40-44 years,1,Number,2023,374561.61641982215,402341.64283160627,348526.6476406589
44,Population,126,Costa Rica,3,Both,14,45-49 years,1,Number,2023,309180.44483864104,332111.3607336582,287689.9800509206
44,Population,126,Costa Rica,3,Both,15,50-54 years,1,Number,2023,282599.9944459845,303559.5241082023,262957.0793424081
44,Population,126,Costa Rica,3,Both,16,55-59 years,1,Number,2023,280119.46598675277,300895.02285760106,260648.96705760772
44,Population,126,Costa Rica,3,Both,17,60-64 years,1,Number,2023,248177.32164182715,266583.8327411608,230927.05216039874
44,Population,126,Costa Rica,3,Both,18,65-69 years,1,Number,2023,196101.89285034,210646.13743913232,182471.27392389084
44,Population,126,Costa Rica,3,Both,19,70-74 years,1,Number,2023,138941.0022664442,149245.80805389947,129283.51335786874
44,Population,126,Costa Rica,3,Both,20,75-79 years,1,Number,2023,94389.93467899917,101390.53154595142,87829.09423324291
44,Population,126,Costa Rica,3,Both,30,80-84 years,1,Number,2023,59133.23654398317,63518.957880589405,55023.013019349746
44,Population,126,Costa Rica,3,Both,31,85-89 years,1,Number,2023,33568.30769492279,36057.96075461762,31235.047145803663
44,Population,126,Costa Rica,3,Both,32,90-94 years,1,Number,2023,16552.782038284866,17780.448467662558,15402.233918340788
44,Population,26,Papua New Guinea,3,Both,235,95+ years,1,Number,2023,834.6578778281623,952.8275023120574,716.0785580626533
44,Population,28,Solomon Islands,3,Both,1,<5 years,1,Number,2023,112933.20832401224,123538.63634980812,102120.53895448118
44,Population,28,Solomon Islands,3,Both,6,5-9 years,1,Number,2023,102133.17645136088,111724.38587483841,92354.54459437738
44,Population,28,Solomon Islands,3,Both,7,10-14 years,1,Number,2023,96970.53944915137,106076.93155482848,87686.19875601793
44,Population,28,Solomon Islands,3,Both,8,15-19 years,1,Number,2023,91662.69986149942,100270.63884116767,82886.55259862015
44,Population,28,Solomon Islands,3,Both,9,20-24 years,1,Number,2023,79676.23991457674,87158.544192657,72047.72345259844
44,Population,28,Solomon Islands,3,Both,10,25-29 years,1,Number,2023,66940.61710791083,73226.9336597568,60531.45924441005
44,Population,28,Solomon Islands,3,Both,11,30-34 years,1,Number,2023,60031.11313952063,65668.5661009471,54283.49835113837
44,Population,28,Solomon Islands,3,Both,12,35-39 years,1,Number,2023,56061.815464685315,61326.51623543065,50694.23684125558
44,Population,28,Solomon Islands,3,Both,13,40-44 years,1,Number,2023,47126.71344889334,51552.32904054987,42614.616621416855
44,Population,28,Solomon Islands,3,Both,14,45-49 years,1,Number,2023,40862.46643200655,44699.813773258,36950.133242240045
44,Population,28,Solomon Islands,3,Both,15,50-54 years,1,Number,2023,33407.797283180094,36545.08519738355,30209.20342626105
44,Population,28,Solomon Islands,3,Both,16,55-59 years,1,Number,2023,23782.688333619848,26016.093309227104,21505.64024930223
44,Population,28,Solomon Islands,3,Both,17,60-64 years,1,Number,2023,17550.045726997894,19198.1503861084,15869.735349896602
44,Population,28,Solomon Islands,3,Both,18,65-69 years,1,Number,2023,12516.382218544639,13691.7813126825,11318.01457593313
44,Population,28,Solomon Islands,3,Both,19,70-74 years,1,Number,2023,8805.573668458208,9632.494989056344,7962.493425728195
44,Population,28,Solomon Islands,3,Both,20,75-79 years,1,Number,2023,5341.679270273443,5843.310242053118,4830.245895762077
44,Population,10,Cambodia,3,Both,235,95+ years,1,Number,2023,4737.862888628883,5200.810085453916,4289.612287158443
44,Population,11,Indonesia,3,Both,1,<5 years,1,Number,2023,21804804.678087357,23686387.854537565,20035884.033950206
44,Population,11,Indonesia,3,Both,6,5-9 years,1,Number,2023,22494989.933386244,24436130.669932805,20670077.824780516
44,Population,11,Indonesia,3,Both,7,10-14 years,1,Number,2023,22683233.19158142,24640617.841014586,20843049.798024643
44,Population,11,Indonesia,3,Both,8,15-19 years,1,Number,2023,22955611.049818788,24936499.766509745,21093330.929253668
44,Population,11,Indonesia,3,Both,9,20-24 years,1,Number,2023,23719654.070509315,25766473.691651817,21795390.75439342
44,Population,11,Indonesia,3,Both,10,25-29 years,1,Number,2023,24067193.454853103,26144002.99190585,22114735.912708007
44,Population,11,Indonesia,3,Both,11,30-34 years,1,Number,2023,23338508.55941152,25352438.320174683,21445165.775396448
44,Population,11,Indonesia,3,Both,12,35-39 years,1,Number,2023,22219900.287161916,24137302.950472187,20417304.900094338
44,Population,11,Indonesia,3,Both,13,40-44 years,1,Number,2023,21284273.764070112,23120939.2159593,19557581.330334768
44,Population,11,Indonesia,3,Both,14,45-49 years,1,Number,2023,19597630.488593757,21288751.88912997,18007767.444221552
44,Population,11,Indonesia,3,Both,15,50-54 years,1,Number,2023,17271070.9930917,18761428.604620147,15869950.713544294
44,Population,12,Lao People's Democratic Republic,3,Both,12,35-39 years,1,Number,2023,566107.2882485929,632824.8370220718,496721.47627369495
44,Population,12,Lao People's Democratic Republic,3,Both,13,40-44 years,1,Number,2023,462331.095595823,516818.28920772584,405664.772559414
44,Population,12,Lao People's Democratic Republic,3,Both,14,45-49 years,1,Number,2023,381488.5599069807,426448.20294719114,334730.8268098285
44,Population,12,Lao People's Democratic Republic,3,Both,15,50-54 years,1,Number,2023,320772.9538782504,358577.06917553884,281456.92257738643
44,Population,12,Lao People's Democratic Republic,3,Both,16,55-59 years,1,Number,2023,261494.97831050848,292312.9951981308,229444.44341355196
44,Population,12,Lao People's Democratic Republic,3,Both,17,60-64 years,1,Number,2023,207576.38425300288,232039.92292862703,182134.4649080547
44,Population,12,Lao People's Democratic Republic,3,Both,18,65-69 years,1,Number,2023,147289.61747125376,164648.16847643044,129236.8385795832
44,Population,12,Lao People's Democratic Republic,3,Both,19,70-74 years,1,Number,2023,97847.54306157106,109379.18796720734,85854.70819438496
44,Population,12,Lao People's Democratic Republic,3,Both,20,75-79 years,1,Number,2023,56023.54088855974,62626.09379555241,49156.92928515177
44,Population,12,Lao People's Democratic Republic,3,Both,30,80-84 years,1,Number,2023,36156.33102175245,40417.4699056499,31724.774604701284
44,Population,34,Azerbaijan,3,Both,9,20-24 years,1,Number,2023,663336.1576718834,729165.0918962265,599202.5640080009
44,Population,34,Azerbaijan,3,Both,10,25-29 years,1,Number,2023,798222.7275666649,877437.6939477884,721047.8419962651
44,Population,34,Azerbaijan,3,Both,11,30-34 years,1,Number,2023,955228.5246321219,1050024.6170657391,862873.785113747
44,Population,34,Azerbaijan,3,Both,12,35-39 years,1,Number,2023,913605.2881865834,1004270.724899888,825274.8245987457
44,Population,34,Azerbaijan,3,Both,13,40-44 years,1,Number,2023,766622.3400529935,842701.3099909225,692502.6873219069
44,Population,34,Azerbaijan,3,Both,14,45-49 years,1,Number,2023,621851.7079578565,683563.7595428718,561728.9718517271
44,Population,34,Azerbaijan,3,Both,15,50-54 years,1,Number,2023,602882.2739639423,662711.8145351739,544593.5671923051
44,Population,34,Azerbaijan,3,Both,16,55-59 years,1,Number,2023,616894.6544839435,678114.7721628892,557251.1831511711
44,Population,34,Azerbaijan,3,Both,17,60-64 years,1,Number,2023,600373.626150163,659954.2105774918,542327.4639732596
44,Population,34,Azerbaijan,3,Both,18,65-69 years,1,Number,2023,408489.7971702051,449027.98836968734,368995.61557832157
44,Population,34,Azerbaijan,3,Both,19,70-74 years,1,Number,2023,241753.78099803373,265745.227210857,218380.2039995304
44,Population,35,Georgia,3,Both,17,60-64 years,1,Number,2023,244539.42866898054,276899.9143823046,214610.48375756893
44,Population,35,Georgia,3,Both,18,65-69 years,1,Number,2023,208153.06096933954,235698.4518796987,182677.40852015518
44,Population,35,Georgia,3,Both,19,70-74 years,1,Number,2023,158960.44930277576,179996.06460884248,139505.4331682775
44,Population,35,Georgia,3,Both,20,75-79 years,1,Number,2023,89653.50121433716,101517.56281367647,78680.89563672614
44,Population,35,Georgia,3,Both,30,80-84 years,1,Number,2023,79093.83001257422,89560.50514167437,69413.61241264179
44,Population,35,Georgia,3,Both,31,85-89 years,1,Number,2023,42765.52596093901,48424.789988070916,37531.49446933423
44,Population,35,Georgia,3,Both,32,90-94 years,1,Number,2023,12919.468112423476,14629.132134914325,11338.266865957536
44,Population,189,United Republic of Tanzania,3,Both,235,95+ years,1,Number,2023,29727.00429482959,32060.847034879873,27477.086002716274
44,Population,28,Solomon Islands,3,Both,30,80-84 years,1,Number,2023,2821.15660105686,3086.0881807580786,2551.047976502607
44,Population,28,Solomon Islands,3,Both,31,85-89 years,1,Number,2023,879.8502474913612,962.4759747838734,795.6099256054438
44,Population,28,Solomon Islands,3,Both,32,90-94 years,1,Number,2023,215.53802153150576,235.77894984744023,194.90156394768707
44,Population,190,Uganda,3,Both,1,<5 years,1,Number,2023,7506677.158062343,8457103.825377097,6591269.46037457
44,Population,190,Uganda,3,Both,6,5-9 years,1,Number,2023,6786232.02031548,7645442.526759849,5958679.576153149
44,Population,190,Uganda,3,Both,7,10-14 years,1,Number,2023,6144844.095240116,6922847.940568042,5395506.210123712
44,Population,190,Uganda,3,Both,8,15-19 years,1,Number,2023,5377672.360621359,6058543.951605742,4721887.8409329895
44,Population,190,Uganda,3,Both,9,20-24 years,1,Number,2023,4407554.705779281,4965598.889885711,3870071.9526656824
44,Population,190,Uganda,3,Both,10,25-29 years,1,Number,2023,3523191.6161320023,3969265.8505134853,3093553.2211502274
44,Population,190,Uganda,3,Both,11,30-34 years,1,Number,2023,2806117.1772163142,3161402.017722871,2463922.993218564
44,Population,190,Uganda,3,Both,12,35-39 years,1,Number,2023,2186019.942932243,2462793.754473244,1919444.0078116108
44,Population,190,Uganda,3,Both,13,40-44 years,1,Number,2023,1726869.6410683806,1945510.0492395107,1516285.1535445617
44,Population,190,Uganda,3,Both,14,45-49 years,1,Number,2023,1376045.8718684851,1550268.189484416,1208242.8670293859
44,Population,190,Uganda,3,Both,15,50-54 years,1,Number,2023,1089960.6299279218,1227961.4560183415,957044.5167391434
44,Population,190,Uganda,3,Both,16,55-59 years,1,Number,2023,845933.9551958564,953038.3600977877,742775.868333142
44,Population,190,Uganda,3,Both,17,60-64 years,1,Number,2023,638882.2852157772,719771.7051759667,560973.2784091175
44,Population,190,Uganda,3,Both,18,65-69 years,1,Number,2023,444502.7675262145,500781.63433459797,390297.525117462
44,Population,190,Uganda,3,Both,19,70-74 years,1,Number,2023,307365.4575209105,346281.25492209767,269883.533109685
44,Population,190,Uganda,3,Both,20,75-79 years,1,Number,2023,206118.73717391657,232215.60271354212,180983.4243485826
44,Population,190,Uganda,3,Both,30,80-84 years,1,Number,2023,128081.05646895134,144297.5060488025,112462.11048913989
44,Population,190,Uganda,3,Both,31,85-89 years,1,Number,2023,65306.625942300685,73575.1524209236,57342.75766359224
44,Population,191,Zambia,3,Both,30,80-84 years,1,Number,2023,40298.604111211185,43310.86235381798,37222.4417123213
44,Population,191,Zambia,3,Both,31,85-89 years,1,Number,2023,16212.976203505134,17424.871063967792,14975.371356605636
44,Population,191,Zambia,3,Both,32,90-94 years,1,Number,2023,4988.601758691816,5361.492013779378,4607.800748543315
44,Population,187,Somalia,3,Both,30,80-84 years,1,Number,2023,66930.57623684441,85191.9716171098,47505.0038669393
44,Population,187,Somalia,3,Both,31,85-89 years,1,Number,2023,31698.216922191634,40346.78540331744,22498.296027441906
44,Population,187,Somalia,3,Both,32,90-94 years,1,Number,2023,12786.396190341398,16275.047408497296,9075.340966988571
44,Population,74,Andorra,3,Both,10,25-29 years,1,Number,2023,5895.993454518085,5980.938497269434,5811.650701553278
44,Population,74,Andorra,3,Both,11,30-34 years,1,Number,2023,6738.014805560804,6835.091059144327,6641.626856252085
44,Population,74,Andorra,3,Both,12,35-39 years,1,Number,2023,6680.714983774618,6776.965704587657,6585.146713922995
44,Population,74,Andorra,3,Both,13,40-44 years,1,Number,2023,7546.295951635077,7655.017312533936,7438.345462856915
44,Population,74,Andorra,3,Both,14,45-49 years,1,Number,2023,8136.679756701037,8253.906923779616,8020.2837708562265
44,Population,74,Andorra,3,Both,15,50-54 years,1,Number,2023,7868.604407090233,7981.969345994894,7756.043264883326
44,Population,74,Andorra,3,Both,16,55-59 years,1,Number,2023,7307.169370206361,7412.4455750277675,7202.639610155314
44,Population,74,Andorra,3,Both,17,60-64 years,1,Number,2023,6102.406669301027,6190.3255585278575,6015.111155462688
44,Population,74,Andorra,3,Both,18,65-69 years,1,Number,2023,4438.1695662976945,4502.111378047501,4374.681124149014
44,Population,74,Andorra,3,Both,19,70-74 years,1,Number,2023,3351.440742881592,3399.725782439181,3303.4980609852205
44,Population,74,Andorra,3,Both,20,75-79 years,1,Number,2023,2698.1578289317217,2737.0308592185625,2659.5604218991107
44,Population,74,Andorra,3,Both,30,80-84 years,1,Number,2023,1738.0415583478746,1763.0819549521732,1713.1787068319913
44,Population,74,Andorra,3,Both,31,85-89 years,1,Number,2023,1119.441543773011,1135.5696162559557,1103.4278249123436
44,Population,74,Andorra,3,Both,32,90-94 years,1,Number,2023,721.0247782010744,731.4127613427685,710.7104494592884
44,Population,129,Honduras,3,Both,235,95+ years,1,Number,2023,1309.7769324755222,1481.753862642888,1144.905669600914
44,Population,37,Kyrgyzstan,3,Both,235,95+ years,1,Number,2023,1402.1566069889946,1505.1622440329945,1298.830421351447
44,Population,38,Mongolia,3,Both,1,<5 years,1,Number,2023,382299.73215818475,414774.01591525483,348520.42028842226
44,Population,130,Mexico,3,Both,1,<5 years,1,Number,2023,9191611.840562576,10019652.668980243,8388367.744488657
44,Population,130,Mexico,3,Both,6,5-9 years,1,Number,2023,10397218.537531374,11333868.343941178,9488617.896998754
44,Population,130,Mexico,3,Both,7,10-14 years,1,Number,2023,11331709.764509967,12352544.6848213,10341445.040036058
44,Population,130,Mexico,3,Both,8,15-19 years,1,Number,2023,11126792.663445964,12129167.303986432,10154435.40226243
44,Population,130,Mexico,3,Both,9,20-24 years,1,Number,2023,10975933.498994458,11964717.754119001,10016759.641906556
44,Population,130,Mexico,3,Both,10,25-29 years,1,Number,2023,10502302.829352811,11448419.319687355,9584518.996746829
44,Population,130,Mexico,3,Both,11,30-34 years,1,Number,2023,10091119.24016782,11000193.609302476,9209268.25548279
44,Population,130,Mexico,3,Both,12,35-39 years,1,Number,2023,9665421.898676384,10536146.65237708,8820772.101573968
44,Population,130,Mexico,3,Both,13,40-44 years,1,Number,2023,9038409.082696524,9852648.399394618,8248553.194577067
44,Population,130,Mexico,3,Both,14,45-49 years,1,Number,2023,8471792.893957667,9234987.698936101,7731452.924943488
44,Population,130,Mexico,3,Both,15,50-54 years,1,Number,2023,7579627.619136452,8262450.310272096,6917252.919125456
44,Population,130,Mexico,3,Both,16,55-59 years,1,Number,2023,6536345.882382693,7125182.895210827,5965142.340393302
44,Population,130,Mexico,3,Both,17,60-64 years,1,Number,2023,5303279.852727068,5781034.170332594,4839832.493828364
44,Population,130,Mexico,3,Both,18,65-69 years,1,Number,2023,4170380.4572893134,4546075.748666994,3805935.837694209
44,Population,130,Mexico,3,Both,19,70-74 years,1,Number,2023,3017879.7397895125,3289750.188971498,2754150.7958681113
44,Population,130,Mexico,3,Both,20,75-79 years,1,Number,2023,2092111.643667455,2280582.815929079,1909284.4795908078
44,Population,131,Nicaragua,3,Both,20,75-79 years,1,Number,2023,71800.99545783669,84935.94238017547,59540.98249968862
44,Population,131,Nicaragua,3,Both,30,80-84 years,1,Number,2023,44339.01485875871,52450.192190562986,36768.132404362725
44,Population,131,Nicaragua,3,Both,31,85-89 years,1,Number,2023,22682.452671320545,26831.877202366366,18809.426094185277
44,Population,131,Nicaragua,3,Both,32,90-94 years,1,Number,2023,6867.0929271064515,8123.327614845263,5694.537480844277
44,Population,186,Seychelles,3,Both,30,80-84 years,1,Number,2023,1071.8404586189608,1150.6333178449195,993.434407311131
44,Population,186,Seychelles,3,Both,31,85-89 years,1,Number,2023,595.1832400037669,638.936196767212,551.6450741526443
44,Population,186,Seychelles,3,Both,32,90-94 years,1,Number,2023,276.0276892324471,296.3189654996089,255.8360263871889
44,Population,127,El Salvador,3,Both,235,95+ years,1,Number,2023,3121.2560765457865,3628.880375341697,2597.5594350728857
44,Population,128,Guatemala,3,Both,1,<5 years,1,Number,2023,1703055.0565649353,1867310.3787106858,1533492.6259381373
44,Population,128,Guatemala,3,Both,6,5-9 years,1,Number,2023,1811474.8175343454,1986186.9494563548,1631117.716396408
44,Population,128,Guatemala,3,Both,7,10-14 years,1,Number,2023,1684022.2821649946,1846441.9417005796,1516354.8246198862
44,Population,128,Guatemala,3,Both,8,15-19 years,1,Number,2023,1639054.136360962,1797136.7327776148,1475863.872946436
44,Population,128,Guatemala,3,Both,9,20-24 years,1,Number,2023,1648805.3390860362,1807828.414167041,1484644.2100325967
44,Population,128,Guatemala,3,Both,10,25-29 years,1,Number,2023,1457403.8893187884,1597966.7821117966,1312299.3931809561
44,Population,128,Guatemala,3,Both,11,30-34 years,1,Number,2023,1221616.42297313,1339438.2152402082,1099987.7949528825
44,Population,128,Guatemala,3,Both,12,35-39 years,1,Number,2023,1026777.2453264011,1125807.295208164,924547.5230642225
44,Population,128,Guatemala,3,Both,13,40-44 years,1,Number,2023,946029.5267392844,1037271.6648457153,851839.3445838223
44,Population,128,Guatemala,3,Both,14,45-49 years,1,Number,2023,782699.2702091231,858188.6211117031,704770.8496364091
44,Population,128,Guatemala,3,Both,15,50-54 years,1,Number,2023,625988.585950878,686363.5905337108,563662.8579779047
44,Population,71,Australia,3,Both,1,<5 years,1,Number,2023,1502490.7867165166,1620288.0256564794,1375763.5426659707
44,Population,71,Australia,3,Both,6,5-9 years,1,Number,2023,1652675.7829806232,1782247.721670182,1513281.2195411285
44,Population,71,Australia,3,Both,7,10-14 years,1,Number,2023,1690288.7325396694,1822809.575572346,1547721.7134150073
44,Population,71,Australia,3,Both,8,15-19 years,1,Number,2023,1598268.5268859167,1723574.86567768,1463462.931100794
44,Population,71,Australia,3,Both,9,20-24 years,1,Number,2023,1625614.3353201498,1753064.6211887358,1488502.263535412
44,Population,71,Australia,3,Both,10,25-29 years,1,Number,2023,1843426.8932008538,1987953.9679267406,1687943.470707109
44,Population,71,Australia,3,Both,11,30-34 years,1,Number,2023,1973061.9781554975,2127752.612759696,1806644.513873408
44,Population,71,Australia,3,Both,12,35-39 years,1,Number,2023,1960017.7243551193,2113685.672434181,1794700.474696263
44,Population,71,Australia,3,Both,13,40-44 years,1,Number,2023,1828426.5395535931,1971777.5669729724,1674208.3184802542
44,Population,71,Australia,3,Both,14,45-49 years,1,Number,2023,1662275.7039853402,1792600.2890128295,1522071.4373897351
44,Population,71,Australia,3,Both,15,50-54 years,1,Number,2023,1728067.7965395558,1863550.5675043485,1582314.3108449539
44,Population,71,Australia,3,Both,16,55-59 years,1,Number,2023,1564899.2958486457,1687589.4433688938,1432908.2202741131
44,Population,71,Australia,3,Both,17,60-64 years,1,Number,2023,1561205.6497024642,1683606.2105433873,1429526.1138729618
44,Population,72,New Zealand,3,Both,14,45-49 years,1,Number,2023,309529.25677722855,331387.14414763957,288257.6028224337
44,Population,72,New Zealand,3,Both,15,50-54 years,1,Number,2023,329006.8183811185,352240.14389983506,306396.61583600624
44,Population,72,New Zealand,3,Both,16,55-59 years,1,Number,2023,308598.22158822865,330390.36246827256,287390.55078826164
44,Population,72,New Zealand,3,Both,17,60-64 years,1,Number,2023,300286.3859477808,321491.5736940179,279649.9260676267
44,Population,72,New Zealand,3,Both,18,65-69 years,1,Number,2023,256028.53709861898,274108.3883727116,238433.5914691858
44,Population,72,New Zealand,3,Both,19,70-74 years,1,Number,2023,216514.16498860985,231803.64773959157,201634.74957598612
44,Population,72,New Zealand,3,Both,20,75-79 years,1,Number,2023,165813.98310143314,177523.19406522537,154418.81578793292
44,Population,193,Botswana,3,Both,235,95+ years,1,Number,2023,3863.9967817168817,4139.564348484725,3573.3347522586932
44,Population,33,Armenia,3,Both,30,80-84 years,1,Number,2023,51249.51709537754,55261.61669143042,47158.45759288898
44,Population,33,Armenia,3,Both,31,85-89 years,1,Number,2023,33891.9313984736,36545.18184803797,31186.46379870335
44,Population,33,Armenia,3,Both,32,90-94 years,1,Number,2023,14758.94330832366,15914.356155927517,13580.791421431963
44,Population,128,Guatemala,3,Both,16,55-59 years,1,Number,2023,524038.2045269023,574580.3545116846,471863.0318227916
44,Population,128,Guatemala,3,Both,17,60-64 years,1,Number,2023,438690.07036612555,481000.61021177756,395012.4720780487
44,Population,128,Guatemala,3,Both,18,65-69 years,1,Number,2023,348752.6337357368,382388.9369090384,314029.5377114633
44,Population,128,Guatemala,3,Both,19,70-74 years,1,Number,2023,267567.3607913882,293373.5511861507,240927.36939633885
44,Population,128,Guatemala,3,Both,20,75-79 years,1,Number,2023,176352.6833996003,193361.4505039916,158794.36106026953
44,Population,128,Guatemala,3,Both,30,80-84 years,1,Number,2023,108354.10498442792,118804.58240817589,97565.97142484193
44,Population,128,Guatemala,3,Both,31,85-89 years,1,Number,2023,44956.98244742886,49292.968889052005,40480.89978172341
44,Population,128,Guatemala,3,Both,32,90-94 years,1,Number,2023,13398.932442345205,14691.225346348949,12064.8854049518
44,Population,129,Honduras,3,Both,30,80-84 years,1,Number,2023,66924.96948677576,75712.38245649947,58500.63098794856
44,Population,129,Honduras,3,Both,31,85-89 years,1,Number,2023,31926.590338870214,36118.63011377486,27907.755422835256
44,Population,129,Honduras,3,Both,32,90-94 years,1,Number,2023,8175.944043670318,9249.465589963742,7146.777789288108
44,Population,72,New Zealand,3,Both,30,80-84 years,1,Number,2023,109057.86214859954,116759.15181834322,101563.12278590225
44,Population,72,New Zealand,3,Both,31,85-89 years,1,Number,2023,58328.38007917245,62447.32888402376,54319.90240017592
44,Population,72,New Zealand,3,Both,32,90-94 years,1,Number,2023,28400.59877996157,30406.151004161864,26448.835913839
44,Population,77,Cyprus,3,Both,235,95+ years,1,Number,2023,567.6836353065976,647.7725623821758,490.42195288641705
44,Population,78,Denmark,3,Both,1,<5 years,1,Number,2023,305844.67716253124,310599.2134000191,300968.51828052447
44,Population,78,Denmark,3,Both,6,5-9 years,1,Number,2023,305342.5619946214,310089.29255511216,300474.4084614685
44,Population,39,Tajikistan,3,Both,6,5-9 years,1,Number,2023,1366673.5637573546,1495318.3483898863,1253558.2492331418
44,Population,39,Tajikistan,3,Both,7,10-14 years,1,Number,2023,1198195.2048254937,1310981.145931087,1099024.3193635556
44,Population,39,Tajikistan,3,Both,8,15-19 years,1,Number,2023,923938.2071529473,1010908.3767859802,847466.7192464187
44,Population,39,Tajikistan,3,Both,9,20-24 years,1,Number,2023,930399.8029987495,1017978.2017129688,853393.5089279626
44,Population,39,Tajikistan,3,Both,10,25-29 years,1,Number,2023,845572.6219174942,925166.2503613486,775587.2094402817
44,Population,39,Tajikistan,3,Both,11,30-34 years,1,Number,2023,827135.2461699694,904993.367104841,758675.8378622885
44,Population,39,Tajikistan,3,Both,12,35-39 years,1,Number,2023,749987.7703260491,820584.0105323588,687913.6183270089
44,Population,39,Tajikistan,3,Both,13,40-44 years,1,Number,2023,566899.8573561836,620262.0588297371,519979.3217073642
44,Population,39,Tajikistan,3,Both,14,45-49 years,1,Number,2023,460817.4030772248,504194.0784925381,422676.9817874444
44,Population,39,Tajikistan,3,Both,15,50-54 years,1,Number,2023,410200.71276205865,448812.84644839907,376249.67728979094
44,Population,39,Tajikistan,3,Both,16,55-59 years,1,Number,2023,358157.004719777,391870.27170515404,328513.4648780124
44,Population,39,Tajikistan,3,Both,17,60-64 years,1,Number,2023,305789.74820585514,334573.69291949034,280480.4830939368
44,Population,39,Tajikistan,3,Both,18,65-69 years,1,Number,2023,187132.94779273914,204747.74506756366,171644.53650802583
44,Population,39,Tajikistan,3,Both,19,70-74 years,1,Number,2023,106643.45570185005,116681.78874278184,97816.90900221298
44,Population,39,Tajikistan,3,Both,20,75-79 years,1,Number,2023,42623.905929325614,46636.0880215878,39096.0579828191
44,Population,39,Tajikistan,3,Both,30,80-84 years,1,Number,2023,30315.60230303074,33169.20555745888,27806.47431487343
44,Population,39,Tajikistan,3,Both,31,85-89 years,1,Number,2023,16449.231608688577,17997.595397809244,15087.77993768166
44,Population,39,Tajikistan,3,Both,32,90-94 years,1,Number,2023,7784.602936544914,8517.36648358269,7140.295595739626
44,Population,191,Zambia,3,Both,235,95+ years,1,Number,2023,1325.5622502215656,1424.6459753873085,1224.3764935073511
44,Population,78,Denmark,3,Both,7,10-14 years,1,Number,2023,328231.13546934567,333333.6824299111,322998.06363229855
44,Population,78,Denmark,3,Both,8,15-19 years,1,Number,2023,346595.3321337313,351983.36138329125,341069.4752742121
44,Population,78,Denmark,3,Both,9,20-24 years,1,Number,2023,372385.177672121,378174.12531041703,366448.14679592685
44,Population,78,Denmark,3,Both,10,25-29 years,1,Number,2023,407222.1253472033,413552.6339231011,400729.68022151536
44,Population,78,Denmark,3,Both,11,30-34 years,1,Number,2023,393058.73643741844,399169.06676322565,386792.1017959034
44,Population,78,Denmark,3,Both,12,35-39 years,1,Number,2023,343436.34677065874,348775.26772602915,337960.8544120987
44,Population,78,Denmark,3,Both,13,40-44 years,1,Number,2023,343639.29828792234,348981.37424455764,338160.5702220984
44,Population,78,Denmark,3,Both,14,45-49 years,1,Number,2023,380955.2647516821,386877.4394579011,374881.5988141219
44,Population,78,Denmark,3,Both,15,50-54 years,1,Number,2023,390410.4629645005,396479.62431424245,384186.0504153781
44,Population,78,Denmark,3,Both,16,55-59 years,1,Number,2023,419639.04156660143,426162.5784425851,412948.63041164645
44,Population,78,Denmark,3,Both,17,60-64 years,1,Number,2023,357383.5461615637,362939.28457320225,351685.69008289557
44,Population,78,Denmark,3,Both,18,65-69 years,1,Number,2023,324695.7436086658,329743.33081360866,319519.0374163726
44,Population,78,Denmark,3,Both,19,70-74 years,1,Number,2023,298495.6067436311,303135.89733871416,293736.61594618956
44,Population,78,Denmark,3,Both,20,75-79 years,1,Number,2023,284774.30005478754,289201.28482914146,280234.07151309063
44,Population,78,Denmark,3,Both,30,80-84 years,1,Number,2023,169149.60039486366,171779.13088758034,166452.80562306842
44,Population,78,Denmark,3,Both,31,85-89 years,1,Number,2023,89132.26858025156,90517.88236573881,87711.21032563939
44,Population,78,Denmark,3,Both,32,90-94 years,1,Number,2023,37505.31669039537,38088.35900114377,36907.35996020463
44,Population,187,Somalia,3,Both,235,95+ years,1,Number,2023,5905.256097078307,7516.451196144349,4191.346160449521
44,Population,189,United Republic of Tanzania,3,Both,1,<5 years,1,Number,2023,9874343.113827927,10649569.697724948,9126993.499515504
44,Population,189,United Republic of Tanzania,3,Both,6,5-9 years,1,Number,2023,9310904.964623343,10041896.48127488,8606199.734716328
44,Population,189,United Republic of Tanzania,3,Both,7,10-14 years,1,Number,2023,8353990.8659992395,9009855.841147434,7721710.644449016
44,Population,189,United Republic of Tanzania,3,Both,8,15-19 years,1,Number,2023,7039904.780551349,7592601.934283476,6507082.489297017
44,Population,189,United Republic of Tanzania,3,Both,9,20-24 years,1,Number,2023,5947118.129180692,6414021.498667669,5497004.497430397
44,Population,189,United Republic of Tanzania,3,Both,10,25-29 years,1,Number,2023,5105862.383585973,5506719.454061135,4719420.04113166
44,Population,189,United Republic of Tanzania,3,Both,11,30-34 years,1,Number,2023,4228964.772691092,4560977.330525255,3908891.310043683
44,Population,189,United Republic of Tanzania,3,Both,12,35-39 years,1,Number,2023,3478035.1966490997,3751092.8890029397,3214796.596084299
44,Population,193,Botswana,3,Both,19,70-74 years,1,Number,2023,33803.84972081135,36214.62932058388,31261.017488175556
44,Population,193,Botswana,3,Both,20,75-79 years,1,Number,2023,21448.941791438112,22978.609913103952,19835.484714991
44,Population,193,Botswana,3,Both,30,80-84 years,1,Number,2023,15110.20947171784,16187.82001145115,13973.571840090108
44,Population,193,Botswana,3,Both,31,85-89 years,1,Number,2023,10053.180763620534,10770.14061576546,9296.94878716283
44,Population,193,Botswana,3,Both,32,90-94 years,1,Number,2023,5217.768111387763,5589.882205586127,4825.271131143303
44,Population,71,Australia,3,Both,235,95+ years,1,Number,2023,60990.03496895209,65771.7333232528,55845.844325991435
44,Population,72,New Zealand,3,Both,1,<5 years,1,Number,2023,298054.2996019968,319101.8651174466,277571.2344892359
44,Population,72,New Zealand,3,Both,6,5-9 years,1,Number,2023,322088.0384060636,344832.7835721183,299953.31237955607
44,Population,72,New Zealand,3,Both,7,10-14 years,1,Number,2023,346722.8570074897,371207.22800402937,322895.1623033692
44,Population,72,New Zealand,3,Both,8,15-19 years,1,Number,2023,330444.4763108018,353779.32426856464,307735.4741811074
44,Population,72,New Zealand,3,Both,9,20-24 years,1,Number,2023,321525.6548394771,344230.6864198585,299429.5772714152
44,Population,72,New Zealand,3,Both,10,25-29 years,1,Number,2023,345562.8468115245,369965.30189331045,321814.871019049
44,Population,72,New Zealand,3,Both,11,30-34 years,1,Number,2023,384732.4484198221,411900.92552231235,358292.63593431783
44,Population,72,New Zealand,3,Both,12,35-39 years,1,Number,2023,355500.7583081887,380604.9943862298,331069.8234423402
44,Population,72,New Zealand,3,Both,13,40-44 years,1,Number,2023,324431.1900964629,347341.40054445504,302135.4366037936
44,Population,133,Venezuela (Bolivarian Republic of),3,Both,235,95+ years,1,Number,2023,4483.066341077094,5127.539942844329,3888.7755640327714
44,Population,435,South Sudan,3,Both,30,80-84 years,1,Number,2023,24487.110997407784,28353.84752648515,20613.09750253783
44,Population,435,South Sudan,3,Both,31,85-89 years,1,Number,2023,11080.833614399644,12830.597566299204,9327.77671188725
44,Population,435,South Sudan,3,Both,32,90-94 years,1,Number,2023,3812.2164573158934,4414.199951155315,3209.1000667147105
44,Population,125,Colombia,3,Both,7,10-14 years,1,Number,2023,3742325.103610511,4108596.436381464,3388805.826321082
44,Population,125,Colombia,3,Both,8,15-19 years,1,Number,2023,4069671.106934479,4467980.665566417,3685229.042523476
44,Population,125,Colombia,3,Both,9,20-24 years,1,Number,2023,4449506.762389041,4884991.84904313,4029183.468344753
44,Population,125,Colombia,3,Both,10,25-29 years,1,Number,2023,4694168.842421059,5153599.658975895,4250733.509919823
44,Population,125,Colombia,3,Both,11,30-34 years,1,Number,2023,4260007.969470128,4676946.304166743,3857585.706059251
44,Population,125,Colombia,3,Both,12,35-39 years,1,Number,2023,3791564.262310149,4162654.762786236,3433393.6008368502
44,Population,125,Colombia,3,Both,13,40-44 years,1,Number,2023,3498088.374714056,3840455.6078336397,3167640.95502559
44,Population,125,Colombia,3,Both,14,45-49 years,1,Number,2023,2975903.6559348255,3267163.2787841614,2694784.490549097
44,Population,125,Colombia,3,Both,15,50-54 years,1,Number,2023,2827280.6710615484,3103994.1662381673,2560201.1972435857
44,Population,125,Colombia,3,Both,16,55-59 years,1,Number,2023,2706638.497081576,2971544.421128311,2450955.5035199327
44,Population,125,Colombia,3,Both,17,60-64 years,1,Number,2023,2328324.911400017,2556204.2764502456,2108379.364932397
44,Population,125,Colombia,3,Both,18,65-69 years,1,Number,2023,1833882.38513477,2013369.3422407801,1660644.4227778444
44,Population,125,Colombia,3,Both,19,70-74 years,1,Number,2023,1342597.9543032157,1474001.5946827643,1215769.2461191986
44,Population,125,Colombia,3,Both,20,75-79 years,1,Number,2023,921058.2616444897,1011204.688721803,834050.3609455702
44,Population,125,Colombia,3,Both,30,80-84 years,1,Number,2023,594559.316453492,652750.421507061,538394.1854082093
44,Population,125,Colombia,3,Both,31,85-89 years,1,Number,2023,338827.1064069488,371989.0184286668,306819.7552370866
44,Population,125,Colombia,3,Both,32,90-94 years,1,Number,2023,159779.23914989264,175417.25916480226,144685.67042289206
44,Population,194,Lesotho,3,Both,1,<5 years,1,Number,2023,202836.46666156274,226516.4504204512,181294.2098841003
44,Population,194,Lesotho,3,Both,6,5-9 years,1,Number,2023,207498.00902741923,231722.20088326212,185460.67291694978
44,Population,194,Lesotho,3,Both,7,10-14 years,1,Number,2023,210670.80893175665,235265.40681685795,188296.50545359595
44,Population,194,Lesotho,3,Both,8,15-19 years,1,Number,2023,204703.71823984626,228601.69281555017,182963.149917968
44,Population,194,Lesotho,3,Both,9,20-24 years,1,Number,2023,190174.4557095694,212376.2229592029,169976.9684192525
44,Population,194,Lesotho,3,Both,10,25-29 years,1,Number,2023,169252.87860485777,189012.17279131903,151277.3684254476
44,Population,194,Lesotho,3,Both,11,30-34 years,1,Number,2023,146534.2045362222,163641.22498796883,130971.53223791457
44,Population,194,Lesotho,3,Both,12,35-39 years,1,Number,2023,126477.37452815952,141242.87613636328,113044.83883342684
44,Population,194,Lesotho,3,Both,13,40-44 years,1,Number,2023,107874.41194948106,120468.1253236424,96417.60479748658
44,Population,194,Lesotho,3,Both,14,45-49 years,1,Number,2023,80657.26066765949,90073.52912314104,72091.05238732809
44,Population,195,Namibia,3,Both,11,30-34 years,1,Number,2023,237373.48404991403,253950.9244519335,221751.82379940423
44,Population,195,Namibia,3,Both,12,35-39 years,1,Number,2023,200969.32484278068,215004.4097578032,187743.4393735844
44,Population,195,Namibia,3,Both,13,40-44 years,1,Number,2023,164395.0812274668,175875.93247899253,153576.16387421085
44,Population,195,Namibia,3,Both,14,45-49 years,1,Number,2023,134459.94100788707,143850.2133352233,125611.06926412013
44,Population,195,Namibia,3,Both,15,50-54 years,1,Number,2023,106386.16864081901,113815.85429969203,99384.84501567962
44,Population,195,Namibia,3,Both,16,55-59 years,1,Number,2023,83110.25010918899,88914.41658336984,77640.72559284647
44,Population,195,Namibia,3,Both,17,60-64 years,1,Number,2023,65066.23049369967,69610.25765204291,60784.19136611034
44,Population,195,Namibia,3,Both,18,65-69 years,1,Number,2023,47680.372790803274,51010.22465462562,44542.50510799606
44,Population,195,Namibia,3,Both,19,70-74 years,1,Number,2023,33693.29769874598,36046.33488309724,31475.925983974274
44,Population,195,Namibia,3,Both,20,75-79 years,1,Number,2023,21770.63222227327,23291.0268005621,20337.89671107506
44,Population,195,Namibia,3,Both,30,80-84 years,1,Number,2023,13856.262776425823,14823.94192260467,12944.375628198293
44,Population,195,Namibia,3,Both,31,85-89 years,1,Number,2023,7176.458353586034,7677.640324817206,6704.172265481602
44,Population,195,Namibia,3,Both,32,90-94 years,1,Number,2023,2987.4151865153767,3196.04715486165,2790.811992785688
44,Population,12,Lao People's Democratic Republic,3,Both,31,85-89 years,1,Number,2023,18636.64919539013,20833.03772010676,16352.419573626934
44,Population,12,Lao People's Democratic Republic,3,Both,32,90-94 years,1,Number,2023,7985.047602223462,8926.110919934985,7006.347940446295
44,Population,135,Brazil,3,Both,6,5-9 years,1,Number,2023,14356915.84131562,15449508.542239694,13324688.528121822
44,Population,135,Brazil,3,Both,7,10-14 years,1,Number,2023,14129104.249890726,15204359.990375124,13113256.035768766
44,Population,135,Brazil,3,Both,8,15-19 years,1,Number,2023,14632511.190479508,15746077.300333003,13580469.242308365
44,Population,135,Brazil,3,Both,9,20-24 years,1,Number,2023,15663068.407973966,16855062.176397327,14536931.903599776
44,Population,135,Brazil,3,Both,10,25-29 years,1,Number,2023,16016523.166247958,17235415.614949558,14864974.124842744
44,Population,135,Brazil,3,Both,11,30-34 years,1,Number,2023,15818769.93816126,17022612.93362514,14681438.872647211
44,Population,135,Brazil,3,Both,12,35-39 years,1,Number,2023,16569309.642778011,17830270.35155035,15378016.598848494
44,Population,135,Brazil,3,Both,13,40-44 years,1,Number,2023,16753437.292475842,18028410.518164888,15548905.91858514
44,Population,135,Brazil,3,Both,14,45-49 years,1,Number,2023,14436326.157536656,15534962.157233266,13398389.435841851
44,Population,135,Brazil,3,Both,15,50-54 years,1,Number,2023,12998926.570861677,13988173.317736113,12064335.381712904
44,Population,135,Brazil,3,Both,16,55-59 years,1,Number,2023,11968891.944864696,12879750.803525375,11108357.738861963
44,Population,135,Brazil,3,Both,17,60-64 years,1,Number,2023,10405554.705733648,11197440.180734728,9657420.643034687
44,Population,135,Brazil,3,Both,18,65-69 years,1,Number,2023,8304229.09651453,8936199.096056,7707175.231799847
44,Population,135,Brazil,3,Both,19,70-74 years,1,Number,2023,6186131.228242623,6656909.346721657,5741363.446124873
44,Population,135,Brazil,3,Both,20,75-79 years,1,Number,2023,4142803.676867521,4458080.098958193,3844946.1735062357
44,Population,135,Brazil,3,Both,30,80-84 years,1,Number,2023,2600556.0922849467,2798464.099560262,2413582.4373844895
44,Population,135,Brazil,3,Both,31,85-89 years,1,Number,2023,1405696.0875193975,1512672.6347052092,1304629.9594160642
44,Population,135,Brazil,3,Both,32,90-94 years,1,Number,2023,577961.8494755765,621946.0104979852,536407.798897676
44,Population,43,Albania,3,Both,1,<5 years,1,Number,2023,118996.87963523714,128077.64948719423,110594.18201231521
44,Population,43,Albania,3,Both,6,5-9 years,1,Number,2023,130383.91470142576,140333.64048776688,121177.14715014867
44,Population,43,Albania,3,Both,7,10-14 years,1,Number,2023,141909.29271329532,152738.53152135105,131888.6864569995
44,Population,43,Albania,3,Both,8,15-19 years,1,Number,2023,148277.3203059286,159592.50961249208,137807.05007122137
44,Population,43,Albania,3,Both,9,20-24 years,1,Number,2023,148350.00421448733,159670.74010216782,137874.6015686821
44,Population,43,Albania,3,Both,10,25-29 years,1,Number,2023,149501.65634721232,160910.27595082592,138944.9323703962
44,Population,43,Albania,3,Both,11,30-34 years,1,Number,2023,158990.1321966585,171122.82679869886,147763.4007901544
44,Population,43,Albania,3,Both,12,35-39 years,1,Number,2023,156968.427198748,168946.84348819012,145884.4539539055
44,Population,43,Albania,3,Both,13,40-44 years,1,Number,2023,143542.58887958678,154496.4661372526,133406.65107967326
44,Population,43,Albania,3,Both,14,45-49 years,1,Number,2023,148300.48557414804,159617.44264529416,137828.5795760091
44,Population,43,Albania,3,Both,15,50-54 years,1,Number,2023,168345.5799909195,181192.19808861866,156458.23463232548
44,Population,43,Albania,3,Both,16,55-59 years,1,Number,2023,182046.1218977959,195938.24193037604,169191.34351686938
44,Population,43,Albania,3,Both,17,60-64 years,1,Number,2023,197615.85322620164,212696.11489143176,183661.65320645776
44,Population,43,Albania,3,Both,18,65-69 years,1,Number,2023,171616.2818434503,184712.4904419109,159497.9832130916
44,Population,43,Albania,3,Both,19,70-74 years,1,Number,2023,100763.29783565436,108452.64498471047,93648.1236748127
44,Population,43,Albania,3,Both,20,75-79 years,1,Number,2023,71772.26919284655,77249.28220605126,66704.23146289031
44,Population,43,Albania,3,Both,30,80-84 years,1,Number,2023,53157.7231096461,57214.24165779982,49404.10977976263
44,Population,43,Albania,3,Both,31,85-89 years,1,Number,2023,25010.975484955063,26919.587818723885,23244.881576454303
44,Population,43,Albania,3,Both,32,90-94 years,1,Number,2023,7486.02864518459,8057.294912337612,6957.419531274755
44,Population,44,Bosnia and Herzegovina,3,Both,30,80-84 years,1,Number,2023,67907.15895521856,76044.59804031797,59667.41682233506
44,Population,44,Bosnia and Herzegovina,3,Both,31,85-89 years,1,Number,2023,41721.38816872995,46720.93843695298,36658.984068405654
44,Population,44,Bosnia and Herzegovina,3,Both,32,90-94 years,1,Number,2023,14840.444116790894,16618.8016840077,13039.729221024692
44,Population,74,Andorra,3,Both,235,95+ years,1,Number,2023,548.0033576865898,555.8985782301097,540.1641169924152
44,Population,75,Austria,3,Both,1,<5 years,1,Number,2023,429575.3730888482,435922.94047158625,423888.12258888985
44,Population,76,Belgium,3,Both,1,<5 years,1,Number,2023,586381.3930553225,632812.4115384924,542940.0794260737
44,Population,76,Belgium,3,Both,6,5-9 years,1,Number,2023,639146.9433741688,689756.0586918299,591796.5616070696
44,Population,76,Belgium,3,Both,7,10-14 years,1,Number,2023,684789.6310621887,739012.8386767111,634057.8693021024
44,Population,76,Belgium,3,Both,8,15-19 years,1,Number,2023,660418.9371735388,712712.4175630965,611492.6470213815
44,Population,76,Belgium,3,Both,9,20-24 years,1,Number,2023,668666.4431593788,721612.9799170338,619129.1471014523
44,Population,76,Belgium,3,Both,10,25-29 years,1,Number,2023,717505.7108023291,774319.4523613143,664350.2202242023
44,Population,76,Belgium,3,Both,11,30-34 years,1,Number,2023,772499.4536078604,833667.7253734708,715269.8221085601
44,Population,76,Belgium,3,Both,12,35-39 years,1,Number,2023,746416.5774915112,805519.5475313246,691119.2624250693
44,Population,76,Belgium,3,Both,13,40-44 years,1,Number,2023,763627.3206966558,824093.0767070528,707054.9697879757
44,Population,76,Belgium,3,Both,14,45-49 years,1,Number,2023,736435.6532562621,794748.3109104261,681877.7621639578
44,Population,76,Belgium,3,Both,15,50-54 years,1,Number,2023,780932.4714374592,842768.4888228187,723078.0906253136
44,Population,76,Belgium,3,Both,16,55-59 years,1,Number,2023,797818.5360816944,860991.6306473498,738713.1728221832
44,Population,76,Belgium,3,Both,17,60-64 years,1,Number,2023,754842.5789236033,814612.7390087799,698921.0343451287
44,Population,76,Belgium,3,Both,18,65-69 years,1,Number,2023,656101.1983017639,708052.7902621606,607494.7822975918
44,Population,76,Belgium,3,Both,19,70-74 years,1,Number,2023,563069.2889181697,607654.4017315947,521355.0226324647
44,Population,76,Belgium,3,Both,20,75-79 years,1,Number,2023,448433.65174388175,483941.6528830501,415212.0196490902
44,Population,35,Georgia,3,Both,235,95+ years,1,Number,2023,2664.658334810985,3017.2789262791393,2338.5333702424064
44,Population,36,Kazakhstan,3,Both,1,<5 years,1,Number,2023,2074795.7068552093,2250864.7379494724,1916954.4026451535
44,Population,36,Kazakhstan,3,Both,6,5-9 years,1,Number,2023,2046806.5335319338,2220500.378186454,1891094.5221512925
44,Population,36,Kazakhstan,3,Both,7,10-14 years,1,Number,2023,1930872.5798657427,2094728.164866317,1783980.3122258657
44,Population,36,Kazakhstan,3,Both,8,15-19 years,1,Number,2023,1529664.8486353015,1659473.5844584499,1413294.6952196509
44,Population,36,Kazakhstan,3,Both,9,20-24 years,1,Number,2023,1162088.912436725,1260704.8234789968,1073682.3146492841
44,Population,36,Kazakhstan,3,Both,10,25-29 years,1,Number,2023,1267186.0995846177,1374720.6525205092,1170784.1714456524
44,Population,36,Kazakhstan,3,Both,11,30-34 years,1,Number,2023,1549308.4805593838,1680784.1926677716,1431443.926286784
44,Population,36,Kazakhstan,3,Both,12,35-39 years,1,Number,2023,1559511.7167124876,1691853.2846242047,1440870.9452459502
44,Population,37,Kyrgyzstan,3,Both,9,20-24 years,1,Number,2023,534978.3742516752,574279.111394648,495555.3351029277
44,Population,37,Kyrgyzstan,3,Both,10,25-29 years,1,Number,2023,561244.2309262756,602474.5180822697,519885.63709757203
44,Population,37,Kyrgyzstan,3,Both,11,30-34 years,1,Number,2023,574044.168774641,616214.7686928635,531742.3359755707
44,Population,37,Kyrgyzstan,3,Both,12,35-39 years,1,Number,2023,520812.02585107094,559072.0705818566,482432.91769929696
44,Population,37,Kyrgyzstan,3,Both,13,40-44 years,1,Number,2023,429429.0280548104,460975.86838597636,397784.01547221
44,Population,37,Kyrgyzstan,3,Both,14,45-49 years,1,Number,2023,369629.83767816966,396783.69246923353,342391.4813956101
44,Population,37,Kyrgyzstan,3,Both,15,50-54 years,1,Number,2023,335197.60399162996,359821.9880031451,310496.590080156
44,Population,37,Kyrgyzstan,3,Both,16,55-59 years,1,Number,2023,303021.38837899454,325282.0338677766,280691.46883096994
44,Population,37,Kyrgyzstan,3,Both,17,60-64 years,1,Number,2023,268917.6286855406,288672.93384692277,249100.84596364494
44,Population,37,Kyrgyzstan,3,Both,18,65-69 years,1,Number,2023,180351.67016456477,193600.71708603756,167061.39284562628
44,Population,189,United Republic of Tanzania,3,Both,13,40-44 years,1,Number,2023,2900641.204116199,3128368.167404415,2681103.250029997
44,Population,189,United Republic of Tanzania,3,Both,14,45-49 years,1,Number,2023,2420215.827897498,2610224.9887020327,2237039.3527961755
44,Population,189,United Republic of Tanzania,3,Both,15,50-54 years,1,Number,2023,1913641.628344745,2063880.0639797538,1768805.7322867217
44,Population,189,United Republic of Tanzania,3,Both,16,55-59 years,1,Number,2023,1450446.447111331,1564319.8087474136,1340667.945358494
44,Population,189,United Republic of Tanzania,3,Both,17,60-64 years,1,Number,2023,1138792.1161057546,1228197.7516767152,1052601.4866185307
44,Population,189,United Republic of Tanzania,3,Both,18,65-69 years,1,Number,2023,833004.6372931137,898403.1485555787,769957.8414480656
44,Population,189,United Republic of Tanzania,3,Both,19,70-74 years,1,Number,2023,577234.1006532195,622552.2767384324,533545.555752745
44,Population,189,United Republic of Tanzania,3,Both,20,75-79 years,1,Number,2023,376173.73186502967,405706.82320526673,347702.6436941013
44,Population,189,United Republic of Tanzania,3,Both,30,80-84 years,1,Number,2023,242892.9090679335,261962.23226026364,224509.31434992788
44,Population,189,United Republic of Tanzania,3,Both,31,85-89 years,1,Number,2023,139409.34381922177,150354.2571290454,128858.00707369791
44,Population,189,United Republic of Tanzania,3,Both,32,90-94 years,1,Number,2023,60703.588764363,65469.37775970242,56109.17644473282
44,Population,190,Uganda,3,Both,32,90-94 years,1,Number,2023,24386.754276494772,27474.381612211375,21412.892191278115
44,Population,81,Germany,3,Both,235,95+ years,1,Number,2023,237569.69250793377,255607.97628780358,218185.7553552097
44,Population,82,Greece,3,Both,1,<5 years,1,Number,2023,407963.9985248779,440302.04450613266,372620.4806169886
44,Population,76,Belgium,3,Both,30,80-84 years,1,Number,2023,299316.2825500524,323016.82968880516,277141.81954936346
44,Population,76,Belgium,3,Both,31,85-89 years,1,Number,2023,214387.8292305023,231363.54738844358,198505.18179626248
44,Population,76,Belgium,3,Both,32,90-94 years,1,Number,2023,94038.98371925954,101485.20531312158,87072.22618993466
44,Population,195,Namibia,3,Both,235,95+ years,1,Number,2023,1460.9897562846766,1563.0208264764817,1364.8413356070107
44,Population,196,South Africa,3,Both,1,<5 years,1,Number,2023,5225580.757914185,5613654.842536533,4861016.915762115
44,Population,196,South Africa,3,Both,6,5-9 years,1,Number,2023,5257017.368054434,5647426.070448277,4890260.343573376
44,Population,196,South Africa,3,Both,7,10-14 years,1,Number,2023,5610398.8243254395,6027051.152359778,5218988.061358312
44,Population,197,Eswatini,3,Both,6,5-9 years,1,Number,2023,131655.3549113319,145558.38646765676,117575.13754788379
44,Population,197,Eswatini,3,Both,7,10-14 years,1,Number,2023,130358.18100619935,144124.2287706439,116416.6932109846
44,Population,197,Eswatini,3,Both,8,15-19 years,1,Number,2023,121928.3082040796,134804.14692489957,108888.37463337781
44,Population,197,Eswatini,3,Both,9,20-24 years,1,Number,2023,111351.4180078736,123110.31896140962,99442.6569070816
44,Population,197,Eswatini,3,Both,10,25-29 years,1,Number,2023,102363.24354394965,113172.97783966268,91415.74566133725
44,Population,197,Eswatini,3,Both,11,30-34 years,1,Number,2023,93671.83253937267,103563.73890816998,83653.85975068394
44,Population,197,Eswatini,3,Both,12,35-39 years,1,Number,2023,83439.41389096035,92250.75927944496,74515.77318485554
44,Population,197,Eswatini,3,Both,13,40-44 years,1,Number,2023,68015.65686684134,75198.22702800737,60741.54915243952
44,Population,197,Eswatini,3,Both,14,45-49 years,1,Number,2023,51155.923620925656,56558.07699990269,45684.92303385735
44,Population,197,Eswatini,3,Both,15,50-54 years,1,Number,2023,40164.22857528764,44405.64008258065,35868.76281959441
44,Population,37,Kyrgyzstan,3,Both,19,70-74 years,1,Number,2023,109226.13040341203,117250.1322074721,101177.15829125301
44,Population,37,Kyrgyzstan,3,Both,20,75-79 years,1,Number,2023,41232.22314542935,44261.236731119796,38193.783414989986
44,Population,37,Kyrgyzstan,3,Both,30,80-84 years,1,Number,2023,32265.211036096935,34635.48736654847,29887.558519585582
44,Population,37,Kyrgyzstan,3,Both,31,85-89 years,1,Number,2023,14869.806495291257,15962.176550914084,13774.03703653854
44,Population,37,Kyrgyzstan,3,Both,32,90-94 years,1,Number,2023,4860.923790828484,5218.018390105691,4502.7179303150315
44,Population,131,Nicaragua,3,Both,235,95+ years,1,Number,2023,804.0496949926569,951.1388822568224,666.7582881431009
44,Population,132,Panama,3,Both,1,<5 years,1,Number,2023,346279.1468899506,370256.45416103466,323127.08356904
44,Population,132,Panama,3,Both,6,5-9 years,1,Number,2023,373514.35578521044,399377.50278455665,348541.35901634453
44,Population,132,Panama,3,Both,7,10-14 years,1,Number,2023,364775.7950224957,390033.8603748629,340387.0543774221
44,Population,132,Panama,3,Both,8,15-19 years,1,Number,2023,339482.83853002905,362989.55097806803,316785.17323715595
44,Population,132,Panama,3,Both,9,20-24 years,1,Number,2023,336578.9207861598,359884.55809392524,314075.4100881811
44,Population,132,Panama,3,Both,10,25-29 years,1,Number,2023,322517.2536687608,344849.2230088021,300953.89951911464
44,Population,132,Panama,3,Both,11,30-34 years,1,Number,2023,303575.25441367127,324595.62835287186,283278.35355789855
44,Population,132,Panama,3,Both,12,35-39 years,1,Number,2023,288710.247777426,308701.32834188786,269407.21437800775
44,Population,132,Panama,3,Both,13,40-44 years,1,Number,2023,269122.2784435407,287757.03488697665,251128.88759816944
44,Population,82,Greece,3,Both,6,5-9 years,1,Number,2023,451704.7137723747,487509.9511382641,412571.7665073763
44,Population,82,Greece,3,Both,7,10-14 years,1,Number,2023,520425.63934370346,561678.1722038899,475339.129332092
44,Population,82,Greece,3,Both,8,15-19 years,1,Number,2023,552169.6640849084,595938.4477305147,504333.04496816517
44,Population,82,Greece,3,Both,9,20-24 years,1,Number,2023,534998.3224886537,577405.9869274001,488649.32390069263
44,Population,82,Greece,3,Both,10,25-29 years,1,Number,2023,530430.9109510059,572476.5307856848,484477.60510077974
44,Population,82,Greece,3,Both,11,30-34 years,1,Number,2023,581359.1437750853,627441.6873107873,530993.7257891231
44,Population,82,Greece,3,Both,12,35-39 years,1,Number,2023,667624.7965182234,720545.3518762854,609785.8474030752
44,Population,82,Greece,3,Both,13,40-44 years,1,Number,2023,822748.6544780324,887965.3988861882,751470.7184141153
44,Population,82,Greece,3,Both,14,45-49 years,1,Number,2023,829651.8592679566,895415.7993961312,757775.8715548825
44,Population,82,Greece,3,Both,15,50-54 years,1,Number,2023,832162.2738116592,898125.2067461592,760068.7990612425
44,Population,82,Greece,3,Both,16,55-59 years,1,Number,2023,783668.5742597427,845787.5614255443,715776.2984992621
44,Population,82,Greece,3,Both,17,60-64 years,1,Number,2023,722485.6666704577,779754.873742812,659893.9056560271
44,Population,82,Greece,3,Both,18,65-69 years,1,Number,2023,635420.8397559763,685788.6869380194,580371.8454570543
44,Population,82,Greece,3,Both,19,70-74 years,1,Number,2023,553208.5308071807,597059.6622088505,505281.9106003037
44,Population,82,Greece,3,Both,20,75-79 years,1,Number,2023,480349.49877336837,518425.31976387824,438734.94167193596
44,Population,83,Iceland,3,Both,18,65-69 years,1,Number,2023,18678.07194104819,18942.836798550874,18397.84186025334
44,Population,83,Iceland,3,Both,19,70-74 years,1,Number,2023,15120.931134399523,15335.272913879922,14894.06940226464
44,Population,83,Iceland,3,Both,20,75-79 years,1,Number,2023,11102.133509193754,11259.508146459042,10935.566436312996
44,Population,83,Iceland,3,Both,30,80-84 years,1,Number,2023,6738.539973917487,6834.059928096991,6637.440588108811
44,Population,83,Iceland,3,Both,31,85-89 years,1,Number,2023,4107.590337360881,4165.816131424811,4045.963506939421
44,Population,83,Iceland,3,Both,32,90-94 years,1,Number,2023,2045.7584369812712,2074.7574119697924,2015.0655981330535
44,Population,197,Eswatini,3,Both,16,55-59 years,1,Number,2023,32521.86788979283,35956.23298528732,29043.733868871106
44,Population,197,Eswatini,3,Both,17,60-64 years,1,Number,2023,26665.079036934963,29480.957172329312,23813.314221850687
44,Population,197,Eswatini,3,Both,18,65-69 years,1,Number,2023,20817.51337236148,23015.878532176524,18591.131365744684
44,Population,197,Eswatini,3,Both,19,70-74 years,1,Number,2023,15106.780288886652,16702.082228654384,13491.1471817287
44,Population,197,Eswatini,3,Both,20,75-79 years,1,Number,2023,10644.010522925333,11768.036311969385,9505.659698664875
44,Population,197,Eswatini,3,Both,30,80-84 years,1,Number,2023,7053.3932033725405,7798.243637687953,6299.050096552166
44,Population,197,Eswatini,3,Both,31,85-89 years,1,Number,2023,3492.264750319177,3861.0539048463756,3118.7755989791613
44,Population,197,Eswatini,3,Both,32,90-94 years,1,Number,2023,1328.6210706316815,1468.9257371895355,1186.5283051627011
44,Population,197,Eswatini,3,Both,235,95+ years,1,Number,2023,619.2052919255223,684.5944340480116,552.9828043648718
44,Population,198,Zimbabwe,3,Both,235,95+ years,1,Number,2023,12300.237253682095,13222.624403219475,11450.73335882967
44,Population,46,Croatia,3,Both,235,95+ years,1,Number,2023,4278.3551492545475,4618.808533221746,3935.036307868408
44,Population,132,Panama,3,Both,14,45-49 years,1,Number,2023,246596.07662177095,263671.05775796704,230108.77719322694
44,Population,132,Panama,3,Both,15,50-54 years,1,Number,2023,235951.96297422025,252289.91681365925,220176.3240524563
44,Population,133,Venezuela (Bolivarian Republic of),3,Both,13,40-44 years,1,Number,2023,2028911.6030264546,2320582.4972286657,1759952.0647593634
44,Population,133,Venezuela (Bolivarian Republic of),3,Both,14,45-49 years,1,Number,2023,1858680.1562632783,2125879.033929783,1612287.087255699
44,Population,133,Venezuela (Bolivarian Republic of),3,Both,15,50-54 years,1,Number,2023,1657825.9040821374,1896150.5127806866,1438058.7693168574
44,Population,133,Venezuela (Bolivarian Republic of),3,Both,16,55-59 years,1,Number,2023,1486220.9240839435,1699876.0607902366,1289202.3388936184
44,Population,133,Venezuela (Bolivarian Republic of),3,Both,17,60-64 years,1,Number,2023,1307698.712831841,1495689.974920242,1134345.6493119341
44,Population,133,Venezuela (Bolivarian Republic of),3,Both,18,65-69 years,1,Number,2023,1033913.4831044575,1182546.114361024,896854.3364126591
44,Population,133,Venezuela (Bolivarian Republic of),3,Both,19,70-74 years,1,Number,2023,774473.9060981236,885810.1991090984,671806.9669010956
44,Population,133,Venezuela (Bolivarian Republic of),3,Both,20,75-79 years,1,Number,2023,479619.7724514242,548568.6254715841,416039.7168443292
44,Population,133,Venezuela (Bolivarian Republic of),3,Both,30,80-84 years,1,Number,2023,269102.33049994137,307787.760289853,233429.1949873349
44,Population,133,Venezuela (Bolivarian Republic of),3,Both,31,85-89 years,1,Number,2023,120125.78999770604,137394.75160900262,104201.49986916696
44,Population,133,Venezuela (Bolivarian Republic of),3,Both,32,90-94 years,1,Number,2023,31256.631166773397,35750.00068990222,27113.144050893112
44,Population,190,Uganda,3,Both,235,95+ years,1,Number,2023,10089.002440670085,11366.37946972186,8858.691039005378
44,Population,191,Zambia,3,Both,1,<5 years,1,Number,2023,3229105.5566922487,3470476.1957980236,2982614.3117813696
44,Population,191,Zambia,3,Both,6,5-9 years,1,Number,2023,3105687.6983675896,3337833.0437138746,2868617.459059836
44,Population,191,Zambia,3,Both,7,10-14 years,1,Number,2023,2855391.245477758,3068827.3186310907,2637427.189968093
44,Population,191,Zambia,3,Both,8,15-19 years,1,Number,2023,2430567.013573398,2612248.1333620553,2245031.5832517184
44,Population,191,Zambia,3,Both,9,20-24 years,1,Number,2023,2022631.717074898,2173820.3052627905,1868235.7082777363
44,Population,191,Zambia,3,Both,10,25-29 years,1,Number,2023,1709235.5915613715,1836998.3047568218,1578762.4306773038
44,Population,191,Zambia,3,Both,11,30-34 years,1,Number,2023,1369635.1483731638,1472013.2544153845,1265085.1214790223
44,Population,191,Zambia,3,Both,12,35-39 years,1,Number,2023,1092893.7650451274,1174585.8813021989,1009468.5750128571
44,Population,191,Zambia,3,Both,13,40-44 years,1,Number,2023,885044.2759929844,951199.9648618738,817485.1140019385
44,Population,191,Zambia,3,Both,14,45-49 years,1,Number,2023,701762.098138886,754217.7280816566,648193.6377201703
44,Population,191,Zambia,3,Both,15,50-54 years,1,Number,2023,501000.4447222416,538449.4520129036,462756.96795990586
44,Population,191,Zambia,3,Both,16,55-59 years,1,Number,2023,346531.11453208735,372433.7786340085,320078.9331704889
44,Population,191,Zambia,3,Both,17,60-64 years,1,Number,2023,252906.53451835914,271810.90627053374,233601.11218234114
44,Population,191,Zambia,3,Both,18,65-69 years,1,Number,2023,183190.0559931174,196883.22895280694,169206.386470932
44,Population,191,Zambia,3,Both,19,70-74 years,1,Number,2023,124080.09414691172,133354.88900844095,114608.53729069646
44,Population,191,Zambia,3,Both,20,75-79 years,1,Number,2023,77430.29727873052,83218.09207583274,71519.71614876446
44,Population,47,Czechia,3,Both,1,<5 years,1,Number,2023,562482.8674850685,605179.972318079,518605.16359838546
44,Population,47,Czechia,3,Both,6,5-9 years,1,Number,2023,588207.8430991198,632857.6864849165,542323.4063362299
44,Population,47,Czechia,3,Both,7,10-14 years,1,Number,2023,594453.6715320628,639577.624987314,548082.0152886345
44,Population,47,Czechia,3,Both,8,15-19 years,1,Number,2023,585509.7587936262,629954.7952508937,539835.791986465
44,Population,47,Czechia,3,Both,9,20-24 years,1,Number,2023,534985.7461644168,575595.5919189719,493253.0152480897
44,Population,47,Czechia,3,Both,10,25-29 years,1,Number,2023,558129.8963409718,600496.5746383164,514591.7554702112
44,Population,47,Czechia,3,Both,11,30-34 years,1,Number,2023,706464.1108666077,760090.5836822117,651354.835802338
44,Population,47,Czechia,3,Both,12,35-39 years,1,Number,2023,737673.5984399999,793669.1296567314,680129.7591723383
44,Population,47,Czechia,3,Both,13,40-44 years,1,Number,2023,791131.9733616579,851185.4376643122,729417.9968673044
44,Population,47,Czechia,3,Both,14,45-49 years,1,Number,2023,940331.3103788071,1011710.2391567079,866978.7139225726
44,Population,47,Czechia,3,Both,15,50-54 years,1,Number,2023,783265.513225451,842721.8480997867,722165.177125224
44,Population,47,Czechia,3,Both,16,55-59 years,1,Number,2023,679504.5252025523,731084.5423447607,626498.2914663928
44,Population,48,Hungary,3,Both,13,40-44 years,1,Number,2023,717358.131167906,771137.9357162105,663220.1104464262
44,Population,48,Hungary,3,Both,14,45-49 years,1,Number,2023,841342.2894655796,904417.0939736384,777847.3567089261
44,Population,48,Hungary,3,Both,15,50-54 years,1,Number,2023,699657.5337131207,752110.3376599869,646855.352470075
44,Population,48,Hungary,3,Both,16,55-59 years,1,Number,2023,596040.1292801953,640724.8136280924,551057.8094767389
44,Population,48,Hungary,3,Both,17,60-64 years,1,Number,2023,557784.3199581295,599600.9947877845,515689.1128921046
44,Population,48,Hungary,3,Both,18,65-69 years,1,Number,2023,645155.4036094382,693522.2234751451,596466.4223438071
44,Population,48,Hungary,3,Both,19,70-74 years,1,Number,2023,525559.0452684036,564959.8152675,485895.83487615647
44,Population,48,Hungary,3,Both,20,75-79 years,1,Number,2023,375229.16723174835,403359.8182939905,346911.1437114418
44,Population,48,Hungary,3,Both,30,80-84 years,1,Number,2023,255528.105482118,274684.8571412281,236243.7546558591
44,Population,48,Hungary,3,Both,31,85-89 years,1,Number,2023,132056.70410893852,141956.89681283876,122090.56826571538
44,Population,48,Hungary,3,Both,32,90-94 years,1,Number,2023,52108.46683848136,56014.99976830664,48175.91329946539
44,Population,139,Algeria,3,Both,1,<5 years,1,Number,2023,4461920.928333061,5178365.8338992745,3753330.1038898733
44,Population,139,Algeria,3,Both,6,5-9 years,1,Number,2023,4401335.665024596,5108052.472772199,3702366.293396551
44,Population,139,Algeria,3,Both,7,10-14 years,1,Number,2023,3814907.4606421567,4427462.245741117,3209067.8534125434
44,Population,139,Algeria,3,Both,8,15-19 years,1,Number,2023,3128058.215903503,3630326.501042266,2631296.084589486
44,Population,139,Algeria,3,Both,9,20-24 years,1,Number,2023,2954792.8827866004,3429240.176200794,2485546.753484434
44,Population,139,Algeria,3,Both,10,25-29 years,1,Number,2023,3334603.5105980844,3870036.5080949143,2805040.2375777815
44,Population,139,Algeria,3,Both,11,30-34 years,1,Number,2023,3645015.9448356223,4230291.467716913,3066156.5488613956
44,Population,139,Algeria,3,Both,12,35-39 years,1,Number,2023,3719114.684969002,4316288.147264754,3128487.7816353543
44,Population,139,Algeria,3,Both,13,40-44 years,1,Number,2023,3376037.9580508065,3918124.0314916666,2839894.543931535
44,Population,139,Algeria,3,Both,14,45-49 years,1,Number,2023,2720455.146657704,3157275.1311329664,2288423.834092273
44,Population,139,Algeria,3,Both,15,50-54 years,1,Number,2023,2325796.032693542,2699246.1107593398,1956439.9291758796
44,Population,139,Algeria,3,Both,16,55-59 years,1,Number,2023,1960307.3035907596,2275071.3264320455,1648993.9050065496
44,Population,139,Algeria,3,Both,17,60-64 years,1,Number,2023,1524166.6990626242,1768900.1858985382,1282116.1214695515
44,Population,139,Algeria,3,Both,18,65-69 years,1,Number,2023,1200656.147648969,1393443.9612692397,1009981.7849248394
44,Population,139,Algeria,3,Both,19,70-74 years,1,Number,2023,857403.5748938328,995075.7643193045,721240.6271919486
44,Population,139,Algeria,3,Both,20,75-79 years,1,Number,2023,493152.4052391632,572337.2527692425,414835.6275514177
44,Population,139,Algeria,3,Both,30,80-84 years,1,Number,2023,328719.4856740273,381501.5507653259,276516.04793822696
44,Population,79,Finland,3,Both,235,95+ years,1,Number,2023,13180.642789771457,14198.328689772245,12235.987997596701
44,Population,80,France,3,Both,1,<5 years,1,Number,2023,3618556.3535410557,3953465.053109391,3287294.9917205856
44,Population,80,France,3,Both,6,5-9 years,1,Number,2023,4128784.2618964813,4510916.148994718,3750813.9987222347
44,Population,80,France,3,Both,7,10-14 years,1,Number,2023,4384844.176023333,4790675.208436217,3983432.864106461
44,Population,80,France,3,Both,8,15-19 years,1,Number,2023,4391023.449142798,4797426.392594924,3989046.4546087105
44,Population,80,France,3,Both,9,20-24 years,1,Number,2023,4064374.991304217,4440545.599111309,3692301.0858499142
44,Population,80,France,3,Both,10,25-29 years,1,Number,2023,3922931.846827611,4286011.449562155,3563806.3782861787
44,Population,80,France,3,Both,11,30-34 years,1,Number,2023,4206811.935277786,4596165.527406788,3821698.615365269
44,Population,80,France,3,Both,12,35-39 years,1,Number,2023,4378623.740187819,4783879.051823441,3977781.8791360613
44,Population,80,France,3,Both,13,40-44 years,1,Number,2023,4426245.236897852,4835908.066885109,4021043.8577646203
44,Population,80,France,3,Both,14,45-49 years,1,Number,2023,4474460.942061407,4888586.286249746,4064845.6479319413
44,Population,80,France,3,Both,15,50-54 years,1,Number,2023,4654360.501817788,5085136.11250038,4228276.271644952
44,Population,80,France,3,Both,16,55-59 years,1,Number,2023,4540447.461382004,4960680.064160661,4124791.420027325
44,Population,80,France,3,Both,17,60-64 years,1,Number,2023,4304760.699550339,4703179.755931334,3910680.6432182533
44,Population,80,France,3,Both,18,65-69 years,1,Number,2023,4022467.0657196273,4394758.9640393285,3654229.6284984746
44,Population,80,France,3,Both,19,70-74 years,1,Number,2023,3628312.699845027,3964124.3797552334,3296158.1916293423
44,Population,39,Tajikistan,3,Both,235,95+ years,1,Number,2023,2425.8362537112835,2654.1798689594693,2225.057341980239
44,Population,40,Turkmenistan,3,Both,235,95+ years,1,Number,2023,2258.962010379776,2565.913502038761,1949.978074286276
44,Population,41,Uzbekistan,3,Both,1,<5 years,1,Number,2023,4121680.6320996843,5306399.847394619,2894578.4196127667
44,Population,41,Uzbekistan,3,Both,6,5-9 years,1,Number,2023,3600100.008111377,4634898.197805236,2528282.2038102313
44,Population,41,Uzbekistan,3,Both,7,10-14 years,1,Number,2023,3052901.5602351604,3930415.240612667,2143995.074396904
44,Population,41,Uzbekistan,3,Both,8,15-19 years,1,Number,2023,2608502.407457813,3358279.7922437065,1831901.9473104877
44,Population,41,Uzbekistan,3,Both,9,20-24 years,1,Number,2023,2504001.021338618,3223740.9502391205,1758512.5986247926
44,Population,41,Uzbekistan,3,Both,10,25-29 years,1,Number,2023,2792923.257737524,3595709.8260408947,1961417.2254203174
44,Population,41,Uzbekistan,3,Both,11,30-34 years,1,Number,2023,3024616.9168483675,3894000.573696849,2124131.303847524
44,Population,41,Uzbekistan,3,Both,12,35-39 years,1,Number,2023,2811013.1892727916,3618999.4543518634,1974121.4424880971
44,Population,41,Uzbekistan,3,Both,13,40-44 years,1,Number,2023,2303663.0505755763,2965818.643206128,1617819.0275888671
44,Population,41,Uzbekistan,3,Both,14,45-49 years,1,Number,2023,1986201.7929510633,2557107.605312283,1394871.9854947962
44,Population,41,Uzbekistan,3,Both,15,50-54 years,1,Number,2023,1707715.3192143939,2198574.1055964357,1199296.1976100437
44,Population,200,Benin,3,Both,235,95+ years,1,Number,2023,5303.406126138032,6027.7317818774945,4626.667892707235
44,Population,201,Burkina Faso,3,Both,1,<5 years,1,Number,2023,4429995.547923131,4832337.754232621,3981087.085306624
44,Population,201,Burkina Faso,3,Both,6,5-9 years,1,Number,2023,3587881.1118895467,3913740.582157086,3224307.3392828824
44,Population,201,Burkina Faso,3,Both,7,10-14 years,1,Number,2023,3001824.3469732264,3274456.817513964,2697637.957152517
44,Population,201,Burkina Faso,3,Both,8,15-19 years,1,Number,2023,2554965.0139726833,2787012.7101034974,2296060.596563246
44,Population,201,Burkina Faso,3,Both,9,20-24 years,1,Number,2023,2109154.266951413,2300712.4236204755,1895425.5647087905
44,Population,201,Burkina Faso,3,Both,10,25-29 years,1,Number,2023,1725715.7847726382,1882449.1920181718,1550842.3765547648
44,Population,201,Burkina Faso,3,Both,11,30-34 years,1,Number,2023,1492328.862992422,1627865.5426076415,1341105.4478993213
44,Population,201,Burkina Faso,3,Both,12,35-39 years,1,Number,2023,1291310.683846453,1408590.4381824082,1160457.2128723012
44,Population,201,Burkina Faso,3,Both,13,40-44 years,1,Number,2023,1022412.501489446,1115270.3152632145,918807.5160580954
44,Population,85,Israel,3,Both,235,95+ years,1,Number,2023,18480.24295831307,19879.83632513758,17098.537281337296
44,Population,86,Italy,3,Both,1,<5 years,1,Number,2023,2088221.2749220813,2115628.6043850332,2060517.810338961
44,Population,139,Algeria,3,Both,31,85-89 years,1,Number,2023,167645.55003562963,194564.1804177114,141022.01716223147
44,Population,139,Algeria,3,Both,32,90-94 years,1,Number,2023,56739.38662249093,65849.95696731823,47728.69158979077
44,Population,80,France,3,Both,20,75-79 years,1,Number,2023,2662071.710201572,2908454.7667342713,2418371.8990539117
44,Population,80,France,3,Both,30,80-84 years,1,Number,2023,1884480.4060367786,2058894.9571685235,1711965.3241542343
44,Population,81,Germany,3,Both,30,80-84 years,1,Number,2023,3234559.201055914,3480154.066947686,2970642.993528982
44,Population,81,Germany,3,Both,31,85-89 years,1,Number,2023,1951007.7817061355,2099144.6574651273,1791819.9163440403
44,Population,81,Germany,3,Both,32,90-94 years,1,Number,2023,651908.349082194,701406.6991245436,598717.4292533807
44,Population,128,Guatemala,3,Both,235,95+ years,1,Number,2023,3607.238451510374,3955.1474117200714,3248.088512504733
44,Population,129,Honduras,3,Both,1,<5 years,1,Number,2023,1209887.9777596863,1368749.24268382,1057590.4728303323
44,Population,41,Uzbekistan,3,Both,16,55-59 years,1,Number,2023,1574457.7114708852,2027013.4698966958,1105711.8978902749
44,Population,41,Uzbekistan,3,Both,17,60-64 years,1,Number,2023,1376691.4546888447,1772402.07991294,966824.3929849587
44,Population,41,Uzbekistan,3,Both,18,65-69 years,1,Number,2023,864950.0659066632,1113567.815513387,607438.0861334808
44,Population,41,Uzbekistan,3,Both,19,70-74 years,1,Number,2023,478765.40824279364,616379.8013489415,336227.8988730659
44,Population,41,Uzbekistan,3,Both,20,75-79 years,1,Number,2023,216357.44182702733,278546.35008651036,151943.74284067322
44,Population,41,Uzbekistan,3,Both,30,80-84 years,1,Number,2023,166839.20453717603,214794.7908920127,117168.02054909684
44,Population,41,Uzbekistan,3,Both,31,85-89 years,1,Number,2023,105152.93868054906,135377.6741996895,73846.92173700189
44,Population,41,Uzbekistan,3,Both,32,90-94 years,1,Number,2023,36249.07471586843,46668.3621827564,25457.040166169256
44,Population,14,Maldives,3,Both,235,95+ years,1,Number,2023,61.76341201763638,66.52554546542537,57.10616737676383
44,Population,15,Myanmar,3,Both,235,95+ years,1,Number,2023,17932.99693540292,20049.116430045775,15841.913939620925
44,Population,16,Philippines,3,Both,1,<5 years,1,Number,2023,10066510.67165125,10982057.557976453,9184054.70560384
44,Population,16,Philippines,3,Both,6,5-9 years,1,Number,2023,11212242.043729933,12231992.941205274,10229348.347295387
44,Population,16,Philippines,3,Both,7,10-14 years,1,Number,2023,11858935.650797684,12937503.186696175,10819351.14556394
44,Population,16,Philippines,3,Both,8,15-19 years,1,Number,2023,11096138.088604355,12105329.357418634,10123422.360606363
44,Population,16,Philippines,3,Both,9,20-24 years,1,Number,2023,10550459.658773525,11510021.59686317,9625579.491840765
44,Population,16,Philippines,3,Both,10,25-29 years,1,Number,2023,9818237.573149776,10711204.07688705,8957545.859297387
44,Population,16,Philippines,3,Both,11,30-34 years,1,Number,2023,8977080.552323623,9793544.013800511,8190126.805441366
44,Population,16,Philippines,3,Both,12,35-39 years,1,Number,2023,7757183.008581798,8462697.062241152,7077168.587604511
44,Population,16,Philippines,3,Both,13,40-44 years,1,Number,2023,7067451.524524677,7710234.654507836,6447900.722265941
44,Population,16,Philippines,3,Both,14,45-49 years,1,Number,2023,6011622.174205486,6558377.861740513,5484628.062115567
44,Population,16,Philippines,3,Both,15,50-54 years,1,Number,2023,5317189.311164666,5800786.485660079,4851070.952649967
44,Population,16,Philippines,3,Both,16,55-59 years,1,Number,2023,4439623.354436349,4843406.102122455,4050434.66295075
44,Population,16,Philippines,3,Both,17,60-64 years,1,Number,2023,3703434.3047046755,4040260.823543116,3378781.820477466
44,Population,16,Philippines,3,Both,18,65-69 years,1,Number,2023,2762955.950870118,3014246.1745020854,2520748.1946475157
44,Population,16,Philippines,3,Both,19,70-74 years,1,Number,2023,1827873.1295726553,1994117.7804714595,1667637.11522941
44,Population,16,Philippines,3,Both,20,75-79 years,1,Number,2023,1058022.2029285952,1154249.0848294033,965273.2817145862
44,Population,202,Cameroon,3,Both,235,95+ years,1,Number,2023,2870.464226032085,3375.38490315293,2356.2150145444707
44,Population,203,Cabo Verde,3,Both,1,<5 years,1,Number,2023,37884.29559949129,41027.585583883854,34847.60712055563
44,Population,203,Cabo Verde,3,Both,6,5-9 years,1,Number,2023,45628.14409247904,49413.947314176934,41970.73256381628
44,Population,203,Cabo Verde,3,Both,7,10-14 years,1,Number,2023,45796.222653042605,49595.971485913964,42125.33846452587
44,Population,203,Cabo Verde,3,Both,8,15-19 years,1,Number,2023,44424.899569026835,48110.86864046557,40863.93641623829
44,Population,203,Cabo Verde,3,Both,9,20-24 years,1,Number,2023,41075.350657355695,44483.40500503669,37782.877031130774
44,Population,203,Cabo Verde,3,Both,10,25-29 years,1,Number,2023,41174.965051241394,44591.28448400969,37874.50664194311
44,Population,203,Cabo Verde,3,Both,11,30-34 years,1,Number,2023,42314.64519384416,45825.52478989295,38922.833533708086
44,Population,203,Cabo Verde,3,Both,12,35-39 years,1,Number,2023,41382.50792096344,44816.04734986488,38065.41351431066
44,Population,203,Cabo Verde,3,Both,13,40-44 years,1,Number,2023,32546.2707996788,35246.66064235895,29937.461951427926
44,Population,203,Cabo Verde,3,Both,14,45-49 years,1,Number,2023,25983.669447776287,28139.555063188367,23900.89851581275
44,Population,203,Cabo Verde,3,Both,15,50-54 years,1,Number,2023,23807.253720601515,25782.560400894232,21898.93757153685
44,Population,203,Cabo Verde,3,Both,16,55-59 years,1,Number,2023,21220.328495194506,22980.99594245623,19519.372306333695
44,Population,203,Cabo Verde,3,Both,17,60-64 years,1,Number,2023,17035.807239562724,18449.28164696015,15670.269389244522
44,Population,203,Cabo Verde,3,Both,18,65-69 years,1,Number,2023,12923.651201465309,13995.936768361114,11887.73111668486
44,Population,203,Cabo Verde,3,Both,19,70-74 years,1,Number,2023,7925.66372173553,8583.262312443636,7290.366923131843
44,Population,203,Cabo Verde,3,Both,20,75-79 years,1,Number,2023,4418.08474635819,4784.65673387092,4063.9446776061286
44,Population,135,Brazil,3,Both,235,95+ years,1,Number,2023,249509.42606998503,268497.6391896379,231570.30548619077
44,Population,136,Paraguay,3,Both,1,<5 years,1,Number,2023,542539.7490798665,583247.7946826083,500483.6693420543
44,Population,204,Chad,3,Both,30,80-84 years,1,Number,2023,39170.79491809822,45684.778841505984,33191.5713964074
44,Population,204,Chad,3,Both,31,85-89 years,1,Number,2023,16973.62028786035,19796.28165861709,14382.683088714268
44,Population,204,Chad,3,Both,32,90-94 years,1,Number,2023,5991.335752984786,6987.676645639202,5076.788684550337
44,Population,435,South Sudan,3,Both,235,95+ years,1,Number,2023,1623.3263414560909,1879.664268122338,1366.5060022153978
44,Population,83,Iceland,3,Both,235,95+ years,1,Number,2023,532.3192540440057,539.8649703196324,524.3327837038001
44,Population,84,Ireland,3,Both,1,<5 years,1,Number,2023,297339.906026228,321501.85413549695,274602.8595461893
44,Population,84,Ireland,3,Both,6,5-9 years,1,Number,2023,346144.3158810076,374272.12795443163,319675.2841786386
44,Population,84,Ireland,3,Both,7,10-14 years,1,Number,2023,386830.949627516,418264.9722478596,357250.68440464843
44,Population,84,Ireland,3,Both,8,15-19 years,1,Number,2023,357797.0852873931,386871.80560966005,330436.98731963435
44,Population,84,Ireland,3,Both,9,20-24 years,1,Number,2023,321820.9450836149,347972.2312648258,297211.8776886361
44,Population,84,Ireland,3,Both,10,25-29 years,1,Number,2023,308953.5709576537,334059.2496720127,285328.44846091606
44,Population,84,Ireland,3,Both,11,30-34 years,1,Number,2023,339876.14366526523,367494.60180150426,313886.4277900885
44,Population,84,Ireland,3,Both,12,35-39 years,1,Number,2023,385249.29720866546,416554.79418244556,355789.9780943889
44,Population,84,Ireland,3,Both,13,40-44 years,1,Number,2023,428985.56717863196,463845.08923982864,396181.81436065026
44,Population,84,Ireland,3,Both,14,45-49 years,1,Number,2023,387879.1352070601,419398.33376601315,358218.717122909
44,Population,85,Israel,3,Both,11,30-34 years,1,Number,2023,661126.8309438498,711196.9912391442,611696.5990158
44,Population,85,Israel,3,Both,12,35-39 years,1,Number,2023,638850.1503292089,687233.1956610559,591085.4709666129
44,Population,85,Israel,3,Both,13,40-44 years,1,Number,2023,595490.027079968,640589.211857534,550967.2384534944
44,Population,44,Bosnia and Herzegovina,3,Both,235,95+ years,1,Number,2023,2128.965333410114,2384.0831439834838,1870.6402079440954
44,Population,45,Bulgaria,3,Both,1,<5 years,1,Number,2023,302557.3034479219,325926.33653701236,275268.23572542495
44,Population,45,Bulgaria,3,Both,6,5-9 years,1,Number,2023,329924.8266081181,355407.6825896287,300167.35311783856
44,Population,45,Bulgaria,3,Both,7,10-14 years,1,Number,2023,350978.9227841637,378087.96284582024,319322.4812311847
44,Population,45,Bulgaria,3,Both,8,15-19 years,1,Number,2023,332411.73386424757,358086.6745097067,302429.95449948177
44,Population,45,Bulgaria,3,Both,9,20-24 years,1,Number,2023,292689.89677794656,315296.78745518206,266290.8169215291
44,Population,45,Bulgaria,3,Both,10,25-29 years,1,Number,2023,289353.2876031256,311702.4640248361,263255.15223787585
44,Population,45,Bulgaria,3,Both,11,30-34 years,1,Number,2023,398475.8757596938,429253.50307099574,362535.46038889367
44,Population,45,Bulgaria,3,Both,12,35-39 years,1,Number,2023,463530.5117730989,499332.8531609449,421722.51248480193
44,Population,45,Bulgaria,3,Both,13,40-44 years,1,Number,2023,493685.5558345214,531817.0236868216,449157.7311439311
44,Population,201,Burkina Faso,3,Both,14,45-49 years,1,Number,2023,778248.45694065,848930.7404407442,699385.5518745978
44,Population,201,Burkina Faso,3,Both,15,50-54 years,1,Number,2023,619479.6612291159,675742.2039261685,556705.4079965294
44,Population,201,Burkina Faso,3,Both,16,55-59 years,1,Number,2023,490277.53471698874,534805.648320735,440595.8291747796
44,Population,201,Burkina Faso,3,Both,17,60-64 years,1,Number,2023,382810.3394594996,417578.03954182315,344018.69754892646
44,Population,201,Burkina Faso,3,Both,18,65-69 years,1,Number,2023,287417.9532765603,313521.9012835654,258292.78821984754
44,Population,201,Burkina Faso,3,Both,19,70-74 years,1,Number,2023,206287.82764005146,225023.3543035944,185383.88980069873
44,Population,201,Burkina Faso,3,Both,20,75-79 years,1,Number,2023,139765.69983452058,152459.53652791737,125602.7046891531
44,Population,201,Burkina Faso,3,Both,30,80-84 years,1,Number,2023,82194.11374940084,89659.16889761451,73865.06853023167
44,Population,201,Burkina Faso,3,Both,31,85-89 years,1,Number,2023,41278.159543141905,45027.13527084191,37095.285104625145
44,Population,201,Burkina Faso,3,Both,32,90-94 years,1,Number,2023,17820.726050541194,19439.244660694923,16014.883437943337
44,Population,202,Cameroon,3,Both,32,90-94 years,1,Number,2023,12561.501749669935,14771.096250649136,10311.084443895837
44,Population,86,Italy,3,Both,6,5-9 years,1,Number,2023,2463456.7980537475,2495788.990476473,2430775.257559685
44,Population,87,Luxembourg,3,Both,6,5-9 years,1,Number,2023,35487.62153753536,36019.462612172974,34980.66365558516
44,Population,87,Luxembourg,3,Both,7,10-14 years,1,Number,2023,35099.054747974296,35625.072502536495,34597.64773103271
44,Population,87,Luxembourg,3,Both,8,15-19 years,1,Number,2023,34201.1880798636,34713.749807987275,33712.60752366011
44,Population,87,Luxembourg,3,Both,9,20-24 years,1,Number,2023,38780.46235421415,39361.65212912182,38226.464644467735
44,Population,87,Luxembourg,3,Both,10,25-29 years,1,Number,2023,50117.75627661071,50868.85427083346,49401.799825620794
44,Population,87,Luxembourg,3,Both,11,30-34 years,1,Number,2023,53660.68195137758,54464.8765837122,52894.11308912513
44,Population,87,Luxembourg,3,Both,12,35-39 years,1,Number,2023,51732.59269897356,52507.891704732814,50993.567526640596
44,Population,87,Luxembourg,3,Both,13,40-44 years,1,Number,2023,50334.613787780945,51088.96175274806,49615.55942208768
44,Population,87,Luxembourg,3,Both,14,45-49 years,1,Number,2023,47147.47751228377,47854.060935465975,46473.9529337588
44,Population,87,Luxembourg,3,Both,15,50-54 years,1,Number,2023,47218.59669094104,47926.24595338678,46544.056140462584
44,Population,87,Luxembourg,3,Both,16,55-59 years,1,Number,2023,45677.20899368578,46361.75799598943,45024.68791389623
44,Population,87,Luxembourg,3,Both,17,60-64 years,1,Number,2023,38116.19030287021,38687.424855468475,37571.682041489104
44,Population,87,Luxembourg,3,Both,18,65-69 years,1,Number,2023,30266.00473176837,30719.591187668368,29833.64017790039
44,Population,87,Luxembourg,3,Both,19,70-74 years,1,Number,2023,24055.11463483628,24415.620565175705,23711.475657722884
44,Population,87,Luxembourg,3,Both,20,75-79 years,1,Number,2023,17888.064644664457,18156.14706641095,17632.524967122088
44,Population,87,Luxembourg,3,Both,30,80-84 years,1,Number,2023,13021.846785854925,13217.000833612969,12835.82339010115
44,Population,87,Luxembourg,3,Both,31,85-89 years,1,Number,2023,8052.733112325237,8173.41672105058,7937.695914968499
44,Population,87,Luxembourg,3,Both,32,90-94 years,1,Number,2023,3235.6348869425196,3284.126261141445,3189.412273592296
44,Population,85,Israel,3,Both,14,45-49 years,1,Number,2023,579339.1209012711,623215.1236456301,536023.8812667533
44,Population,85,Israel,3,Both,15,50-54 years,1,Number,2023,505692.41282086266,543990.813346987,467883.49011490576
44,Population,85,Israel,3,Both,16,55-59 years,1,Number,2023,425038.1028888348,457228.18344095716,393259.4319580861
44,Population,85,Israel,3,Both,17,60-64 years,1,Number,2023,395062.1011556207,424981.9619230592,365524.6351625585
44,Population,85,Israel,3,Both,18,65-69 years,1,Number,2023,366751.97477728786,394527.7801238935,339331.16181855433
44,Population,85,Israel,3,Both,19,70-74 years,1,Number,2023,335083.04582203453,360460.41825841315,310030.01228156517
44,Population,85,Israel,3,Both,20,75-79 years,1,Number,2023,233813.36721996422,251521.12347480067,216331.92730765388
44,Population,85,Israel,3,Both,30,80-84 years,1,Number,2023,147801.92090049144,158995.63672786887,136751.26785243352
44,Population,85,Israel,3,Both,31,85-89 years,1,Number,2023,88156.02738248536,94832.48674768137,81564.89739741017
44,Population,85,Israel,3,Both,32,90-94 years,1,Number,2023,41308.063709706585,44436.51240461202,38219.59857094584
44,Population,45,Bulgaria,3,Both,14,45-49 years,1,Number,2023,553749.2473281273,596519.9368352059,503803.99550504575
44,Population,45,Bulgaria,3,Both,15,50-54 years,1,Number,2023,538592.7694202885,580192.7972718526,490014.55170065816
44,Population,45,Bulgaria,3,Both,16,55-59 years,1,Number,2023,479338.9179283984,516362.27484724973,436105.084058551
44,Population,45,Bulgaria,3,Both,17,60-64 years,1,Number,2023,494892.2744942937,533116.9473294782,450255.6101662091
44,Population,45,Bulgaria,3,Both,18,65-69 years,1,Number,2023,496771.4397206726,535141.2562157676,451965.28463318467
44,Population,45,Bulgaria,3,Both,19,70-74 years,1,Number,2023,460947.2287038814,496550.0415170242,419372.2278784174
44,Population,45,Bulgaria,3,Both,20,75-79 years,1,Number,2023,351761.60921231157,378931.1026982594,320034.573485271
44,Population,46,Croatia,3,Both,30,80-84 years,1,Number,2023,120312.29407426543,129886.23691479312,110657.77125764458
44,Population,46,Croatia,3,Both,31,85-89 years,1,Number,2023,68964.0578229084,74451.92548205065,63430.00101764925
44,Population,46,Croatia,3,Both,32,90-94 years,1,Number,2023,21805.073221435625,23540.22860403255,20055.313742952974
44,Population,206,Gambia,3,Both,235,95+ years,1,Number,2023,1257.310825750198,1424.892205246249,1093.1070379865946
44,Population,207,Ghana,3,Both,1,<5 years,1,Number,2023,4291815.354876945,4642265.207317711,3928859.3209302914
44,Population,207,Ghana,3,Both,6,5-9 years,1,Number,2023,3936005.737666714,4257401.817394114,3603140.291693738
44,Population,207,Ghana,3,Both,7,10-14 years,1,Number,2023,3660307.2383919354,3959191.049906492,3350757.4352385206
44,Population,207,Ghana,3,Both,8,15-19 years,1,Number,2023,3464927.359844256,3747857.35136767,3171900.7059801184
44,Population,207,Ghana,3,Both,9,20-24 years,1,Number,2023,3183647.6816133726,3443609.6715850458,2914408.6672441317
44,Population,207,Ghana,3,Both,10,25-29 years,1,Number,2023,2847258.215441353,3079752.1926876768,2606467.4394998173
44,Population,207,Ghana,3,Both,11,30-34 years,1,Number,2023,2551465.8243633197,2759806.7588445093,2335690.018605737
44,Population,208,Guinea,3,Both,8,15-19 years,1,Number,2023,1512285.8653944912,1700014.7828561529,1338012.3695193017
44,Population,208,Guinea,3,Both,9,20-24 years,1,Number,2023,1235552.858626286,1388929.2842904043,1093169.648587344
44,Population,208,Guinea,3,Both,10,25-29 years,1,Number,2023,1060033.1412293036,1191621.2745512743,937876.5533163431
44,Population,208,Guinea,3,Both,11,30-34 years,1,Number,2023,931893.1051839906,1047574.4639994036,824503.1778305166
44,Population,208,Guinea,3,Both,12,35-39 years,1,Number,2023,754042.2890357802,847645.9825438691,667147.6160410575
44,Population,208,Guinea,3,Both,13,40-44 years,1,Number,2023,576907.8759158129,648522.8354278037,510425.9000973374
44,Population,208,Guinea,3,Both,14,45-49 years,1,Number,2023,445089.0232557651,500340.5351701987,393797.6491621365
44,Population,208,Guinea,3,Both,15,50-54 years,1,Number,2023,362760.72501080926,407792.34222170094,320956.73731212056
44,Population,208,Guinea,3,Both,16,55-59 years,1,Number,2023,281972.21084504196,316975.07578447124,249478.16719357736
44,Population,208,Guinea,3,Both,17,60-64 years,1,Number,2023,227784.913615784,256061.191418615,201535.3307083252
44,Population,208,Guinea,3,Both,18,65-69 years,1,Number,2023,177835.1738744472,199910.89741455167,157341.72210725263
44,Population,208,Guinea,3,Both,19,70-74 years,1,Number,2023,127055.51064056622,142827.65664542897,112413.8291197495
44,Population,208,Guinea,3,Both,20,75-79 years,1,Number,2023,79877.01499166676,89792.61752263593,70672.11070656228
44,Population,140,Bahrain,3,Both,235,95+ years,1,Number,2023,58.14122995874936,63.252046157702665,52.983909713335954
44,Population,141,Egypt,3,Both,1,<5 years,1,Number,2023,12489621.995085983,13735603.229435544,11237356.619262414
44,Population,50,Montenegro,3,Both,235,95+ years,1,Number,2023,535.0010019308725,573.9143025907221,496.9395613793197
44,Population,51,Poland,3,Both,1,<5 years,1,Number,2023,1769827.8624746543,1918399.5838000798,1618701.5335932816
44,Population,52,Romania,3,Both,1,<5 years,1,Number,2023,911702.6281951967,988661.561007822,838687.8829249956
44,Population,52,Romania,3,Both,6,5-9 years,1,Number,2023,1061986.1886221014,1151630.9052331478,976935.8129352246
44,Population,52,Romania,3,Both,7,10-14 years,1,Number,2023,1106689.1462313037,1200107.343146978,1018058.6831763319
44,Population,52,Romania,3,Both,8,15-19 years,1,Number,2023,1107758.1917911004,1201266.629321275,1019042.1130026462
44,Population,52,Romania,3,Both,9,20-24 years,1,Number,2023,987891.1588349761,1071281.3421774004,908774.7681541584
44,Population,52,Romania,3,Both,10,25-29 years,1,Number,2023,966033.7542926449,1047578.9034368444,888667.8387948212
44,Population,52,Romania,3,Both,11,30-34 years,1,Number,2023,1132715.2547542888,1228330.3758371773,1042000.4611013653
44,Population,52,Romania,3,Both,12,35-39 years,1,Number,2023,1329901.3478081939,1442161.4042215422,1223394.6808953914
44,Population,52,Romania,3,Both,13,40-44 years,1,Number,2023,1375668.6758547756,1491792.0585493292,1265496.6802529097
44,Population,52,Romania,3,Both,14,45-49 years,1,Number,2023,1535652.6983904704,1665280.7033825282,1412668.199795309
44,Population,52,Romania,3,Both,15,50-54 years,1,Number,2023,1592527.6558366653,1726956.607862831,1464988.2613776978
44,Population,52,Romania,3,Both,16,55-59 years,1,Number,2023,1266994.5517767638,1373944.499674988,1165525.8474034485
44,Population,52,Romania,3,Both,17,60-64 years,1,Number,2023,1098099.832180997,1190792.9851816252,1010157.2541425138
44,Population,52,Romania,3,Both,18,65-69 years,1,Number,2023,1273494.4976952097,1380993.1210998474,1171505.2377363031
44,Population,52,Romania,3,Both,19,70-74 years,1,Number,2023,1082329.7863447333,1173691.7532102866,995650.1704213358
44,Population,52,Romania,3,Both,20,75-79 years,1,Number,2023,664079.8723349305,720136.394162022,610896.2780158173
44,Population,52,Romania,3,Both,30,80-84 years,1,Number,2023,457703.3253720769,496339.1243443305,421047.6323008368
44,Population,435,South Sudan,3,Both,1,<5 years,1,Number,2023,1397114.2847093162,1617731.2795256176,1176082.1019658132
44,Population,435,South Sudan,3,Both,6,5-9 years,1,Number,2023,1277757.1077099666,1479526.523636304,1075607.9738673333
44,Population,435,South Sudan,3,Both,7,10-14 years,1,Number,2023,1350567.8643113382,1563834.7579225723,1136899.615221697
44,Population,435,South Sudan,3,Both,8,15-19 years,1,Number,2023,1243668.7137275934,1440055.2636129686,1046912.5761563508
44,Population,435,South Sudan,3,Both,9,20-24 years,1,Number,2023,988898.7551368547,1145054.8219122125,832448.8120273623
44,Population,435,South Sudan,3,Both,10,25-29 years,1,Number,2023,611921.0735782913,708548.9513368352,515111.34796024824
44,Population,208,Guinea,3,Both,30,80-84 years,1,Number,2023,48590.361473506186,54622.16813600692,42990.882992883
44,Population,208,Guinea,3,Both,31,85-89 years,1,Number,2023,25990.374134442056,29216.711768305762,22995.283415709597
44,Population,208,Guinea,3,Both,32,90-94 years,1,Number,2023,12958.177858888159,14566.752505646615,11464.89738373683
44,Population,141,Egypt,3,Both,6,5-9 years,1,Number,2023,12592993.85981754,13849287.60832213,11330363.958383143
44,Population,141,Egypt,3,Both,7,10-14 years,1,Number,2023,12327741.14345143,13557572.929609805,11091706.666016184
44,Population,141,Egypt,3,Both,8,15-19 years,1,Number,2023,10166526.364008404,11180752.50096103,9147184.948947623
44,Population,141,Egypt,3,Both,9,20-24 years,1,Number,2023,9288136.29603484,10214733.076265164,8356866.198826864
44,Population,141,Egypt,3,Both,10,25-29 years,1,Number,2023,8405845.256027391,9244423.51339797,7563037.605580047
44,Population,141,Egypt,3,Both,11,30-34 years,1,Number,2023,7902675.632057101,8691057.021227153,7110318.019129872
44,Population,141,Egypt,3,Both,12,35-39 years,1,Number,2023,7798414.354892616,8576394.500945194,7016510.44404569
44,Population,141,Egypt,3,Both,13,40-44 years,1,Number,2023,6835574.0878185425,7517500.013421338,6150208.849589569
44,Population,141,Egypt,3,Both,14,45-49 years,1,Number,2023,5401286.129024268,5940125.587957829,4859729.018092135
44,Population,141,Egypt,3,Both,15,50-54 years,1,Number,2023,4433520.78774031,4875814.694297015,3988996.1593996263
44,Population,141,Egypt,3,Both,16,55-59 years,1,Number,2023,3938229.483485955,4331112.473452849,3543364.977085572
44,Population,141,Egypt,3,Both,17,60-64 years,1,Number,2023,3166390.9909981634,3482274.3505545612,2848914.464814524
44,Population,141,Egypt,3,Both,18,65-69 years,1,Number,2023,2312875.0943377917,2543610.5774511476,2080975.890311966
44,Population,141,Egypt,3,Both,19,70-74 years,1,Number,2023,1450663.435165192,1595383.541048626,1305213.4293487319
44,Population,141,Egypt,3,Both,20,75-79 years,1,Number,2023,725438.2470355086,797808.92749656,652702.5630077505
44,Population,142,Iran (Islamic Republic of),3,Both,30,80-84 years,1,Number,2023,591403.2210628968,658300.2933322024,527350.9738253455
44,Population,142,Iran (Islamic Republic of),3,Both,31,85-89 years,1,Number,2023,298653.2599026062,332435.6743359621,266307.4562947021
44,Population,142,Iran (Islamic Republic of),3,Both,32,90-94 years,1,Number,2023,100810.50228813522,112213.76695915592,89892.1660553763
44,Population,142,Iran (Islamic Republic of),3,Both,235,95+ years,1,Number,2023,26612.80042586042,29623.129707087064,23730.48661380979
44,Population,143,Iraq,3,Both,1,<5 years,1,Number,2023,4682545.005170826,6012675.844643187,3374870.1190185733
44,Population,143,Iraq,3,Both,6,5-9 years,1,Number,2023,4965832.084488122,6376433.881571759,3579044.7928415127
44,Population,143,Iraq,3,Both,7,10-14 years,1,Number,2023,4985540.239840363,6401740.365438553,3593249.133542094
44,Population,143,Iraq,3,Both,8,15-19 years,1,Number,2023,4547494.985378391,5839263.3113033315,3277534.9570784196
44,Population,143,Iraq,3,Both,9,20-24 years,1,Number,2023,4144880.663827174,5322281.754644466,2987357.0641181436
44,Population,143,Iraq,3,Both,10,25-29 years,1,Number,2023,3736776.507366183,4798250.91224107,2693222.459631362
44,Population,143,Iraq,3,Both,11,30-34 years,1,Number,2023,3364931.58908917,4320779.162240036,2425221.1265494153
44,Population,143,Iraq,3,Both,12,35-39 years,1,Number,2023,2775933.4715746683,3564469.345717395,2000710.0658414424
44,Population,143,Iraq,3,Both,13,40-44 years,1,Number,2023,2525379.8845948437,3242743.126629548,1820127.537968807
44,Population,143,Iraq,3,Both,14,45-49 years,1,Number,2023,2355184.474959907,3024201.750678842,1697461.8931673602
44,Population,143,Iraq,3,Both,15,50-54 years,1,Number,2023,1922372.9378559382,2468445.1115959934,1385519.835562856
44,Population,143,Iraq,3,Both,16,55-59 years,1,Number,2023,1376283.5558447537,1767232.7510935464,991934.5660934318
44,Population,143,Iraq,3,Both,17,60-64 years,1,Number,2023,1005580.7748746225,1291227.5756558685,724756.4103786118
44,Population,143,Iraq,3,Both,18,65-69 years,1,Number,2023,723817.8850203516,929426.6917619978,521680.2719608435
44,Population,143,Iraq,3,Both,19,70-74 years,1,Number,2023,509233.5884527434,653887.2543007366,367022.0402306776
44,Population,143,Iraq,3,Both,20,75-79 years,1,Number,2023,317287.74634865404,407416.9850295394,228680.11585587577
44,Population,144,Jordan,3,Both,17,60-64 years,1,Number,2023,359517.9020978469,401122.6135986549,316038.62368382135
44,Population,144,Jordan,3,Both,18,65-69 years,1,Number,2023,233042.7937079086,260011.34838344477,204859.1276070456
44,Population,144,Jordan,3,Both,19,70-74 years,1,Number,2023,148372.05868699384,165542.20977107887,130428.27894509326
44,Population,144,Jordan,3,Both,20,75-79 years,1,Number,2023,95320.77854596566,106351.64368034767,83792.90011527282
44,Population,52,Romania,3,Both,31,85-89 years,1,Number,2023,266065.22235312685,288524.4046979063,244757.08542932532
44,Population,52,Romania,3,Both,32,90-94 years,1,Number,2023,88304.29371517782,95758.2638990147,81232.34359407067
44,Population,204,Chad,3,Both,235,95+ years,1,Number,2023,2365.889576308339,2759.329808932007,2004.7485110334574
44,Population,205,Côte d'Ivoire,3,Both,1,<5 years,1,Number,2023,4970274.943932738,5373660.429323439,4557803.63084578
44,Population,205,Côte d'Ivoire,3,Both,6,5-9 years,1,Number,2023,4241238.851289645,4585456.065022223,3889268.5120547176
44,Population,205,Côte d'Ivoire,3,Both,7,10-14 years,1,Number,2023,3961582.825857897,4283103.270732863,3632820.475984468
44,Population,205,Côte d'Ivoire,3,Both,8,15-19 years,1,Number,2023,3720855.4003915917,4022838.505689978,3412070.447824793
44,Population,205,Côte d'Ivoire,3,Both,9,20-24 years,1,Number,2023,3403118.7448911,3679314.472941485,3120702.0027328883
44,Population,205,Côte d'Ivoire,3,Both,10,25-29 years,1,Number,2023,2917370.6799743976,3154143.29337733,2675265.0160615086
44,Population,87,Luxembourg,3,Both,235,95+ years,1,Number,2023,805.7289027894916,817.8040914597975,794.2186747075058
44,Population,88,Malta,3,Both,235,95+ years,1,Number,2023,667.3412399542159,721.4679966875512,613.1806437450192
44,Population,89,Netherlands,3,Both,1,<5 years,1,Number,2023,867274.5860207782,880283.4783557776,853536.3087056426
44,Population,89,Netherlands,3,Both,6,5-9 years,1,Number,2023,895293.3886621549,908722.5557207454,881111.2725825385
44,Population,89,Netherlands,3,Both,7,10-14 years,1,Number,2023,956606.0736822203,970954.9150066685,941452.7188700059
44,Population,89,Netherlands,3,Both,8,15-19 years,1,Number,2023,1018390.2934367768,1033665.8819249771,1002258.2304295236
44,Population,89,Netherlands,3,Both,9,20-24 years,1,Number,2023,1159841.5173551883,1177238.8372676324,1141468.7612939938
44,Population,89,Netherlands,3,Both,10,25-29 years,1,Number,2023,1149264.2482441086,1166502.9118817325,1131059.044027079
44,Population,89,Netherlands,3,Both,11,30-34 years,1,Number,2023,1176906.5026049013,1194559.7928402284,1158263.4244294448
44,Population,144,Jordan,3,Both,30,80-84 years,1,Number,2023,70250.49958337125,78380.14139230218,61754.563741827296
44,Population,144,Jordan,3,Both,31,85-89 years,1,Number,2023,29164.046675956062,32539.015602591095,25637.013118783103
44,Population,144,Jordan,3,Both,32,90-94 years,1,Number,2023,7676.5359108905195,8564.892401720479,6748.1530955223025
44,Population,205,Côte d'Ivoire,3,Both,11,30-34 years,1,Number,2023,2500993.0393942245,2703972.613469162,2293441.5669672214
44,Population,205,Côte d'Ivoire,3,Both,12,35-39 years,1,Number,2023,2170944.355317813,2347137.3129317746,1990782.8393095792
44,Population,205,Côte d'Ivoire,3,Both,13,40-44 years,1,Number,2023,1738813.1456653632,1879934.510716641,1594513.1724252582
44,Population,205,Côte d'Ivoire,3,Both,14,45-49 years,1,Number,2023,1267947.7083812924,1370853.8267681175,1162723.7394658397
44,Population,205,Côte d'Ivoire,3,Both,15,50-54 years,1,Number,2023,901205.5613741258,974347.0368282088,826416.6522183015
44,Population,205,Côte d'Ivoire,3,Both,16,55-59 years,1,Number,2023,671164.5238803831,725635.962643142,615466.1740737468
44,Population,205,Côte d'Ivoire,3,Both,17,60-64 years,1,Number,2023,512747.8357385925,554362.2407635959,470196.1106377978
44,Population,205,Côte d'Ivoire,3,Both,18,65-69 years,1,Number,2023,357852.46386749507,386895.6237457348,328155.1377984392
44,Population,206,Gambia,3,Both,15,50-54 years,1,Number,2023,64618.45853679276,73231.16607157666,56179.339558511696
44,Population,206,Gambia,3,Both,16,55-59 years,1,Number,2023,50026.18337472034,56693.951319735774,43492.803856108185
44,Population,206,Gambia,3,Both,17,60-64 years,1,Number,2023,38872.01992496706,44053.09893057979,33795.365227515176
44,Population,206,Gambia,3,Both,18,65-69 years,1,Number,2023,30243.651380022104,34274.693438566115,26293.854710261916
44,Population,206,Gambia,3,Both,19,70-74 years,1,Number,2023,21705.308367665028,24598.312582808216,18870.612463077512
44,Population,206,Gambia,3,Both,20,75-79 years,1,Number,2023,14290.368331366522,16195.068099658252,12424.057662206951
44,Population,206,Gambia,3,Both,30,80-84 years,1,Number,2023,10520.695975164268,11922.952846471018,9146.701499295104
44,Population,206,Gambia,3,Both,31,85-89 years,1,Number,2023,5807.43153629631,6581.47830997355,5048.985624666883
44,Population,206,Gambia,3,Both,32,90-94 years,1,Number,2023,2445.9312614555606,2771.938583235097,2126.494595903293
44,Population,48,Hungary,3,Both,235,95+ years,1,Number,2023,11437.414200579133,12294.868620512623,10574.248453809103
44,Population,49,North Macedonia,3,Both,1,<5 years,1,Number,2023,93914.778910376,101143.37274917294,86333.5684227285
44,Population,49,North Macedonia,3,Both,6,5-9 years,1,Number,2023,111190.76967335545,119749.09161072527,102214.96587593938
44,Population,49,North Macedonia,3,Both,7,10-14 years,1,Number,2023,110677.9803059127,119196.83299142352,101743.57110235628
44,Population,49,North Macedonia,3,Both,8,15-19 years,1,Number,2023,103717.62805335513,111700.74440436732,95345.08883562026
44,Population,49,North Macedonia,3,Both,9,20-24 years,1,Number,2023,106293.08993189545,114474.43885166061,97712.64820051297
44,Population,50,Montenegro,3,Both,6,5-9 years,1,Number,2023,38650.98526774796,41462.2648823563,35901.2480285317
44,Population,50,Montenegro,3,Both,7,10-14 years,1,Number,2023,40105.436485000515,43022.50561646541,37252.22559182698
44,Population,90,Norway,3,Both,235,95+ years,1,Number,2023,11072.427735386515,11249.754443074675,10896.781474161384
44,Population,91,Portugal,3,Both,1,<5 years,1,Number,2023,421154.33038915176,454826.9814960493,385323.7255640618
44,Population,91,Portugal,3,Both,6,5-9 years,1,Number,2023,431488.84792526346,465987.7771403074,394779.0119319881
44,Population,91,Portugal,3,Both,7,10-14 years,1,Number,2023,475693.49808627635,513726.7320793309,435222.8569983768
44,Population,91,Portugal,3,Both,8,15-19 years,1,Number,2023,537857.5930311808,580861.047509732,492098.20869749255
44,Population,91,Portugal,3,Both,9,20-24 years,1,Number,2023,577982.1939661811,624193.7400885706,528809.123446391
44,Population,91,Portugal,3,Both,10,25-29 years,1,Number,2023,557076.6607418555,601616.7418556439,509682.1731442129
44,Population,91,Portugal,3,Both,11,30-34 years,1,Number,2023,575779.5467046413,621814.9840531263,526793.8711085229
44,Population,91,Portugal,3,Both,12,35-39 years,1,Number,2023,623687.2287116579,673553.0402131807,570625.7046718269
44,Population,91,Portugal,3,Both,13,40-44 years,1,Number,2023,737639.5920677725,796616.2636441551,674883.3271558121
44,Population,91,Portugal,3,Both,14,45-49 years,1,Number,2023,841802.094620639,909106.8952314379,770183.9821690472
44,Population,91,Portugal,3,Both,15,50-54 years,1,Number,2023,789065.8349991307,852154.201056646,721934.3725523141
44,Population,91,Portugal,3,Both,16,55-59 years,1,Number,2023,765381.514648101,826576.2426771356,700265.0463775629
44,Population,91,Portugal,3,Both,17,60-64 years,1,Number,2023,724205.2267486348,782107.7773589194,662591.9191805562
44,Population,91,Portugal,3,Both,18,65-69 years,1,Number,2023,659041.2751082374,711733.7569859832,602971.9300061528
44,Population,91,Portugal,3,Both,19,70-74 years,1,Number,2023,601076.7666163805,649134.7985307944,549938.8759664757
44,Population,91,Portugal,3,Both,20,75-79 years,1,Number,2023,491708.4543647852,531022.135919094,449875.30664142926
44,Population,91,Portugal,3,Both,30,80-84 years,1,Number,2023,357252.4223915881,385815.90923777677,326858.40897211013
44,Population,91,Portugal,3,Both,31,85-89 years,1,Number,2023,243303.87041202342,262756.80191523687,222604.27360366852
44,Population,91,Portugal,3,Both,32,90-94 years,1,Number,2023,96648.1724344068,104375.50646774311,88425.6225905893
44,Population,193,Botswana,3,Both,1,<5 years,1,Number,2023,250631.51595206326,268505.7329630717,231778.2225390081
44,Population,193,Botswana,3,Both,6,5-9 years,1,Number,2023,260433.76158115492,279007.042574217,240843.11232420243
44,Population,193,Botswana,3,Both,7,10-14 years,1,Number,2023,242497.3855385125,259791.50306899333,224255.96707966726
44,Population,193,Botswana,3,Both,8,15-19 years,1,Number,2023,209215.79961742408,224136.38368797945,193477.92706037234
44,Population,193,Botswana,3,Both,9,20-24 years,1,Number,2023,199366.56715916342,213584.73630124473,184369.5849435502
44,Population,193,Botswana,3,Both,10,25-29 years,1,Number,2023,205463.74475227896,220116.74458610316,190008.11360052598
44,Population,89,Netherlands,3,Both,12,35-39 years,1,Number,2023,1103459.7626849634,1120011.3709992752,1085980.1357361157
44,Population,89,Netherlands,3,Both,13,40-44 years,1,Number,2023,1059708.2762892318,1075603.6237316213,1042921.7055681837
44,Population,89,Netherlands,3,Both,14,45-49 years,1,Number,2023,1059311.7286293665,1075201.127960401,1042531.4395194801
44,Population,89,Netherlands,3,Both,15,50-54 years,1,Number,2023,1273183.523122705,1292280.9435267681,1253015.3450212637
44,Population,89,Netherlands,3,Both,16,55-59 years,1,Number,2023,1266089.700003213,1285080.7149127622,1246033.8933592208
44,Population,89,Netherlands,3,Both,17,60-64 years,1,Number,2023,1180371.7707806278,1198077.0391337697,1161673.8001686384
44,Population,89,Netherlands,3,Both,18,65-69 years,1,Number,2023,1029970.9144414532,1045420.2092208909,1013655.4057465157
44,Population,89,Netherlands,3,Both,19,70-74 years,1,Number,2023,927180.594592281,941088.0614137092,912493.3613503103
44,Population,89,Netherlands,3,Both,20,75-79 years,1,Number,2023,770848.9342177087,782411.4669535023,758638.1112591472
44,Population,89,Netherlands,3,Both,30,80-84 years,1,Number,2023,470582.0001715373,477640.6072997687,463127.6297540547
44,Population,89,Netherlands,3,Both,31,85-89 years,1,Number,2023,266827.74645400647,270830.09297904064,262600.99562417186
44,Population,89,Netherlands,3,Both,32,90-94 years,1,Number,2023,120092.51674844083,121893.87314213799,118190.16157148067
44,Population,126,Costa Rica,3,Both,235,95+ years,1,Number,2023,3582.5206658494,3848.224663149834,3333.5073938072505
44,Population,127,El Salvador,3,Both,1,<5 years,1,Number,2023,439504.0128527894,510982.58137488517,365762.29804302985
44,Population,127,El Salvador,3,Both,6,5-9 years,1,Number,2023,520890.40594128764,605605.2196511856,433493.3614575821
44,Population,127,El Salvador,3,Both,7,10-14 years,1,Number,2023,557884.8224510849,648616.209066123,464280.7090168333
44,Population,127,El Salvador,3,Both,8,15-19 years,1,Number,2023,542437.3949934853,630656.4950998038,451425.1117969802
44,Population,127,El Salvador,3,Both,9,20-24 years,1,Number,2023,572109.7214921488,665154.5691703218,476118.8984543262
44,Population,127,El Salvador,3,Both,10,25-29 years,1,Number,2023,585895.2845158192,681182.1420104832,487591.46540229523
44,Population,127,El Salvador,3,Both,11,30-34 years,1,Number,2023,498248.3853944668,579280.822675923,414650.3083218725
44,Population,127,El Salvador,3,Both,12,35-39 years,1,Number,2023,404518.02677771426,470306.66271706024,336646.3985474612
44,Population,127,El Salvador,3,Both,13,40-44 years,1,Number,2023,378738.2707196006,440334.225805086,315192.0715264183
44,Population,127,El Salvador,3,Both,14,45-49 years,1,Number,2023,350339.3635654918,407316.6731514934,291558.0448990513
44,Population,127,El Salvador,3,Both,15,50-54 years,1,Number,2023,308234.4665255789,358364.0621427179,256517.6733670124
44,Population,127,El Salvador,3,Both,16,55-59 years,1,Number,2023,265393.4495499685,308555.612611553,220864.69100221162
44,Population,127,El Salvador,3,Both,17,60-64 years,1,Number,2023,219225.12740445242,254878.72289549728,182442.6718376426
44,Population,127,El Salvador,3,Both,18,65-69 years,1,Number,2023,178191.085200662,207171.12479317485,148293.48289842767
44,Population,127,El Salvador,3,Both,19,70-74 years,1,Number,2023,138880.5121891062,161467.2916418294,115578.5927003467
44,Population,127,El Salvador,3,Both,20,75-79 years,1,Number,2023,103662.08755609131,120521.1318693076,86269.25410383788
44,Population,435,South Sudan,3,Both,11,30-34 years,1,Number,2023,538819.9557479967,623904.5051547104,453575.2823320946
44,Population,435,South Sudan,3,Both,12,35-39 years,1,Number,2023,532229.9313437525,616273.8562319553,448027.84083917335
44,Population,435,South Sudan,3,Both,13,40-44 years,1,Number,2023,481605.0458635278,557654.8429843731,405412.12759439106
44,Population,435,South Sudan,3,Both,14,45-49 years,1,Number,2023,406072.178264084,470194.6517278571,341829.03015842004
44,Population,435,South Sudan,3,Both,15,50-54 years,1,Number,2023,323829.0988674193,374964.6454780999,272597.3182307912
44,Population,435,South Sudan,3,Both,16,55-59 years,1,Number,2023,246578.9847403086,285516.0389195089,207568.65336490006
44,Population,435,South Sudan,3,Both,17,60-64 years,1,Number,2023,174180.0803981642,201684.69209304772,146623.70667684387
44,Population,435,South Sudan,3,Both,18,65-69 years,1,Number,2023,118720.11745181371,137467.0988713809,99937.85533973522
44,Population,435,South Sudan,3,Both,19,70-74 years,1,Number,2023,73176.06843319708,84731.23216381688,61599.158578794784
44,Population,435,South Sudan,3,Both,20,75-79 years,1,Number,2023,45500.4169753993,52685.34476968475,38301.96757875277
44,Population,50,Montenegro,3,Both,8,15-19 years,1,Number,2023,40822.327940923475,43791.54017616597,37918.11542077532
44,Population,50,Montenegro,3,Both,9,20-24 years,1,Number,2023,40870.11865343958,43842.80694640567,37962.50617075531
44,Population,50,Montenegro,3,Both,10,25-29 years,1,Number,2023,42286.14935520394,45361.832648632575,39277.796559548544
44,Population,50,Montenegro,3,Both,11,30-34 years,1,Number,2023,42199.556131091194,45268.941065913314,39197.3638152103
44,Population,50,Montenegro,3,Both,12,35-39 years,1,Number,2023,45391.334731636474,48692.873699580836,42162.07052052563
44,Population,50,Montenegro,3,Both,13,40-44 years,1,Number,2023,47287.71219584888,50727.184188522406,43923.5344839092
44,Population,50,Montenegro,3,Both,14,45-49 years,1,Number,2023,45050.96514787927,48327.7473323776,41845.915763714496
44,Population,50,Montenegro,3,Both,15,50-54 years,1,Number,2023,42172.30402738816,45239.70678030561,39172.050501007216
44,Population,50,Montenegro,3,Both,16,55-59 years,1,Number,2023,41671.134231211516,44702.08439639571,38706.535300494055
44,Population,50,Montenegro,3,Both,17,60-64 years,1,Number,2023,41651.863658157345,44681.41217811015,38688.635688929775
44,Population,50,Montenegro,3,Both,18,65-69 years,1,Number,2023,37900.41540818267,40657.1023201492,35204.07577006721
44,Population,50,Montenegro,3,Both,19,70-74 years,1,Number,2023,32182.68777192989,34523.49573451571,29893.12298046289
44,Population,50,Montenegro,3,Both,20,75-79 years,1,Number,2023,17116.445803642746,18361.410578253082,15898.734842246451
44,Population,50,Montenegro,3,Both,30,80-84 years,1,Number,2023,13061.260701130934,14011.271566204903,12132.046744689296
44,Population,50,Montenegro,3,Both,31,85-89 years,1,Number,2023,6551.9548727056035,7028.511344471433,6085.830809416163
44,Population,50,Montenegro,3,Both,32,90-94 years,1,Number,2023,1730.8854283678104,1856.7813890085201,1607.7454854600348
44,Population,92,Spain,3,Both,32,90-94 years,1,Number,2023,459022.6750796977,492452.80887669284,425955.53703302046
44,Population,211,Mali,3,Both,235,95+ years,1,Number,2023,3947.641757773452,4242.516004129494,3645.051667654644
44,Population,212,Mauritania,3,Both,1,<5 years,1,Number,2023,665793.093403978,750069.8962894515,578884.3577119024
44,Population,212,Mauritania,3,Both,6,5-9 years,1,Number,2023,643131.0001283006,724539.2109738628,559180.441524929
44,Population,212,Mauritania,3,Both,7,10-14 years,1,Number,2023,588167.8023008482,662618.712695039,511391.8180210929
44,Population,212,Mauritania,3,Both,8,15-19 years,1,Number,2023,511216.84707940865,575927.2231404937,444485.59035067196
44,Population,212,Mauritania,3,Both,9,20-24 years,1,Number,2023,419235.9296868222,472303.2627047791,364511.3238494557
44,Population,212,Mauritania,3,Both,10,25-29 years,1,Number,2023,348983.3892693563,393158.08047468006,303429.1390985269
44,Population,212,Mauritania,3,Both,11,30-34 years,1,Number,2023,291484.06677330786,328380.43215029885,253435.44180464675
44,Population,212,Mauritania,3,Both,12,35-39 years,1,Number,2023,245615.4515748226,276705.71851070697,213554.24731439626
44,Population,212,Mauritania,3,Both,13,40-44 years,1,Number,2023,203459.21831302575,229213.304089634,176900.84213931244
44,Population,212,Mauritania,3,Both,14,45-49 years,1,Number,2023,165859.0485380205,186853.6645514515,144208.77857527137
44,Population,212,Mauritania,3,Both,15,50-54 years,1,Number,2023,134945.1305129293,152026.62967124526,117330.18257058892
44,Population,212,Mauritania,3,Both,16,55-59 years,1,Number,2023,109683.99434390305,123567.9118290664,95366.48734582214
44,Population,212,Mauritania,3,Both,17,60-64 years,1,Number,2023,90256.41527347422,101681.16899127327,78474.87080083264
44,Population,55,Slovenia,3,Both,235,95+ years,1,Number,2023,3816.9194950542947,3868.3348612583004,3765.0160263498205
44,Population,144,Jordan,3,Both,235,95+ years,1,Number,2023,1492.0370677094547,1664.7009917820556,1311.5934939890847
44,Population,145,Kuwait,3,Both,1,<5 years,1,Number,2023,249635.13512289565,268714.25660216867,228443.77725811157
44,Population,212,Mauritania,3,Both,18,65-69 years,1,Number,2023,70291.95347401776,79189.58423356399,61116.45305763481
44,Population,212,Mauritania,3,Both,19,70-74 years,1,Number,2023,48764.0748725277,54936.68370046411,42398.697796148765
44,Population,212,Mauritania,3,Both,20,75-79 years,1,Number,2023,30689.127503221524,34573.79013330808,26683.14832257004
44,Population,212,Mauritania,3,Both,30,80-84 years,1,Number,2023,17523.010116675618,19741.09150591462,15235.658881213509
44,Population,212,Mauritania,3,Both,31,85-89 years,1,Number,2023,8569.34778477125,9654.065005885515,7450.7552534602155
44,Population,212,Mauritania,3,Both,32,90-94 years,1,Number,2023,3234.8670135352563,3644.3399449328986,2812.606396740655
44,Population,193,Botswana,3,Both,11,30-34 years,1,Number,2023,198539.30913241254,212698.48094752932,183604.55587570497
44,Population,193,Botswana,3,Both,12,35-39 years,1,Number,2023,201614.27559647016,215992.74392611888,186448.21366031756
44,Population,193,Botswana,3,Both,13,40-44 years,1,Number,2023,170209.49366013354,182348.27602937474,157405.79850842
44,Population,193,Botswana,3,Both,14,45-49 years,1,Number,2023,133804.10902422183,143346.57886317465,123738.94176972314
44,Population,193,Botswana,3,Both,15,50-54 years,1,Number,2023,97305.56345762954,104245.07683452181,89985.93195948936
44,Population,193,Botswana,3,Both,16,55-59 years,1,Number,2023,76354.74755443398,81800.11751289426,70611.10253175923
44,Population,193,Botswana,3,Both,17,60-64 years,1,Number,2023,61448.247149625015,65830.5344303218,56825.916119829904
44,Population,193,Botswana,3,Both,18,65-69 years,1,Number,2023,48541.42638760848,52003.24157864757,44889.98713864811
44,Population,194,Lesotho,3,Both,15,50-54 years,1,Number,2023,61383.70079206367,68549.89265953413,54864.44187290728
44,Population,194,Lesotho,3,Both,16,55-59 years,1,Number,2023,53370.44457551882,59601.135148834925,47702.23392140855
44,Population,194,Lesotho,3,Both,17,60-64 years,1,Number,2023,47543.559275845895,53093.994708002465,42494.19325753681
44,Population,194,Lesotho,3,Both,18,65-69 years,1,Number,2023,39037.96087759314,43595.416914844776,34891.93234961245
44,Population,194,Lesotho,3,Both,19,70-74 years,1,Number,2023,31515.17444230568,35194.388694235626,28168.10381246946
44,Population,194,Lesotho,3,Both,20,75-79 years,1,Number,2023,19542.60542275712,21824.09152155312,17467.08206619965
44,Population,194,Lesotho,3,Both,30,80-84 years,1,Number,2023,11164.546365491618,12467.942549429867,9978.815177368524
44,Population,194,Lesotho,3,Both,31,85-89 years,1,Number,2023,5582.6543327672025,6234.396921795781,4989.7482586491515
44,Population,194,Lesotho,3,Both,32,90-94 years,1,Number,2023,2177.1748633419834,2431.347430300665,1945.947901408134
44,Population,57,Belarus,3,Both,30,80-84 years,1,Number,2023,181745.8773275113,199820.34482796682,163583.00611836236
44,Population,57,Belarus,3,Both,31,85-89 years,1,Number,2023,113231.86688985639,124492.6763685142,101915.97986488759
44,Population,57,Belarus,3,Both,32,90-94 years,1,Number,2023,39895.39532978216,43862.9572734655,35908.42771396583
44,Population,208,Guinea,3,Both,235,95+ years,1,Number,2023,6213.5793510132,6984.9074126052865,5497.536028663897
44,Population,209,Guinea-Bissau,3,Both,1,<5 years,1,Number,2023,333711.1659300037,386118.5974080781,282426.7079299465
44,Population,210,Liberia,3,Both,1,<5 years,1,Number,2023,764357.1495307456,819164.5893524549,712341.4009047939
44,Population,145,Kuwait,3,Both,6,5-9 years,1,Number,2023,286056.80440193665,307919.56229645485,261773.63565346022
44,Population,145,Kuwait,3,Both,7,10-14 years,1,Number,2023,292182.89196187584,314513.85465733754,267379.6837817314
44,Population,145,Kuwait,3,Both,8,15-19 years,1,Number,2023,330457.8915197966,355714.13701178937,302405.5445014552
44,Population,145,Kuwait,3,Both,9,20-24 years,1,Number,2023,387808.30143628037,417447.72575101384,354887.516889568
44,Population,145,Kuwait,3,Both,10,25-29 years,1,Number,2023,449862.77020632074,484244.89529277256,411674.2237551488
44,Population,145,Kuwait,3,Both,11,30-34 years,1,Number,2023,436770.356682642,470151.8544016675,399693.2163648953
44,Population,145,Kuwait,3,Both,12,35-39 years,1,Number,2023,493256.22886135156,530954.830487364,451384.04103935754
44,Population,146,Lebanon,3,Both,10,25-29 years,1,Number,2023,463723.2542752615,542699.0615761239,387090.56124374137
44,Population,146,Lebanon,3,Both,11,30-34 years,1,Number,2023,584167.2794351816,683655.6748667308,487630.581326353
44,Population,146,Lebanon,3,Both,12,35-39 years,1,Number,2023,489993.229093221,573443.0248125943,409019.2853316362
44,Population,146,Lebanon,3,Both,13,40-44 years,1,Number,2023,402385.0264968436,470914.43928860244,335888.7964033041
44,Population,146,Lebanon,3,Both,14,45-49 years,1,Number,2023,336846.36539834895,394214.0160357371,281180.7418171077
44,Population,146,Lebanon,3,Both,15,50-54 years,1,Number,2023,270292.30583907076,316325.2637812254,225625.08867628404
44,Population,146,Lebanon,3,Both,16,55-59 years,1,Number,2023,237421.59881885655,277856.4104538377,198186.43790424295
44,Population,146,Lebanon,3,Both,17,60-64 years,1,Number,2023,203181.19787238448,237784.5932863286,169604.44229072757
44,Population,146,Lebanon,3,Both,18,65-69 years,1,Number,2023,157191.67052819472,183962.678810575,131214.92486439284
44,Population,146,Lebanon,3,Both,19,70-74 years,1,Number,2023,136563.98822371438,159821.9359732816,113996.07494305764
44,Population,146,Lebanon,3,Both,20,75-79 years,1,Number,2023,106526.20576577935,124668.47709137549,88922.19313324525
44,Population,146,Lebanon,3,Both,30,80-84 years,1,Number,2023,72954.45155951165,85379.18259248254,60898.34688910756
44,Population,146,Lebanon,3,Both,31,85-89 years,1,Number,2023,43444.20210907875,50843.09984059017,36264.82049832144
44,Population,146,Lebanon,3,Both,32,90-94 years,1,Number,2023,19059.80754668169,22305.846372900975,15910.074667213654
44,Population,127,El Salvador,3,Both,30,80-84 years,1,Number,2023,68831.13922145909,80025.46545607052,57282.379505811645
44,Population,127,El Salvador,3,Both,31,85-89 years,1,Number,2023,37048.93875294024,43074.378862425605,30832.721845636002
44,Population,127,El Salvador,3,Both,32,90-94 years,1,Number,2023,13816.862286330714,16063.96244653937,11498.614697029197
44,Population,146,Lebanon,3,Both,235,95+ years,1,Number,2023,4184.212956248386,4896.818142837307,3492.7498818855925
44,Population,147,Libya,3,Both,1,<5 years,1,Number,2023,578452.6844784315,682921.5017230514,471908.15554208803
44,Population,148,Morocco,3,Both,6,5-9 years,1,Number,2023,2898848.671778152,3258423.8761417978,2548889.476336358
44,Population,148,Morocco,3,Both,7,10-14 years,1,Number,2023,3134316.986914465,3523099.8447719263,2755931.2292587175
44,Population,148,Morocco,3,Both,8,15-19 years,1,Number,2023,3163910.976080592,3556364.692926293,2781952.5280877044
44,Population,148,Morocco,3,Both,9,20-24 years,1,Number,2023,2997615.1792391795,3369441.449845203,2635732.5440455424
44,Population,148,Morocco,3,Both,10,25-29 years,1,Number,2023,2881929.280059375,3239405.7913128156,2534012.6530244495
44,Population,148,Morocco,3,Both,11,30-34 years,1,Number,2023,2902560.7590023996,3262596.4132457743,2552153.4273501663
44,Population,148,Morocco,3,Both,12,35-39 years,1,Number,2023,2797976.163779547,3145039.0721301604,2460194.6518729664
44,Population,148,Morocco,3,Both,13,40-44 years,1,Number,2023,2603638.75408694,2926595.915046864,2289318.336994443
44,Population,148,Morocco,3,Both,14,45-49 years,1,Number,2023,2325438.806375047,2613887.8524318575,2044703.6642991595
44,Population,148,Morocco,3,Both,15,50-54 years,1,Number,2023,2038798.1094954303,2291692.044254829,1792667.2393284088
44,Population,148,Morocco,3,Both,16,55-59 years,1,Number,2023,1827517.2421187134,2054203.7512181483,1606892.9405005241
44,Population,148,Morocco,3,Both,17,60-64 years,1,Number,2023,1602831.1232758553,1801647.4100048903,1409331.719256737
44,Population,148,Morocco,3,Both,18,65-69 years,1,Number,2023,1193982.6239592764,1342085.0586246396,1049840.8470806773
44,Population,148,Morocco,3,Both,19,70-74 years,1,Number,2023,834179.5954688342,937651.8123654478,733474.5041936953
44,Population,210,Liberia,3,Both,6,5-9 years,1,Number,2023,626508.7540394713,671431.9170606751,583873.8131848171
44,Population,210,Liberia,3,Both,7,10-14 years,1,Number,2023,633726.7030782234,679167.4216790674,590600.569038518
44,Population,210,Liberia,3,Both,8,15-19 years,1,Number,2023,626423.6893815708,671340.7529293523,583794.5373153973
44,Population,210,Liberia,3,Both,9,20-24 years,1,Number,2023,580085.6920493814,621680.1373658797,540609.9161536812
44,Population,210,Liberia,3,Both,10,25-29 years,1,Number,2023,524631.4721416348,562249.6299041806,488929.4462065918
44,Population,210,Liberia,3,Both,11,30-34 years,1,Number,2023,456136.21136460884,488842.9872091417,425095.3994560638
44,Population,210,Liberia,3,Both,12,35-39 years,1,Number,2023,393799.6970215297,422036.697499075,367000.98641638487
44,Population,210,Liberia,3,Both,13,40-44 years,1,Number,2023,305765.3314019538,327689.91863276047,284957.50272330665
44,Population,210,Liberia,3,Both,14,45-49 years,1,Number,2023,241162.7491088161,258455.07491113758,224751.23134740203
44,Population,210,Liberia,3,Both,15,50-54 years,1,Number,2023,188598.07839822836,202121.3087868585,175763.67206956068
44,Population,210,Liberia,3,Both,16,55-59 years,1,Number,2023,134262.95496836366,143890.1414599547,125126.14226281185
44,Population,210,Liberia,3,Both,17,60-64 years,1,Number,2023,96937.13217941138,103887.90910571323,90340.40249216967
44,Population,210,Liberia,3,Both,18,65-69 years,1,Number,2023,66449.39142675528,71214.07639640191,61927.402140825856
44,Population,210,Liberia,3,Both,19,70-74 years,1,Number,2023,42035.01653403893,45049.09397219498,39174.465213410054
44,Population,210,Liberia,3,Both,20,75-79 years,1,Number,2023,26369.51866742073,28260.317763601568,24575.02998469699
44,Population,210,Liberia,3,Both,30,80-84 years,1,Number,2023,14604.80124529849,15652.023431747763,13610.920739603194
44,Population,210,Liberia,3,Both,31,85-89 years,1,Number,2023,7826.525083218868,8387.717979465024,7293.917307399217
44,Population,210,Liberia,3,Both,32,90-94 years,1,Number,2023,3310.688208802716,3548.0776868546886,3085.3904854103116
44,Population,129,Honduras,3,Both,6,5-9 years,1,Number,2023,1187633.327589099,1343572.5022523722,1038137.1792781748
44,Population,129,Honduras,3,Both,7,10-14 years,1,Number,2023,1104791.808865504,1249853.6885274376,965723.5322568209
44,Population,129,Honduras,3,Both,8,15-19 years,1,Number,2023,1074496.9210122088,1215581.0074456977,939242.0849178408
44,Population,129,Honduras,3,Both,9,20-24 years,1,Number,2023,1044176.0255158956,1181278.9038534942,912737.903709294
44,Population,129,Honduras,3,Both,10,25-29 years,1,Number,2023,948738.2481424974,1073309.9117612261,829313.5818269452
44,Population,129,Honduras,3,Both,11,30-34 years,1,Number,2023,803223.4962920463,908688.7153729192,702115.8428277777
44,Population,129,Honduras,3,Both,12,35-39 years,1,Number,2023,680425.941639798,769767.5400051659,594775.7202095207
44,Population,129,Honduras,3,Both,13,40-44 years,1,Number,2023,587784.0351264807,664961.523488094,513795.33234357607
44,Population,129,Honduras,3,Both,14,45-49 years,1,Number,2023,497084.9289890318,562353.4018109062,434513.19027054735
44,Population,129,Honduras,3,Both,15,50-54 years,1,Number,2023,400807.5551450977,453434.57216811227,350354.95810511184
44,Population,129,Honduras,3,Both,16,55-59 years,1,Number,2023,321779.72226719506,364030.1906129979,281274.9402220856
44,Population,129,Honduras,3,Both,17,60-64 years,1,Number,2023,267629.71910910157,302770.15896014305,233941.19652312386
44,Population,129,Honduras,3,Both,18,65-69 years,1,Number,2023,214982.76784140937,243210.53360482882,187921.30451016818
44,Population,129,Honduras,3,Both,19,70-74 years,1,Number,2023,159881.90662407706,180874.79389270977,139756.39425450843
44,Population,129,Honduras,3,Both,20,75-79 years,1,Number,2023,104193.33979850616,117874.18138163367,91077.75722122334
44,Population,130,Mexico,3,Both,30,80-84 years,1,Number,2023,1316902.6083088892,1435537.8537527109,1201820.0456879989
44,Population,130,Mexico,3,Both,31,85-89 years,1,Number,2023,720231.5089540702,785114.6987222679,657291.3285582064
44,Population,130,Mexico,3,Both,32,90-94 years,1,Number,2023,295815.09496191377,322464.0636672461,269964.1634083073
44,Population,92,Spain,3,Both,235,95+ years,1,Number,2023,139264.0208573107,149406.4715533664,129231.70033670793
44,Population,93,Sweden,3,Both,1,<5 years,1,Number,2023,563681.1039771333,605478.8946216472,523195.22318931785
44,Population,93,Sweden,3,Both,6,5-9 years,1,Number,2023,623561.7725715127,669799.8036851536,578775.0174185615
44,Population,93,Sweden,3,Both,7,10-14 years,1,Number,2023,638277.8362267821,685607.0853064577,592434.1132340195
44,Population,93,Sweden,3,Both,8,15-19 years,1,Number,2023,618591.2472826729,664460.7065674015,574161.4955716981
44,Population,93,Sweden,3,Both,9,20-24 years,1,Number,2023,595977.7490248771,640170.3838440514,553172.1911855806
44,Population,194,Lesotho,3,Both,235,95+ years,1,Number,2023,1027.709645739368,1147.6887999836918,918.5616929793146
44,Population,195,Namibia,3,Both,1,<5 years,1,Number,2023,340640.24416805734,364429.52024843835,318222.55002946046
44,Population,195,Namibia,3,Both,6,5-9 years,1,Number,2023,387026.84730545233,414055.6223216141,361556.4290713738
44,Population,195,Namibia,3,Both,7,10-14 years,1,Number,2023,337801.88575269567,361392.939535171,315570.9853118508
44,Population,195,Namibia,3,Both,8,15-19 years,1,Number,2023,293691.88992164866,314202.4360815088,274363.88898233
44,Population,195,Namibia,3,Both,9,20-24 years,1,Number,2023,271948.43413306365,290940.48363390594,254051.38021110353
44,Population,195,Namibia,3,Both,10,25-29 years,1,Number,2023,259662.78736667245,277796.84475485195,242574.25761711728
44,Population,196,South Africa,3,Both,8,15-19 years,1,Number,2023,5268458.620332685,5659716.99929082,4900903.39425781
44,Population,196,South Africa,3,Both,9,20-24 years,1,Number,2023,5476587.702588248,5883302.641653562,5094512.303272197
44,Population,196,South Africa,3,Both,10,25-29 years,1,Number,2023,5901282.562904684,6339537.167472537,5489578.229085092
44,Population,196,South Africa,3,Both,11,30-34 years,1,Number,2023,5822987.622197425,6255427.707986765,5416745.552904523
44,Population,196,South Africa,3,Both,12,35-39 years,1,Number,2023,5543312.667478209,5954982.88919453,5156582.185656561
44,Population,196,South Africa,3,Both,13,40-44 years,1,Number,2023,4536084.173997685,4872953.279106822,4219623.219434261
44,Population,196,South Africa,3,Both,14,45-49 years,1,Number,2023,3500810.7070234255,3760795.955267204,3256575.8437373424
44,Population,196,South Africa,3,Both,15,50-54 years,1,Number,2023,2912393.4692394244,3128680.324614009,2709209.6697360906
44,Population,196,South Africa,3,Both,16,55-59 years,1,Number,2023,2578665.3754928075,2770168.1483905613,2398764.1931236726
44,Population,196,South Africa,3,Both,17,60-64 years,1,Number,2023,2194870.7669525985,2357871.302818294,2041745.1036250088
44,Population,196,South Africa,3,Both,18,65-69 years,1,Number,2023,1689782.8120610497,1815273.3457224069,1571894.7259503307
44,Population,196,South Africa,3,Both,19,70-74 years,1,Number,2023,1123356.473251324,1206781.7527097561,1044985.2508040094
44,Population,53,Serbia,3,Both,235,95+ years,1,Number,2023,3338.065772367096,3821.6478511630917,2858.945814266341
44,Population,54,Slovakia,3,Both,1,<5 years,1,Number,2023,277368.5328690975,298079.6400634542,254585.03511271076
44,Population,148,Morocco,3,Both,20,75-79 years,1,Number,2023,538913.1621266758,605760.3253789382,473853.6719687578
44,Population,148,Morocco,3,Both,30,80-84 years,1,Number,2023,369943.7647921132,415831.8465409907,325282.85387745604
44,Population,148,Morocco,3,Both,31,85-89 years,1,Number,2023,146523.84356551684,164698.76297650486,128834.97042548704
44,Population,148,Morocco,3,Both,32,90-94 years,1,Number,2023,24900.02592429095,27988.64244903522,21894.007319808396
44,Population,94,Switzerland,3,Both,235,95+ years,1,Number,2023,21804.02189171132,23509.91828693554,20131.47045822203
44,Population,95,United Kingdom,3,Both,1,<5 years,1,Number,2023,3562027.9492215663,3800672.025637226,3309511.34892519
44,Population,95,United Kingdom,3,Both,6,5-9 years,1,Number,2023,3977058.864342275,4243361.22014525,3695858.4000487295
44,Population,95,United Kingdom,3,Both,7,10-14 years,1,Number,2023,4234643.9222717695,4517847.012871524,3935525.746270587
44,Population,95,United Kingdom,3,Both,8,15-19 years,1,Number,2023,4088200.823702079,4361168.751927497,3800238.2695428687
44,Population,95,United Kingdom,3,Both,9,20-24 years,1,Number,2023,4105685.630388501,4379650.902516618,3816958.4008940943
44,Population,95,United Kingdom,3,Both,10,25-29 years,1,Number,2023,4437073.89226343,4735690.167585635,4122285.397858517
44,Population,95,United Kingdom,3,Both,11,30-34 years,1,Number,2023,4740396.62542972,5059825.147518426,4403252.508177153
44,Population,95,United Kingdom,3,Both,12,35-39 years,1,Number,2023,4691387.282861222,5007031.916542356,4358473.308049914
44,Population,95,United Kingdom,3,Both,13,40-44 years,1,Number,2023,4528243.590408553,4832664.659274527,4207061.202663675
44,Population,95,United Kingdom,3,Both,14,45-49 years,1,Number,2023,4176949.2884750264,4456985.907570744,3881467.96673703
44,Population,95,United Kingdom,3,Both,15,50-54 years,1,Number,2023,4668765.561168335,4979325.416399961,4341284.016793707
44,Population,95,United Kingdom,3,Both,16,55-59 years,1,Number,2023,4704203.362452941,5014920.963025309,4376536.319668329
44,Population,95,United Kingdom,3,Both,17,60-64 years,1,Number,2023,4211686.028898377,4487810.103596585,3920431.9874041746
44,Population,95,United Kingdom,3,Both,18,65-69 years,1,Number,2023,3521097.6782910167,3751082.5856605982,3278592.9482791824
44,Population,93,Sweden,3,Both,10,25-29 years,1,Number,2023,644144.683224624,691908.9677185242,597879.5793012625
44,Population,93,Sweden,3,Both,11,30-34 years,1,Number,2023,785943.1768983193,844222.0301979906,729493.525594782
44,Population,93,Sweden,3,Both,12,35-39 years,1,Number,2023,720546.9676087338,773976.5949089084,668794.3393464026
44,Population,93,Sweden,3,Both,13,40-44 years,1,Number,2023,658202.269107397,707008.9444629914,610927.4919092018
44,Population,93,Sweden,3,Both,14,45-49 years,1,Number,2023,645695.2766750981,693574.5399752071,599318.8027924754
44,Population,93,Sweden,3,Both,15,50-54 years,1,Number,2023,661410.7167217042,710455.30323084,613905.495702153
44,Population,93,Sweden,3,Both,16,55-59 years,1,Number,2023,683170.0528431501,733828.126427426,634101.987367719
44,Population,93,Sweden,3,Both,17,60-64 years,1,Number,2023,587312.9676508021,630863.0960682206,545129.749824836
44,Population,93,Sweden,3,Both,18,65-69 years,1,Number,2023,543477.7681379317,583777.4514381164,504442.9735059781
44,Population,93,Sweden,3,Both,19,70-74 years,1,Number,2023,514079.7382525495,552199.5139953572,477156.43028377934
44,Population,93,Sweden,3,Both,20,75-79 years,1,Number,2023,504236.0540736392,541625.9060216314,468019.75973610196
44,Population,94,Switzerland,3,Both,30,80-84 years,1,Number,2023,257774.51008355367,277942.1933539226,238001.04221150282
44,Population,94,Switzerland,3,Both,31,85-89 years,1,Number,2023,155374.66830986133,167530.824082192,143456.1275241189
44,Population,94,Switzerland,3,Both,32,90-94 years,1,Number,2023,73045.70009264411,78760.62723285396,67442.48197963055
44,Population,215,Sao Tome and Principe,3,Both,235,95+ years,1,Number,2023,120.23999889026952,136.93056565586318,104.00038423204013
44,Population,216,Senegal,3,Both,1,<5 years,1,Number,2023,2708899.117690925,2895365.69638086,2513758.7295804345
44,Population,216,Senegal,3,Both,6,5-9 years,1,Number,2023,2538506.8156168945,2713244.471145627,2355640.9414374023
44,Population,216,Senegal,3,Both,7,10-14 years,1,Number,2023,2415271.074587479,2581525.820268442,2241282.707206417
44,Population,216,Senegal,3,Both,8,15-19 years,1,Number,2023,2100054.2018549973,2244611.051361123,1948773.045119869
44,Population,216,Senegal,3,Both,9,20-24 years,1,Number,2023,1799661.0670329966,1923540.4096705944,1670019.2664968765
44,Population,216,Senegal,3,Both,10,25-29 years,1,Number,2023,1508252.9870931113,1612073.307482841,1399603.2882733794
44,Population,216,Senegal,3,Both,11,30-34 years,1,Number,2023,1242405.1850075386,1327925.9202324315,1152906.3076187354
44,Population,216,Senegal,3,Both,12,35-39 years,1,Number,2023,1007303.4819361346,1076641.0341367482,934740.5757997042
44,Population,216,Senegal,3,Both,13,40-44 years,1,Number,2023,797534.0952671948,852432.209841432,740082.3017081752
44,Population,216,Senegal,3,Both,14,45-49 years,1,Number,2023,645205.5711529016,689618.1794404776,598727.0350038145
44,Population,216,Senegal,3,Both,15,50-54 years,1,Number,2023,517179.2645912573,552779.2053228677,479923.33218833245
44,Population,54,Slovakia,3,Both,6,5-9 years,1,Number,2023,292343.82615640515,314173.13843816717,268330.2337044041
44,Population,54,Slovakia,3,Both,7,10-14 years,1,Number,2023,290121.71788975794,311785.10535650246,266290.6529875979
44,Population,54,Slovakia,3,Both,8,15-19 years,1,Number,2023,269031.9412750068,289120.5552097468,246933.22457116112
44,Population,54,Slovakia,3,Both,9,20-24 years,1,Number,2023,265702.34099174995,285542.3336872038,243877.12301466524
44,Population,54,Slovakia,3,Both,10,25-29 years,1,Number,2023,308257.57733003824,331275.1693456696,282936.8037410504
44,Population,54,Slovakia,3,Both,11,30-34 years,1,Number,2023,381809.46288196754,410319.1738854872,350447.01902088267
44,Population,54,Slovakia,3,Both,12,35-39 years,1,Number,2023,418438.82517322735,449683.65050650854,384067.58653305104
44,Population,54,Slovakia,3,Both,13,40-44 years,1,Number,2023,440401.62019018875,473286.4073359321,404226.3222148857
44,Population,54,Slovakia,3,Both,14,45-49 years,1,Number,2023,443721.3052764008,476853.97329370823,407273.32302458206
44,Population,54,Slovakia,3,Both,15,50-54 years,1,Number,2023,366695.06497028255,394076.183944674,336574.14208256826
44,Population,54,Slovakia,3,Both,16,55-59 years,1,Number,2023,344402.07054142194,370118.5717146396,316112.33010003367
44,Population,54,Slovakia,3,Both,17,60-64 years,1,Number,2023,339331.2043406274,364669.0639557471,311457.99301129696
44,Population,54,Slovakia,3,Both,18,65-69 years,1,Number,2023,337401.07960617816,362594.8168154138,309686.41182936257
44,Population,54,Slovakia,3,Both,19,70-74 years,1,Number,2023,277786.8450343972,298529.18759639503,254968.98644341616
44,Population,54,Slovakia,3,Both,20,75-79 years,1,Number,2023,175718.46479687313,188839.36183155372,161284.66725306626
44,Population,54,Slovakia,3,Both,30,80-84 years,1,Number,2023,109564.84266580298,117746.04901142408,100565.01012808215
44,Population,54,Slovakia,3,Both,31,85-89 years,1,Number,2023,55154.49364375184,59272.879454464266,50624.014756371645
44,Population,54,Slovakia,3,Both,32,90-94 years,1,Number,2023,19221.76842096655,20657.057788919556,17642.86142253079
44,Population,59,Latvia,3,Both,235,95+ years,1,Number,2023,3400.664428716849,3687.2464218142504,3096.4138519872445
44,Population,60,Lithuania,3,Both,1,<5 years,1,Number,2023,123884.52099406558,125544.90206390414,122070.76184844223
44,Population,60,Lithuania,3,Both,6,5-9 years,1,Number,2023,147293.83296239434,149267.9608840452,145137.34452876463
44,Population,60,Lithuania,3,Both,7,10-14 years,1,Number,2023,148675.89413264266,150668.54533860722,146499.1713221333
44,Population,60,Lithuania,3,Both,8,15-19 years,1,Number,2023,133121.57087231014,134905.75290320444,131172.57462393327
44,Population,60,Lithuania,3,Both,9,20-24 years,1,Number,2023,136811.73615364885,138645.37618404577,134808.7132119112
44,Population,60,Lithuania,3,Both,10,25-29 years,1,Number,2023,158725.69305331586,160853.03821256585,156401.83390520932
44,Population,60,Lithuania,3,Both,11,30-34 years,1,Number,2023,201680.58467523128,204383.63928013042,198727.8347915966
44,Population,60,Lithuania,3,Both,12,35-39 years,1,Number,2023,207965.69478602795,210752.9865318231,204920.92633660932
44,Population,60,Lithuania,3,Both,13,40-44 years,1,Number,2023,185576.0320794569,188063.24297721905,182859.06451408425
44,Population,61,Republic of Moldova,3,Both,10,25-29 years,1,Number,2023,211772.2578228512,250822.92298690157,171944.56829250447
44,Population,61,Republic of Moldova,3,Both,11,30-34 years,1,Number,2023,294338.4217996099,348614.2333378071,238982.6381818458
44,Population,61,Republic of Moldova,3,Both,12,35-39 years,1,Number,2023,338983.7243162459,401492.10029724793,275231.5659046295
44,Population,61,Republic of Moldova,3,Both,13,40-44 years,1,Number,2023,299741.94953131746,355014.1680319983,243369.93259253402
44,Population,61,Republic of Moldova,3,Both,14,45-49 years,1,Number,2023,274260.6849313207,324834.1749862606,222680.8910427266
44,Population,61,Republic of Moldova,3,Both,15,50-54 years,1,Number,2023,235533.63159023365,278965.87846081756,191237.17628786847
44,Population,61,Republic of Moldova,3,Both,16,55-59 years,1,Number,2023,232631.35926105746,275528.42902153864,188880.72994386748
44,Population,61,Republic of Moldova,3,Both,17,60-64 years,1,Number,2023,257000.5736809606,304391.3105648222,208666.86291583977
44,Population,61,Republic of Moldova,3,Both,18,65-69 years,1,Number,2023,214726.95554479444,254322.46502691932,174343.58046462463
44,Population,61,Republic of Moldova,3,Both,19,70-74 years,1,Number,2023,167989.82182144493,198967.03456101584,136396.22907919093
44,Population,61,Republic of Moldova,3,Both,20,75-79 years,1,Number,2023,72036.65230155406,85320.16364287556,58488.827613998365
44,Population,148,Morocco,3,Both,235,95+ years,1,Number,2023,1417.0130900037716,1592.7803787155092,1245.9462917483015
44,Population,61,Republic of Moldova,3,Both,30,80-84 years,1,Number,2023,72685.10649826647,86088.19236729226,59015.32800671952
44,Population,61,Republic of Moldova,3,Both,31,85-89 years,1,Number,2023,42999.691047139124,50928.805816478154,34912.80392352508
44,Population,61,Republic of Moldova,3,Both,32,90-94 years,1,Number,2023,18336.09993563367,21717.26471312763,14887.657240912455
44,Population,216,Senegal,3,Both,16,55-59 years,1,Number,2023,424345.2902097948,453555.02117831295,393776.8190239859
44,Population,216,Senegal,3,Both,17,60-64 years,1,Number,2023,341668.1524696058,365186.81768022646,317055.47662557295
44,Population,216,Senegal,3,Both,18,65-69 years,1,Number,2023,258665.02035943698,276470.18004892,240031.62344409732
44,Population,216,Senegal,3,Both,19,70-74 years,1,Number,2023,178008.35883548067,190261.53188038748,165185.2086475634
44,Population,216,Senegal,3,Both,20,75-79 years,1,Number,2023,115814.2173806887,123786.26799623082,107471.33329881685
44,Population,217,Sierra Leone,3,Both,20,75-79 years,1,Number,2023,44624.704531811316,48157.6140318898,41187.28555370798
44,Population,217,Sierra Leone,3,Both,30,80-84 years,1,Number,2023,28256.191199958434,30493.215901269446,26079.630729728
44,Population,217,Sierra Leone,3,Both,31,85-89 years,1,Number,2023,13826.485759016368,14921.119850227145,12761.438381175742
44,Population,217,Sierra Leone,3,Both,32,90-94 years,1,Number,2023,5026.222750432699,5424.145611565726,4639.055291246593
44,Population,16,Philippines,3,Both,30,80-84 years,1,Number,2023,594505.0728765642,648575.1758278774,542389.2439148175
44,Population,16,Philippines,3,Both,31,85-89 years,1,Number,2023,281387.7397605882,306979.8915389992,256720.57376595907
44,Population,16,Philippines,3,Both,32,90-94 years,1,Number,2023,93329.67427651823,101817.98720566901,85148.1573079314
44,Population,213,Niger,3,Both,235,95+ years,1,Number,2023,2500.816606751636,2835.0323693616647,2183.9127405458435
44,Population,214,Nigeria,3,Both,1,<5 years,1,Number,2023,38782499.662557244,43627248.30715087,33913419.46367947
44,Population,8,Taiwan,3,Both,235,95+ years,1,Number,2023,45810.28358000299,49081.26549162029,42408.14445616053
44,Population,66,Brunei Darussalam,3,Both,1,<5 years,1,Number,2023,28009.523307230447,30308.505920843887,25876.31214489874
44,Population,66,Brunei Darussalam,3,Both,6,5-9 years,1,Number,2023,31541.628185892525,34130.521042405635,29139.411176119516
44,Population,149,Palestine,3,Both,235,95+ years,1,Number,2023,701.0004009163234,773.5266483886973,621.6167977472556
44,Population,150,Oman,3,Both,1,<5 years,1,Number,2023,433831.9377868804,472134.1518654567,397156.4072999741
44,Population,150,Oman,3,Both,6,5-9 years,1,Number,2023,479632.6238797033,521978.4952616633,439085.1690073135
44,Population,150,Oman,3,Both,7,10-14 years,1,Number,2023,406616.1941307684,442515.5808722386,372241.4436216468
44,Population,150,Oman,3,Both,8,15-19 years,1,Number,2023,299641.6324272056,326096.4342811875,274310.3581063442
44,Population,150,Oman,3,Both,9,20-24 years,1,Number,2023,308149.30690708436,335355.2355013,282098.8059742975
44,Population,150,Oman,3,Both,10,25-29 years,1,Number,2023,491809.321407227,535230.2507433075,450232.4659709259
44,Population,150,Oman,3,Both,11,30-34 years,1,Number,2023,678596.369977921,738508.380072041,621228.8050577577
44,Population,150,Oman,3,Both,12,35-39 years,1,Number,2023,642610.5503918462,699345.4394731373,588285.1751040508
44,Population,150,Oman,3,Both,13,40-44 years,1,Number,2023,498111.6778863404,542089.0305422298,456002.0302624283
44,Population,150,Oman,3,Both,14,45-49 years,1,Number,2023,324515.80879221624,353166.70536670473,297081.7072376905
44,Population,150,Oman,3,Both,15,50-54 years,1,Number,2023,209488.17678557688,227983.49788873072,191778.34644542303
44,Population,150,Oman,3,Both,16,55-59 years,1,Number,2023,134487.70671820902,146361.3759550464,123118.30866738863
44,Population,150,Oman,3,Both,17,60-64 years,1,Number,2023,93408.37794503207,101655.22972601082,85511.7674959913
44,Population,150,Oman,3,Both,18,65-69 years,1,Number,2023,56302.95666324788,61273.83988215907,51543.185369922045
44,Population,150,Oman,3,Both,19,70-74 years,1,Number,2023,35404.62516033286,38530.43359938095,32411.568872063093
44,Population,150,Oman,3,Both,20,75-79 years,1,Number,2023,22026.380150734607,23971.048245511873,20164.301529101867
44,Population,150,Oman,3,Both,30,80-84 years,1,Number,2023,13890.618256445883,15116.995080743996,12716.32528957694
44,Population,150,Oman,3,Both,31,85-89 years,1,Number,2023,4113.0018574729565,4476.131133879299,3765.2945729747944
44,Population,150,Oman,3,Both,32,90-94 years,1,Number,2023,1359.237126606467,1479.24164188585,1244.329167247607
44,Population,214,Nigeria,3,Both,6,5-9 years,1,Number,2023,35305781.65528129,39716215.209307246,30873197.787315696
44,Population,214,Nigeria,3,Both,7,10-14 years,1,Number,2023,32269849.91376727,36301031.83837907,28218422.37291748
44,Population,214,Nigeria,3,Both,8,15-19 years,1,Number,2023,28137149.880375054,31652070.783662867,24604576.154405043
44,Population,214,Nigeria,3,Both,9,20-24 years,1,Number,2023,22735823.038474414,25576004.790753618,19881377.17435949
44,Population,214,Nigeria,3,Both,10,25-29 years,1,Number,2023,18410556.023697525,20710421.0947501,16099140.447979456
44,Population,214,Nigeria,3,Both,11,30-34 years,1,Number,2023,14787430.941195093,16634691.603419589,12930892.868236389
44,Population,214,Nigeria,3,Both,12,35-39 years,1,Number,2023,12256646.65969039,13787759.218407877,10717844.466056725
44,Population,214,Nigeria,3,Both,13,40-44 years,1,Number,2023,10229072.052431934,11506897.963414036,8944828.576205568
44,Population,214,Nigeria,3,Both,14,45-49 years,1,Number,2023,8581882.246615756,9653939.559685098,7504440.790297253
44,Population,214,Nigeria,3,Both,15,50-54 years,1,Number,2023,7098831.393533331,7985624.510822347,6207584.57669146
44,Population,214,Nigeria,3,Both,16,55-59 years,1,Number,2023,5529969.640925535,6220778.979045216,4835690.883411061
44,Population,214,Nigeria,3,Both,17,60-64 years,1,Number,2023,3978314.952490083,4475290.035105786,3478843.9351855842
44,Population,214,Nigeria,3,Both,18,65-69 years,1,Number,2023,2714004.0712358686,3053040.1741159526,2373265.243210133
44,Population,214,Nigeria,3,Both,19,70-74 years,1,Number,2023,1769303.3426270925,1990326.4856851788,1547170.165386041
44,Population,214,Nigeria,3,Both,20,75-79 years,1,Number,2023,1048312.3430962318,1179268.5694229635,916698.4214454564
44,Population,214,Nigeria,3,Both,30,80-84 years,1,Number,2023,679327.138551024,764189.3641003539,594038.7134196104
44,Population,214,Nigeria,3,Both,31,85-89 years,1,Number,2023,325753.966734312,366447.47804840445,284856.0823036377
44,Population,214,Nigeria,3,Both,32,90-94 years,1,Number,2023,132377.13506173954,148913.8191652846,115757.39954387724
44,Population,215,Sao Tome and Principe,3,Both,30,80-84 years,1,Number,2023,896.5975616643792,1021.054660823907,775.5030919428241
44,Population,215,Sao Tome and Principe,3,Both,31,85-89 years,1,Number,2023,540.1913491580021,615.1755462848317,467.2331037072454
44,Population,215,Sao Tome and Principe,3,Both,32,90-94 years,1,Number,2023,219.0443235482496,249.44996177636352,189.4601964663592
44,Population,151,Qatar,3,Both,235,95+ years,1,Number,2023,54.64286744583379,59.457155914649896,49.93064577960049
44,Population,152,Saudi Arabia,3,Both,1,<5 years,1,Number,2023,2538421.0822727047,2728479.3886918495,2353789.296608664
44,Population,152,Saudi Arabia,3,Both,6,5-9 years,1,Number,2023,2846085.4080223893,3059179.3569934857,2639075.690562482
44,Population,152,Saudi Arabia,3,Both,7,10-14 years,1,Number,2023,2674155.268913472,2874376.3532169806,2479650.8717153724
44,Population,152,Saudi Arabia,3,Both,8,15-19 years,1,Number,2023,2289542.2837339817,2460966.375647016,2123012.670837504
44,Population,152,Saudi Arabia,3,Both,9,20-24 years,1,Number,2023,2572836.010847607,2765471.0540761645,2385701.0590380207
44,Population,152,Saudi Arabia,3,Both,10,25-29 years,1,Number,2023,3727995.3240958657,4007120.203172974,3456839.9833047474
44,Population,152,Saudi Arabia,3,Both,11,30-34 years,1,Number,2023,4052758.872250272,4356199.657927728,3757981.889552267
44,Population,152,Saudi Arabia,3,Both,12,35-39 years,1,Number,2023,3622202.51786271,3893406.409470709,3358742.005507128
44,Population,152,Saudi Arabia,3,Both,13,40-44 years,1,Number,2023,2756914.3400235698,2963331.815070069,2556390.4706481937
44,Population,152,Saudi Arabia,3,Both,14,45-49 years,1,Number,2023,1914574.8555352374,2057924.1434437325,1775318.4583860082
44,Population,152,Saudi Arabia,3,Both,15,50-54 years,1,Number,2023,1441765.0886085683,1549713.8575928917,1336898.459239282
44,Population,152,Saudi Arabia,3,Both,16,55-59 years,1,Number,2023,1034942.2801133649,1112431.1484392635,959665.8641668571
44,Population,152,Saudi Arabia,3,Both,17,60-64 years,1,Number,2023,685213.1131676749,736516.8329225704,635374.2107381002
44,Population,196,South Africa,3,Both,20,75-79 years,1,Number,2023,692945.7980711437,744406.9310508778,644602.2752645452
44,Population,196,South Africa,3,Both,30,80-84 years,1,Number,2023,408263.5854883141,438582.99390680646,379780.98264824075
44,Population,196,South Africa,3,Both,31,85-89 years,1,Number,2023,193948.3258162616,208351.7620068116,180417.47630609915
44,Population,196,South Africa,3,Both,32,90-94 years,1,Number,2023,82725.54029944565,88869.09444469072,76954.17397427767
44,Population,97,Argentina,3,Both,1,<5 years,1,Number,2023,2782523.8322800556,2996679.643264841,2579935.803203876
44,Population,97,Argentina,3,Both,6,5-9 years,1,Number,2023,3527332.366294358,3798812.0620846585,3270516.8437481825
44,Population,57,Belarus,3,Both,235,95+ years,1,Number,2023,9097.49508967604,10002.232967375416,8188.332064525877
44,Population,58,Estonia,3,Both,1,<5 years,1,Number,2023,67778.41280578423,68730.21645846896,66866.15128224537
44,Population,152,Saudi Arabia,3,Both,18,65-69 years,1,Number,2023,387519.83466265723,416534.4705692696,359333.6209750757
44,Population,152,Saudi Arabia,3,Both,19,70-74 years,1,Number,2023,214602.8601364297,230670.74439530005,198993.74407908725
44,Population,152,Saudi Arabia,3,Both,20,75-79 years,1,Number,2023,136611.18842381585,146839.6297533729,126674.78825895692
44,Population,152,Saudi Arabia,3,Both,30,80-84 years,1,Number,2023,62464.69995456317,67141.5974036322,57921.33669063463
44,Population,152,Saudi Arabia,3,Both,31,85-89 years,1,Number,2023,21449.625234915864,23055.615460077206,19889.489039781027
44,Population,152,Saudi Arabia,3,Both,32,90-94 years,1,Number,2023,6770.7272732696865,7277.669548438398,6278.2591499003465
44,Population,153,Syrian Arab Republic,3,Both,30,80-84 years,1,Number,2023,111691.99481825311,132323.06907530656,90889.4899355336
44,Population,153,Syrian Arab Republic,3,Both,31,85-89 years,1,Number,2023,41878.67492246731,49614.25215446449,34078.820143491896
44,Population,153,Syrian Arab Republic,3,Both,32,90-94 years,1,Number,2023,9001.616753884544,10664.341320538793,7325.076042262739
44,Population,98,Chile,3,Both,235,95+ years,1,Number,2023,29426.076159666005,32487.92531802804,26353.38737426163
44,Population,99,Uruguay,3,Both,1,<5 years,1,Number,2023,174873.6419412468,199245.4008009597,149444.4359847144
44,Population,97,Argentina,3,Both,7,10-14 years,1,Number,2023,3770821.1683054026,4061040.880355569,3496277.8851092425
44,Population,97,Argentina,3,Both,8,15-19 years,1,Number,2023,3719224.601728289,4005473.20509246,3448437.9248938398
44,Population,97,Argentina,3,Both,9,20-24 years,1,Number,2023,3708314.1450704397,3993723.029591354,3438321.829055112
44,Population,97,Argentina,3,Both,10,25-29 years,1,Number,2023,3706602.3722626898,3991879.510888165,3436734.685792427
44,Population,98,Chile,3,Both,8,15-19 years,1,Number,2023,1273739.3169507752,1406274.746901305,1140734.6820994632
44,Population,98,Chile,3,Both,9,20-24 years,1,Number,2023,1361015.6825941957,1502632.4139469313,1218897.596513835
44,Population,98,Chile,3,Both,10,25-29 years,1,Number,2023,1539565.1509231564,1699760.3545248825,1378802.8206697886
44,Population,98,Chile,3,Both,11,30-34 years,1,Number,2023,1607568.0017678635,1774839.0543715195,1439704.772433277
44,Population,98,Chile,3,Both,12,35-39 years,1,Number,2023,1402526.4764365903,1548462.4989003676,1256073.807993951
44,Population,98,Chile,3,Both,13,40-44 years,1,Number,2023,1290333.1830974352,1424595.242001803,1155595.8066417489
44,Population,98,Chile,3,Both,14,45-49 years,1,Number,2023,1179303.837060247,1302013.0437299896,1056160.2125057017
44,Population,98,Chile,3,Both,15,50-54 years,1,Number,2023,1200952.0482633119,1325913.7998151002,1075547.9043168235
44,Population,98,Chile,3,Both,16,55-59 years,1,Number,2023,1164377.098772864,1285533.1448779998,1042792.1333167813
44,Population,98,Chile,3,Both,17,60-64 years,1,Number,2023,1066700.1455379252,1177692.6857977354,955314.6669984447
44,Population,98,Chile,3,Both,18,65-69 years,1,Number,2023,845355.1741437211,933316.2741702605,757082.6722586296
44,Population,98,Chile,3,Both,19,70-74 years,1,Number,2023,647295.7132350696,714648.2825693648,579704.7008246573
44,Population,98,Chile,3,Both,20,75-79 years,1,Number,2023,456935.14999644936,504480.2761917097,409221.70347938954
44,Population,98,Chile,3,Both,30,80-84 years,1,Number,2023,298915.1015295128,330017.8876119584,267702.2046664005
44,Population,98,Chile,3,Both,31,85-89 years,1,Number,2023,158712.1966826305,175226.5563681598,142139.37249066232
44,Population,98,Chile,3,Both,32,90-94 years,1,Number,2023,79477.55789254342,87747.3758737634,71178.46291628286
44,Population,66,Brunei Darussalam,3,Both,7,10-14 years,1,Number,2023,32535.627508138405,35206.10644288359,30057.707301766626
44,Population,66,Brunei Darussalam,3,Both,8,15-19 years,1,Number,2023,33284.50559956268,36016.45140373709,30749.55068087791
44,Population,66,Brunei Darussalam,3,Both,9,20-24 years,1,Number,2023,37712.598202144814,40807.99567213813,34840.398823279305
44,Population,66,Brunei Darussalam,3,Both,10,25-29 years,1,Number,2023,41920.91063951523,45361.72052585162,38728.205303889634
44,Population,66,Brunei Darussalam,3,Both,11,30-34 years,1,Number,2023,41453.44220689458,44855.88293616892,38296.339365019616
44,Population,66,Brunei Darussalam,3,Both,12,35-39 years,1,Number,2023,40477.51323416303,43799.85107429422,37394.73734728257
44,Population,66,Brunei Darussalam,3,Both,13,40-44 years,1,Number,2023,37440.41546143837,40513.472551634935,34588.94557712015
44,Population,66,Brunei Darussalam,3,Both,14,45-49 years,1,Number,2023,33233.30039402952,35961.04334633972,30702.245274524284
44,Population,66,Brunei Darussalam,3,Both,15,50-54 years,1,Number,2023,28890.039311341596,31261.293450687754,26689.767865692003
44,Population,66,Brunei Darussalam,3,Both,16,55-59 years,1,Number,2023,22475.55136294572,24320.3132765285,20763.808663111235
44,Population,66,Brunei Darussalam,3,Both,17,60-64 years,1,Number,2023,18514.69289220027,20034.353065944557,17104.61000319267
44,Population,66,Brunei Darussalam,3,Both,18,65-69 years,1,Number,2023,13950.790926243662,15095.852391010214,12888.295766979862
44,Population,66,Brunei Darussalam,3,Both,19,70-74 years,1,Number,2023,9203.126128448232,9958.50588725806,8502.214114694521
44,Population,66,Brunei Darussalam,3,Both,20,75-79 years,1,Number,2023,4546.473321359376,4919.6415114929205,4200.21296083894
44,Population,66,Brunei Darussalam,3,Both,30,80-84 years,1,Number,2023,2939.8629067750658,3181.1627545071483,2715.962331971687
44,Population,66,Brunei Darussalam,3,Both,31,85-89 years,1,Number,2023,1246.7597868947548,1349.092091589263,1151.8063003617067
44,Population,66,Brunei Darussalam,3,Both,32,90-94 years,1,Number,2023,405.5992251550339,438.8902439452677,374.70870320493486
44,Population,58,Estonia,3,Both,6,5-9 years,1,Number,2023,73877.35235567982,74914.80264275428,72883.00233736161
44,Population,58,Estonia,3,Both,7,10-14 years,1,Number,2023,78468.07667065844,79569.99391691037,77411.93793548537
44,Population,58,Estonia,3,Both,8,15-19 years,1,Number,2023,71292.8707355067,72294.02747505555,70333.30647039185
44,Population,58,Estonia,3,Both,9,20-24 years,1,Number,2023,63846.633182431164,64743.223352649395,62987.29132934395
44,Population,58,Estonia,3,Both,10,25-29 years,1,Number,2023,70537.72796583583,71528.28033126735,69588.32752228351
44,Population,58,Estonia,3,Both,11,30-34 years,1,Number,2023,99374.95040692255,100770.46022881378,98037.41622890058
44,Population,58,Estonia,3,Both,12,35-39 years,1,Number,2023,103923.48403274601,105382.86833531925,102524.72900219019
44,Population,58,Estonia,3,Both,13,40-44 years,1,Number,2023,94900.80972077227,96233.4897525959,93623.49510573372
44,Population,58,Estonia,3,Both,14,45-49 years,1,Number,2023,92759.27573473548,94061.88247646748,91510.78503244345
44,Population,58,Estonia,3,Both,15,50-54 years,1,Number,2023,91243.8412682909,92525.16695605812,90015.74751095453
44,Population,58,Estonia,3,Both,16,55-59 years,1,Number,2023,82580.60112341029,83740.27002883876,81469.10998815064
44,Population,58,Estonia,3,Both,17,60-64 years,1,Number,2023,87344.50565607303,88571.0734685063,86168.89488998913
44,Population,58,Estonia,3,Both,18,65-69 years,1,Number,2023,80036.37918958062,81160.31990915145,78959.13193347798
44,Population,58,Estonia,3,Both,19,70-74 years,1,Number,2023,69314.92588271135,70288.30659361383,68381.98370728835
44,Population,58,Estonia,3,Both,20,75-79 years,1,Number,2023,46251.34433039201,46900.84609139354,45628.82574227654
44,Population,59,Latvia,3,Both,17,60-64 years,1,Number,2023,136130.33269199906,147602.3561396657,123951.02682395093
44,Population,59,Latvia,3,Both,18,65-69 years,1,Number,2023,116190.95149494041,125982.63637220064,105795.58178289975
44,Population,59,Latvia,3,Both,19,70-74 years,1,Number,2023,97984.47080100891,106241.85271073844,89217.99813760625
44,Population,59,Latvia,3,Both,20,75-79 years,1,Number,2023,70686.229517726,76643.12440234532,64362.07535655691
44,Population,59,Latvia,3,Both,30,80-84 years,1,Number,2023,64812.65755133846,70274.57270596322,59014.00000875533
44,Population,59,Latvia,3,Both,31,85-89 years,1,Number,2023,34955.54620987857,37901.332338624954,31828.14410444154
44,Population,59,Latvia,3,Both,32,90-94 years,1,Number,2023,12439.448389251154,13487.74997476484,11326.516070887747
44,Population,10,Cambodia,3,Both,19,70-74 years,1,Number,2023,304956.2780519834,334754.23915744235,276104.27488678665
44,Population,10,Cambodia,3,Both,20,75-79 years,1,Number,2023,193479.988258092,212385.35135350766,175174.7896595141
44,Population,10,Cambodia,3,Both,30,80-84 years,1,Number,2023,111656.84635263898,122567.0869485286,101092.95927688881
44,Population,10,Cambodia,3,Both,31,85-89 years,1,Number,2023,53970.51808956472,59244.09831931879,48864.35149842476
44,Population,10,Cambodia,3,Both,32,90-94 years,1,Number,2023,17938.91210048897,19691.763389398984,16241.706350177228
44,Population,217,Sierra Leone,3,Both,235,95+ years,1,Number,2023,1736.923111460006,1874.4342104300517,1603.128780954518
44,Population,196,South Africa,3,Both,235,95+ years,1,Number,2023,45924.87008025379,49335.448299871365,42720.91096787472
44,Population,197,Eswatini,3,Both,1,<5 years,1,Number,2023,133770.41574481313,147896.8013571218,119463.99781176122
44,Population,198,Zimbabwe,3,Both,1,<5 years,1,Number,2023,2198137.360514764,2362974.315480807,2046325.146598408
44,Population,75,Austria,3,Both,235,95+ years,1,Number,2023,17590.41969231833,17850.342353817225,17357.53594372196
44,Population,76,Belgium,3,Both,235,95+ years,1,Number,2023,26261.669168851637,28341.128137057334,24316.10708195229
44,Population,77,Cyprus,3,Both,1,<5 years,1,Number,2023,76253.19217266653,87011.00861720511,65875.14082371816
44,Population,77,Cyprus,3,Both,6,5-9 years,1,Number,2023,76587.6611209728,87392.66451532624,66164.08858371412
44,Population,77,Cyprus,3,Both,7,10-14 years,1,Number,2023,73241.34200471216,83574.24599192123,63273.203143461214
44,Population,77,Cyprus,3,Both,8,15-19 years,1,Number,2023,69783.86672610635,79628.98937132848,60286.289882742334
44,Population,77,Cyprus,3,Both,9,20-24 years,1,Number,2023,76741.59640800869,87568.31702514435,66297.07329454784
44,Population,77,Cyprus,3,Both,10,25-29 years,1,Number,2023,98666.92398965024,112586.87444922428,85238.36612300099
44,Population,218,Togo,3,Both,1,<5 years,1,Number,2023,1141775.9626840132,1228559.716911045,1059417.543622418
44,Population,218,Togo,3,Both,6,5-9 years,1,Number,2023,1112790.7779209854,1197371.435189498,1032523.1140261742
44,Population,218,Togo,3,Both,7,10-14 years,1,Number,2023,1021025.1345777283,1098630.8972095854,947376.6968331636
44,Population,218,Togo,3,Both,8,15-19 years,1,Number,2023,893751.5078206008,961683.4959948935,829283.5529645634
44,Population,218,Togo,3,Both,9,20-24 years,1,Number,2023,764271.6580674612,822362.1818690805,709143.3250588953
44,Population,218,Togo,3,Both,10,25-29 years,1,Number,2023,668855.715358949,719693.8936987751,620609.9113679603
44,Population,218,Togo,3,Both,11,30-34 years,1,Number,2023,598197.2311441097,643664.821269992,555048.154745409
44,Population,218,Togo,3,Both,12,35-39 years,1,Number,2023,524845.2460103937,564737.5211375741,486987.1844237768
44,Population,218,Togo,3,Both,13,40-44 years,1,Number,2023,447443.63021436,481452.78726798453,415168.6908146819
44,Population,218,Togo,3,Both,14,45-49 years,1,Number,2023,373180.565458687,401545.15845549566,346262.3587349785
44,Population,218,Togo,3,Both,15,50-54 years,1,Number,2023,297479.22667897696,320089.93573180056,276021.4980056971
44,Population,130,Mexico,3,Both,235,95+ years,1,Number,2023,91292.71175893616,99516.95947355003,83314.74956830744
44,Population,131,Nicaragua,3,Both,1,<5 years,1,Number,2023,634045.2128044119,750034.5547828171,525782.0546759347
44,Population,131,Nicaragua,3,Both,6,5-9 years,1,Number,2023,672652.9657335154,795705.0341028433,557797.5375650813
44,Population,131,Nicaragua,3,Both,7,10-14 years,1,Number,2023,664175.5401296112,785676.7868893589,550767.6315546433
44,Population,131,Nicaragua,3,Both,8,15-19 years,1,Number,2023,626069.8827021341,740600.2541340508,519168.51140928443
44,Population,131,Nicaragua,3,Both,9,20-24 years,1,Number,2023,605143.0569018162,715845.1701823313,501814.9390694351
44,Population,131,Nicaragua,3,Both,10,25-29 years,1,Number,2023,596995.3100763054,706206.9116806617,495058.4192181956
44,Population,131,Nicaragua,3,Both,11,30-34 years,1,Number,2023,563779.7150983856,666915.007116128,467514.38383698126
44,Population,131,Nicaragua,3,Both,12,35-39 years,1,Number,2023,504444.05718041136,596724.7543226229,418310.2837103163
44,Population,131,Nicaragua,3,Both,13,40-44 years,1,Number,2023,437143.9314676334,517113.05028885684,362501.6478865353
44,Population,131,Nicaragua,3,Both,14,45-49 years,1,Number,2023,359169.5483939283,424874.3888935975,297841.38310313434
44,Population,131,Nicaragua,3,Both,15,50-54 years,1,Number,2023,296616.5800455481,350878.265560365,245969.32798766487
44,Population,131,Nicaragua,3,Both,16,55-59 years,1,Number,2023,248947.97454270904,294489.382585755,206440.13221633626
44,Population,131,Nicaragua,3,Both,17,60-64 years,1,Number,2023,198777.03407105844,235140.3988859165,164835.87492759657
44,Population,131,Nicaragua,3,Both,18,65-69 years,1,Number,2023,149651.9742401129,177028.62446526735,124098.91426236332
44,Population,131,Nicaragua,3,Both,19,70-74 years,1,Number,2023,106869.93977234591,126420.23956349035,88621.90799937611
44,Population,132,Panama,3,Both,16,55-59 years,1,Number,2023,201778.66078232328,215750.36249690322,188287.83301172825
44,Population,132,Panama,3,Both,17,60-64 years,1,Number,2023,168152.76961054894,179796.1234239314,156910.1533439472
44,Population,132,Panama,3,Both,18,65-69 years,1,Number,2023,131961.31938990307,141098.67903551558,123138.44671661183
44,Population,132,Panama,3,Both,19,70-74 years,1,Number,2023,103306.14306735499,110459.34058895956,96399.14220629948
44,Population,132,Panama,3,Both,20,75-79 years,1,Number,2023,75587.95205238488,80821.86685386725,70534.17660003013
44,Population,132,Panama,3,Both,235,95+ years,1,Number,2023,3867.460333460113,4135.253775851758,3608.883727460113
44,Population,133,Venezuela (Bolivarian Republic of),3,Both,1,<5 years,1,Number,2023,1555902.8077276105,1779575.2252665062,1349646.9510748787
44,Population,153,Syrian Arab Republic,3,Both,235,95+ years,1,Number,2023,745.3688588081455,883.0489163627533,606.5447707433352
44,Population,154,Tunisia,3,Both,1,<5 years,1,Number,2023,818537.493097996,918890.9662422652,715698.2255998326
44,Population,154,Tunisia,3,Both,6,5-9 years,1,Number,2023,948711.1624431469,1065024.0509359753,829517.1587039634
44,Population,154,Tunisia,3,Both,7,10-14 years,1,Number,2023,943800.2901585455,1059511.1010506738,825223.2777151596
44,Population,154,Tunisia,3,Both,8,15-19 years,1,Number,2023,854874.2826209539,959682.680630961,747469.7400446353
44,Population,154,Tunisia,3,Both,9,20-24 years,1,Number,2023,779845.5141039216,875455.3139190867,681867.4225584259
44,Population,154,Tunisia,3,Both,10,25-29 years,1,Number,2023,801262.0385983895,899497.5246329665,700593.2215700187
44,Population,154,Tunisia,3,Both,11,30-34 years,1,Number,2023,911879.7998814023,1023677.1283847699,797313.2082995698
44,Population,154,Tunisia,3,Both,12,35-39 years,1,Number,2023,969277.7975802802,1088112.1750510794,847499.8466056444
44,Population,154,Tunisia,3,Both,13,40-44 years,1,Number,2023,958409.3805291243,1075911.2797593288,837996.9137966032
44,Population,154,Tunisia,3,Both,14,45-49 years,1,Number,2023,828651.7182499137,930245.2049924805,724541.7215368943
44,Population,154,Tunisia,3,Both,15,50-54 years,1,Number,2023,717884.3875785038,805897.6945033759,627690.9569910765
44,Population,154,Tunisia,3,Both,16,55-59 years,1,Number,2023,654051.6147602513,734238.9631838263,571877.9946938549
44,Population,154,Tunisia,3,Both,17,60-64 years,1,Number,2023,591492.3503845483,664009.873649973,517178.5400127227
44,Population,154,Tunisia,3,Both,18,65-69 years,1,Number,2023,480616.4594389648,539540.4932940976,420232.85446908645
44,Population,154,Tunisia,3,Both,19,70-74 years,1,Number,2023,327893.08366444794,368093.0867714189,286697.31092819676
44,Population,154,Tunisia,3,Both,20,75-79 years,1,Number,2023,200967.77963115778,225606.62005830518,175718.62559451273
44,Population,155,Türkiye,3,Both,235,95+ years,1,Number,2023,37420.04736356353,40324.32803683102,34463.98184462141
44,Population,156,United Arab Emirates,3,Both,1,<5 years,1,Number,2023,436164.4085136486,515154.945799536,355810.47461786924
44,Population,156,United Arab Emirates,3,Both,6,5-9 years,1,Number,2023,516537.44462292717,610083.753039258,421376.5033132773
44,Population,156,United Arab Emirates,3,Both,7,10-14 years,1,Number,2023,455720.8580327604,538253.1204680776,371764.06791757984
44,Population,156,United Arab Emirates,3,Both,8,15-19 years,1,Number,2023,309045.68352023733,365014.68078513903,252110.6472365879
44,Population,156,United Arab Emirates,3,Both,9,20-24 years,1,Number,2023,334007.37828641577,394497.00502648705,272473.6853218984
44,Population,156,United Arab Emirates,3,Both,10,25-29 years,1,Number,2023,307188.10959253524,362820.6952664557,250595.2914488339
44,Population,156,United Arab Emirates,3,Both,11,30-34 years,1,Number,2023,659384.7541950743,778801.091235243,537907.2610382303
44,Population,156,United Arab Emirates,3,Both,12,35-39 years,1,Number,2023,1880922.9367168655,2221563.09548389,1534403.242835716
44,Population,156,United Arab Emirates,3,Both,13,40-44 years,1,Number,2023,1712868.8069577385,2023073.914758493,1397309.4807040063
44,Population,156,United Arab Emirates,3,Both,14,45-49 years,1,Number,2023,1592375.8142867312,1880759.319855653,1299014.7366268837
44,Population,156,United Arab Emirates,3,Both,15,50-54 years,1,Number,2023,879242.252239541,1038475.3683608942,717260.7323452571
44,Population,198,Zimbabwe,3,Both,6,5-9 years,1,Number,2023,2108992.5194778834,2267144.558200107,1963337.0071035367
44,Population,198,Zimbabwe,3,Both,7,10-14 years,1,Number,2023,2016953.604043402,2168203.7016808135,1877654.669638003
44,Population,198,Zimbabwe,3,Both,8,15-19 years,1,Number,2023,1745981.7469563629,1876911.8333851658,1625397.2196996494
44,Population,198,Zimbabwe,3,Both,9,20-24 years,1,Number,2023,1320301.7724913247,1419310.3821092297,1229116.4176904499
44,Population,198,Zimbabwe,3,Both,10,25-29 years,1,Number,2023,1116960.3308544233,1200720.492099665,1039818.5544897077
44,Population,198,Zimbabwe,3,Both,11,30-34 years,1,Number,2023,1065316.207248166,1145203.6077505795,991741.1819342582
44,Population,198,Zimbabwe,3,Both,12,35-39 years,1,Number,2023,963229.4278793059,1035461.4042231889,896704.926461661
44,Population,198,Zimbabwe,3,Both,13,40-44 years,1,Number,2023,852707.5662216552,916651.5768268736,793816.1494354804
44,Population,198,Zimbabwe,3,Both,14,45-49 years,1,Number,2023,708650.7307707956,761792.0087878178,659708.4588890399
44,Population,198,Zimbabwe,3,Both,15,50-54 years,1,Number,2023,468479.6744666347,503610.6741892721,436124.5824541235
44,Population,198,Zimbabwe,3,Both,16,55-59 years,1,Number,2023,348327.25778627384,374448.1024325407,324270.3752993832
44,Population,198,Zimbabwe,3,Both,17,60-64 years,1,Number,2023,313913.2521751162,337453.4119219648,292233.13943674404
44,Population,198,Zimbabwe,3,Both,18,65-69 years,1,Number,2023,255895.9725901363,275085.45258694317,238222.76670727454
44,Population,198,Zimbabwe,3,Both,19,70-74 years,1,Number,2023,185414.09594199457,199318.18379922598,172608.6521595086
44,Population,198,Zimbabwe,3,Both,20,75-79 years,1,Number,2023,118252.31911715139,127119.9870577842,110085.33797739487
44,Population,198,Zimbabwe,3,Both,30,80-84 years,1,Number,2023,73553.87545557901,79069.63487709663,68473.94875235224
44,Population,198,Zimbabwe,3,Both,31,85-89 years,1,Number,2023,42099.60177322866,45256.62475379293,39192.033818196905
44,Population,198,Zimbabwe,3,Both,32,90-94 years,1,Number,2023,19149.517466136727,20585.527883360068,17826.974710535982
44,Population,101,Canada,3,Both,235,95+ years,1,Number,2023,86647.09732218801,93787.43684327364,79556.90664355487
44,Population,132,Panama,3,Both,30,80-84 years,1,Number,2023,48412.88895310959,51765.1286843646,45176.0256286576
44,Population,132,Panama,3,Both,31,85-89 years,1,Number,2023,28013.089636429406,29952.79193689323,26140.147442532074
44,Population,132,Panama,3,Both,32,90-94 years,1,Number,2023,12558.922574431665,13428.536434421341,11719.238829981228
44,Population,156,United Arab Emirates,3,Both,16,55-59 years,1,Number,2023,530025.1001022082,626014.0588867018,432379.3476625432
44,Population,157,Yemen,3,Both,14,45-49 years,1,Number,2023,1416896.7545039712,1677056.0249000227,1138937.102599867
44,Population,157,Yemen,3,Both,15,50-54 years,1,Number,2023,989949.6113174451,1171716.2557751513,795746.2944634017
44,Population,157,Yemen,3,Both,16,55-59 years,1,Number,2023,747930.4872710478,885259.5123089505,601205.2603062167
44,Population,157,Yemen,3,Both,17,60-64 years,1,Number,2023,593053.1297226881,701944.8108168148,476710.96084245294
44,Population,157,Yemen,3,Both,18,65-69 years,1,Number,2023,459623.0091190154,544015.3166950898,369456.4876588376
44,Population,157,Yemen,3,Both,19,70-74 years,1,Number,2023,319966.79379865166,378716.54205025424,257197.32358677225
44,Population,157,Yemen,3,Both,20,75-79 years,1,Number,2023,191127.69502894703,226221.03653964674,153633.22875213047
44,Population,157,Yemen,3,Both,30,80-84 years,1,Number,2023,96064.46844373705,113703.05921745674,77219.02601887818
44,Population,157,Yemen,3,Both,31,85-89 years,1,Number,2023,33852.279692648306,40067.965033226,27211.310370347175
44,Population,157,Yemen,3,Both,32,90-94 years,1,Number,2023,8094.361994398023,9580.5841232089,6506.450923815934
44,Population,155,Türkiye,3,Both,30,80-84 years,1,Number,2023,906418.6002967447,976768.4316894037,834814.3945609179
44,Population,155,Türkiye,3,Both,31,85-89 years,1,Number,2023,458845.39822783717,494457.74818409147,422598.06141801534
44,Population,155,Türkiye,3,Both,32,90-94 years,1,Number,2023,175275.8377231942,188879.51446481995,161429.60029962173
44,Population,61,Republic of Moldova,3,Both,235,95+ years,1,Number,2023,5798.948505603113,6868.270798919296,4708.348995270521
44,Population,77,Cyprus,3,Both,11,30-34 years,1,Number,2023,123695.5517417362,141146.54628672937,106860.60029858336
44,Population,77,Cyprus,3,Both,12,35-39 years,1,Number,2023,131839.36355888864,150439.28879375258,113896.04019311257
44,Population,77,Cyprus,3,Both,13,40-44 years,1,Number,2023,122668.24397919049,139974.30572823607,105973.10901331683
44,Population,77,Cyprus,3,Both,14,45-49 years,1,Number,2023,100439.1463460495,114609.12230968216,86769.3892050824
44,Population,77,Cyprus,3,Both,15,50-54 years,1,Number,2023,87683.0978809554,100053.4478350384,75749.43758011346
44,Population,77,Cyprus,3,Both,16,55-59 years,1,Number,2023,79806.28111076985,91065.368092556,68944.65473504068
44,Population,77,Cyprus,3,Both,17,60-64 years,1,Number,2023,77232.32221788871,88128.27453584725,66721.01137386756
44,Population,77,Cyprus,3,Both,18,65-69 years,1,Number,2023,52423.76216794702,59819.717598349,45288.89370956091
44,Population,77,Cyprus,3,Both,19,70-74 years,1,Number,2023,42953.57118611233,49013.47007416511,37107.594713668004
44,Population,77,Cyprus,3,Both,20,75-79 years,1,Number,2023,38479.12583079694,43907.769023814624,33242.12089557532
44,Population,77,Cyprus,3,Both,30,80-84 years,1,Number,2023,22083.788215283872,25199.37371735873,19078.1869867012
44,Population,77,Cyprus,3,Both,31,85-89 years,1,Number,2023,12320.200646838946,14058.337154205885,10643.422648447504
44,Population,77,Cyprus,3,Both,32,90-94 years,1,Number,2023,4567.102901690188,5211.430742922705,3945.5206822554187
44,Population,19,Timor-Leste,3,Both,235,95+ years,1,Number,2023,243.97517922040305,261.92767672022813,225.42003836618244
44,Population,20,Viet Nam,3,Both,1,<5 years,1,Number,2023,7850619.298573913,8577313.429158352,7129373.712055117
44,Population,20,Viet Nam,3,Both,6,5-9 years,1,Number,2023,8772013.352593418,9583996.506316837,7966118.215557386
44,Population,20,Viet Nam,3,Both,7,10-14 years,1,Number,2023,8386176.782642412,9162444.89783388,7615728.903027875
44,Population,20,Viet Nam,3,Both,8,15-19 years,1,Number,2023,7200417.295310218,7866925.348657183,6538906.528092213
44,Population,20,Viet Nam,3,Both,9,20-24 years,1,Number,2023,6432826.722687953,7028282.602620031,5841835.400077053
44,Population,20,Viet Nam,3,Both,10,25-29 years,1,Number,2023,7253846.183729391,7925299.89271717,6587426.841977409
44,Population,20,Viet Nam,3,Both,11,30-34 years,1,Number,2023,8890655.539090171,9713620.830309743,8073860.605473598
44,Population,20,Viet Nam,3,Both,12,35-39 years,1,Number,2023,8496752.966491507,9283256.588046173,7716146.323403402
44,Population,20,Viet Nam,3,Both,13,40-44 years,1,Number,2023,7625025.859477912,8330837.888682247,6924505.806335206
44,Population,20,Viet Nam,3,Both,14,45-49 years,1,Number,2023,6638166.9414768545,7252630.179439136,6028310.772552084
44,Population,20,Viet Nam,3,Both,15,50-54 years,1,Number,2023,6181361.03889085,6753539.947986761,5613472.163068133
44,Population,20,Viet Nam,3,Both,16,55-59 years,1,Number,2023,5478005.870180736,5985078.568749954,4974735.057200463
44,Population,20,Viet Nam,3,Both,17,60-64 years,1,Number,2023,4814638.352510969,5260306.3053936185,4372311.890054246
44,Population,20,Viet Nam,3,Both,18,65-69 years,1,Number,2023,3604365.742126515,3938004.571073267,3273228.4413812705
44,Population,20,Viet Nam,3,Both,19,70-74 years,1,Number,2023,2267898.5282792114,2477827.004821307,2059544.03521508
44,Population,20,Viet Nam,3,Both,20,75-79 years,1,Number,2023,1318006.5918073687,1440008.1330758396,1196919.7830868866
44,Population,133,Venezuela (Bolivarian Republic of),3,Both,6,5-9 years,1,Number,2023,1968085.3656195553,2251012.042957433,1707189.163726055
44,Population,133,Venezuela (Bolivarian Republic of),3,Both,7,10-14 years,1,Number,2023,2183450.75425359,2497337.782643429,1894004.9716887001
44,Population,133,Venezuela (Bolivarian Republic of),3,Both,8,15-19 years,1,Number,2023,2135812.6517564985,2442851.3542100578,1852681.9407957266
44,Population,133,Venezuela (Bolivarian Republic of),3,Both,9,20-24 years,1,Number,2023,1473000.7329696594,1684755.3704338581,1277734.6620301257
44,Population,133,Venezuela (Bolivarian Republic of),3,Both,10,25-29 years,1,Number,2023,1429417.3324593243,1634906.537077528,1239928.827806998
44,Population,133,Venezuela (Bolivarian Republic of),3,Both,11,30-34 years,1,Number,2023,1902632.3143898977,2176149.6365089775,1650412.795310297
44,Population,133,Venezuela (Bolivarian Republic of),3,Both,12,35-39 years,1,Number,2023,1953892.1911140282,2234778.495725258,1694877.4855143325
44,Population,105,Antigua and Barbuda,3,Both,30,80-84 years,1,Number,2023,1102.7872208954186,1256.7513005644591,940.2637362953049
44,Population,105,Antigua and Barbuda,3,Both,31,85-89 years,1,Number,2023,601.8288475114773,685.8523317065042,513.1342021826922
44,Population,105,Antigua and Barbuda,3,Both,32,90-94 years,1,Number,2023,176.63756332136037,201.29856714553705,150.6055675217072
44,Population,102,United States of America,3,Both,1,<5 years,1,Number,2023,18528047.630820807,20031566.206244845,16892045.708164006
44,Population,102,United States of America,3,Both,6,5-9 years,1,Number,2023,20207360.688627634,21847152.573936984,18423077.660154562
44,Population,102,United States of America,3,Both,7,10-14 years,1,Number,2023,21026204.584125705,22732444.215672817,19169618.73054751
44,Population,102,United States of America,3,Both,8,15-19 years,1,Number,2023,22074668.985592805,23865989.66478653,20125505.122133844
44,Population,102,United States of America,3,Both,9,20-24 years,1,Number,2023,21729242.693583924,23492532.634902645,19810579.511530954
44,Population,102,United States of America,3,Both,10,25-29 years,1,Number,2023,21972562.4667522,23755597.380990673,20032414.47288012
44,Population,102,United States of America,3,Both,11,30-34 years,1,Number,2023,23600376.51315094,25515505.68280493,21516494.707562722
44,Population,102,United States of America,3,Both,12,35-39 years,1,Number,2023,22568532.038139187,24399928.838034585,20575760.725066863
44,Population,102,United States of America,3,Both,13,40-44 years,1,Number,2023,21912959.33547813,23691157.56013065,19978074.218694
44,Population,102,United States of America,3,Both,14,45-49 years,1,Number,2023,19849880.087537136,21460663.048927315,18097162.119903162
44,Population,102,United States of America,3,Both,15,50-54 years,1,Number,2023,20767124.63756632,22452340.3857592,18933415.198121898
44,Population,102,United States of America,3,Both,16,55-59 years,1,Number,2023,20686797.495538324,22365494.83701312,18860180.835722808
44,Population,102,United States of America,3,Both,17,60-64 years,1,Number,2023,21311710.00690457,23041117.90286278,19429914.40484655
44,Population,102,United States of America,3,Both,18,65-69 years,1,Number,2023,19213117.469412807,20772228.260935877,17516624.792661313
44,Population,102,United States of America,3,Both,19,70-74 years,1,Number,2023,15516277.120682523,16775395.800492376,14146210.521777313
44,Population,102,United States of America,3,Both,20,75-79 years,1,Number,2023,11344868.57579408,12265484.76695049,10343131.79423413
44,Population,102,United States of America,3,Both,30,80-84 years,1,Number,2023,6941779.260280639,7505092.474510696,6328829.39946602
44,Population,102,United States of America,3,Both,31,85-89 years,1,Number,2023,3812984.4631578173,4122401.4660925753,3476303.0147352694
44,Population,102,United States of America,3,Both,32,90-94 years,1,Number,2023,1721117.6002660252,1860783.27546564,1569145.2090427985
44,Population,200,Benin,3,Both,1,<5 years,1,Number,2023,2350071.209650138,2671037.9298066106,2050191.6603512543
44,Population,200,Benin,3,Both,6,5-9 years,1,Number,2023,2082709.8960568886,2367161.091250385,1816946.8407140484
44,Population,200,Benin,3,Both,7,10-14 years,1,Number,2023,1795520.8836025163,2040748.537392696,1566404.4248669469
44,Population,200,Benin,3,Both,8,15-19 years,1,Number,2023,1532822.1954418712,1742171.1337352195,1337227.2588982824
44,Population,200,Benin,3,Both,9,20-24 years,1,Number,2023,1315891.6794882193,1495612.802283219,1147978.0425947122
44,Population,200,Benin,3,Both,10,25-29 years,1,Number,2023,1131382.4436211067,1285903.7664986986,987013.0066931609
44,Population,200,Benin,3,Both,11,30-34 years,1,Number,2023,911515.0577627547,1036007.4549556486,795201.678160213
44,Population,200,Benin,3,Both,12,35-39 years,1,Number,2023,726037.5534832546,825197.9071334072,633391.9292066031
44,Population,200,Benin,3,Both,13,40-44 years,1,Number,2023,595113.0104782048,676392.0246252146,519173.9407890468
44,Population,200,Benin,3,Both,14,45-49 years,1,Number,2023,483194.31556256156,549187.7603686259,421536.56962717127
44,Population,200,Benin,3,Both,15,50-54 years,1,Number,2023,368186.5405739657,418472.5173769312,321204.29876280227
44,Population,200,Benin,3,Both,16,55-59 years,1,Number,2023,283952.7309492693,322734.2692950067,247719.09827056815
44,Population,62,Russian Federation,3,Both,1,<5 years,1,Number,2023,6254281.616809862,6757756.75045548,5743898.637740635
44,Population,63,Ukraine,3,Both,6,5-9 years,1,Number,2023,1828941.7773119777,2215432.759475425,1479441.0577145403
44,Population,63,Ukraine,3,Both,7,10-14 years,1,Number,2023,2307736.507586798,2795406.131877699,1866740.7470611301
44,Population,63,Ukraine,3,Both,8,15-19 years,1,Number,2023,1975610.602928974,2393095.561592201,1598082.2770230463
44,Population,63,Ukraine,3,Both,9,20-24 years,1,Number,2023,1389266.2243281575,1682845.2076439853,1123785.0859243288
44,Population,63,Ukraine,3,Both,10,25-29 years,1,Number,2023,1757875.6954525516,2129349.031829195,1421955.3134344465
44,Population,63,Ukraine,3,Both,11,30-34 years,1,Number,2023,2681054.9151953585,3247613.982445118,2168720.059179225
44,Population,63,Ukraine,3,Both,12,35-39 years,1,Number,2023,3449804.5665600626,4178815.3922416437,2790565.8781337333
44,Population,63,Ukraine,3,Both,13,40-44 years,1,Number,2023,3247510.218869474,3933772.312964881,2626928.8682356393
44,Population,63,Ukraine,3,Both,14,45-49 years,1,Number,2023,3025266.8840218317,3664564.637409365,2447155.0129627627
44,Population,63,Ukraine,3,Both,15,50-54 years,1,Number,2023,2900412.3904041257,3513325.9600716345,2346159.526726087
44,Population,63,Ukraine,3,Both,16,55-59 years,1,Number,2023,2713243.5969409007,3286604.7589192665,2194757.6607906064
44,Population,63,Ukraine,3,Both,17,60-64 years,1,Number,2023,3090391.245708098,3743451.043805379,2499834.4671320026
44,Population,63,Ukraine,3,Both,18,65-69 years,1,Number,2023,2652715.292053315,3213285.6455461998,2145795.982231233
44,Population,63,Ukraine,3,Both,19,70-74 years,1,Number,2023,2127310.397758567,2576852.4746007286,1720793.0749838322
44,Population,63,Ukraine,3,Both,20,75-79 years,1,Number,2023,1174228.3346168392,1422365.6279740992,949839.7548319501
44,Population,63,Ukraine,3,Both,30,80-84 years,1,Number,2023,983763.8645593353,1191652.3096410888,795771.9979823851
44,Population,63,Ukraine,3,Both,31,85-89 years,1,Number,2023,584566.9347096707,708097.3015802164,472859.4069642166
44,Population,63,Ukraine,3,Both,32,90-94 years,1,Number,2023,142461.58344650583,172566.48781788643,115237.95798877154
44,Population,160,Afghanistan,3,Both,1,<5 years,1,Number,2023,6212734.329584643,8288710.761609661,4086558.867924123
44,Population,161,Bangladesh,3,Both,1,<5 years,1,Number,2023,16175729.181581855,17320261.485840622,14984649.544879232
44,Population,161,Bangladesh,3,Both,6,5-9 years,1,Number,2023,16474951.958705844,17640656.114368897,15261839.426133791
44,Population,161,Bangladesh,3,Both,7,10-14 years,1,Number,2023,17354480.08801827,18582416.26705425,16076604.598984007
44,Population,161,Bangladesh,3,Both,8,15-19 years,1,Number,2023,17194524.899418082,18411143.26529513,15928427.511128953
44,Population,161,Bangladesh,3,Both,9,20-24 years,1,Number,2023,16029693.871050658,17163893.27911729,14849367.362238636
44,Population,69,Singapore,3,Both,235,95+ years,1,Number,2023,9096.89817520828,9899.77731139372,8309.27373380811
44,Population,157,Yemen,3,Both,235,95+ years,1,Number,2023,1274.1699135115095,1508.1228208112384,1024.2096926975873
44,Population,161,Bangladesh,3,Both,10,25-29 years,1,Number,2023,14984648.512115408,16044904.535046797,13881272.614461968
44,Population,161,Bangladesh,3,Both,11,30-34 years,1,Number,2023,13837399.797339177,14816480.919260487,12818500.127438057
44,Population,161,Bangladesh,3,Both,12,35-39 years,1,Number,2023,12447768.64954045,13328524.822904214,11531192.735439802
44,Population,161,Bangladesh,3,Both,13,40-44 years,1,Number,2023,10425447.157023285,11163111.649523709,9657782.362882897
44,Population,161,Bangladesh,3,Both,14,45-49 years,1,Number,2023,8923705.60094998,9555112.644139817,8266619.672649266
44,Population,161,Bangladesh,3,Both,15,50-54 years,1,Number,2023,7660306.520865728,8202320.310490608,7096249.407552262
44,Population,161,Bangladesh,3,Both,16,55-59 years,1,Number,2023,6514200.75380138,6975120.512994789,6034535.708711468
44,Population,161,Bangladesh,3,Both,17,60-64 years,1,Number,2023,5626650.289189659,6024770.395458324,5212338.91521268
44,Population,161,Bangladesh,3,Both,18,65-69 years,1,Number,2023,4419003.133021714,4731674.777161436,4093615.3506730655
44,Population,161,Bangladesh,3,Both,19,70-74 years,1,Number,2023,2669966.3236780176,2858882.858718182,2473366.6846066834
44,Population,161,Bangladesh,3,Both,20,75-79 years,1,Number,2023,1651799.3091646805,1768674.2672125634,1530171.1278950737
44,Population,161,Bangladesh,3,Both,30,80-84 years,1,Number,2023,968793.8664551205,1037341.9896264808,897457.9388104511
44,Population,161,Bangladesh,3,Both,31,85-89 years,1,Number,2023,371736.6928025655,398039.3496296408,344364.3252238315
44,Population,161,Bangladesh,3,Both,32,90-94 years,1,Number,2023,105754.35472536623,113237.12560638721,97967.26475915727
44,Population,200,Benin,3,Both,17,60-64 years,1,Number,2023,214806.13391170502,244143.80673966848,187395.9148683138
44,Population,200,Benin,3,Both,18,65-69 years,1,Number,2023,158613.00932270742,180275.9687970446,138373.28315895674
44,Population,200,Benin,3,Both,19,70-74 years,1,Number,2023,109171.75229202042,124082.15122930253,95240.95064691865
44,Population,200,Benin,3,Both,20,75-79 years,1,Number,2023,73059.93384108774,83038.27289887053,63737.1610067559
44,Population,200,Benin,3,Both,30,80-84 years,1,Number,2023,44373.376396275606,50433.778747360746,38711.13600971053
44,Population,200,Benin,3,Both,31,85-89 years,1,Number,2023,24531.202585117153,27881.61154417641,21400.911917848516
44,Population,200,Benin,3,Both,32,90-94 years,1,Number,2023,9845.08981334534,11189.707020713193,8588.812521019141
44,Population,135,Brazil,3,Both,1,<5 years,1,Number,2023,14859303.73573342,15990129.254383845,13790955.955430409
44,Population,136,Paraguay,3,Both,6,5-9 years,1,Number,2023,567266.6435379096,609830.0067444203,523293.80793703004
44,Population,136,Paraguay,3,Both,7,10-14 years,1,Number,2023,574149.01880981,617228.7829747738,529642.6817950499
44,Population,136,Paraguay,3,Both,8,15-19 years,1,Number,2023,560521.5471874096,602578.8097989007,517071.5715436797
44,Population,136,Paraguay,3,Both,9,20-24 years,1,Number,2023,540761.0022422186,581335.5842462,498842.8057082904
44,Population,136,Paraguay,3,Both,10,25-29 years,1,Number,2023,527787.0743985041,567388.1917905299,486874.5784511841
44,Population,136,Paraguay,3,Both,11,30-34 years,1,Number,2023,510845.91426154383,549175.8961826877,471246.64703668945
44,Population,136,Paraguay,3,Both,12,35-39 years,1,Number,2023,475756.89368963265,511454.0630804147,438877.6237545563
44,Population,136,Paraguay,3,Both,13,40-44 years,1,Number,2023,416909.4995674004,448191.20924745494,384591.9059035362
44,Population,136,Paraguay,3,Both,14,45-49 years,1,Number,2023,345365.52840227634,371279.1240487869,318593.8121809096
44,Population,136,Paraguay,3,Both,15,50-54 years,1,Number,2023,296468.34944961837,318713.07365578535,273486.99819316826
44,Population,136,Paraguay,3,Both,16,55-59 years,1,Number,2023,265087.12951473036,284977.2462762896,244538.35778833274
44,Population,136,Paraguay,3,Both,17,60-64 years,1,Number,2023,227841.74468004404,244937.25178044295,210180.1252353541
44,Population,136,Paraguay,3,Both,18,65-69 years,1,Number,2023,176737.9275902883,189998.99395138258,163037.72518477082
44,Population,136,Paraguay,3,Both,19,70-74 years,1,Number,2023,126571.9344163337,136068.9271933346,116760.45170854992
44,Population,107,Barbados,3,Both,235,95+ years,1,Number,2023,303.7434872432758,350.67485359876537,258.21028482237085
44,Population,108,Belize,3,Both,1,<5 years,1,Number,2023,35994.30410153197,38722.13360556325,33254.794280452516
44,Population,108,Belize,3,Both,6,5-9 years,1,Number,2023,40766.806061201096,43856.31978107136,37664.06332547062
44,Population,108,Belize,3,Both,7,10-14 years,1,Number,2023,42584.51504674321,45811.783901051356,39343.42732165801
44,Population,108,Belize,3,Both,8,15-19 years,1,Number,2023,41056.261515269834,44167.711626116965,37931.48845893782
44,Population,108,Belize,3,Both,9,20-24 years,1,Number,2023,38249.108862235196,41147.81881820483,35337.986894713365
44,Population,108,Belize,3,Both,10,25-29 years,1,Number,2023,34415.343288363474,37023.51119594547,31796.007443771327
44,Population,108,Belize,3,Both,11,30-34 years,1,Number,2023,31702.39287341391,34104.959745787724,29289.538428903612
44,Population,108,Belize,3,Both,12,35-39 years,1,Number,2023,28865.786987801028,31053.38159111091,26668.82530399665
44,Population,108,Belize,3,Both,13,40-44 years,1,Number,2023,25446.334630277463,27374.78592574144,23509.62588231885
44,Population,108,Belize,3,Both,14,45-49 years,1,Number,2023,21956.625353580555,23620.60891829987,20285.516763059528
44,Population,108,Belize,3,Both,15,50-54 years,1,Number,2023,19053.56358769443,20497.538522307394,17603.405684160207
44,Population,109,Cuba,3,Both,12,35-39 years,1,Number,2023,782400.8327919287,893043.356321724,676516.06105859
44,Population,109,Cuba,3,Both,13,40-44 years,1,Number,2023,672461.0271349148,767556.5100373875,581454.7559584592
44,Population,109,Cuba,3,Both,14,45-49 years,1,Number,2023,700636.2374142408,799716.0928219971,605816.9261898604
44,Population,109,Cuba,3,Both,15,50-54 years,1,Number,2023,973224.6646362403,1110852.3720001827,841515.1020421673
44,Population,105,Antigua and Barbuda,3,Both,235,95+ years,1,Number,2023,94.51813295890068,107.71414854315563,80.5885044364514
44,Population,71,Australia,3,Both,18,65-69 years,1,Number,2023,1383503.288187886,1491971.7519240575,1266812.0176676372
44,Population,71,Australia,3,Both,19,70-74 years,1,Number,2023,1209064.3196404087,1303856.5405402877,1107086.0642910227
44,Population,71,Australia,3,Both,20,75-79 years,1,Number,2023,970648.8179577802,1046748.9523124398,888779.6639315347
44,Population,71,Australia,3,Both,30,80-84 years,1,Number,2023,606852.9968400795,654431.0639418588,555668.1186942226
44,Population,71,Australia,3,Both,31,85-89 years,1,Number,2023,359475.54568943445,387658.89770931035,329155.66245850764
44,Population,71,Australia,3,Both,32,90-94 years,1,Number,2023,168664.99065004074,181888.54608217004,154438.98033313119
44,Population,201,Burkina Faso,3,Both,235,95+ years,1,Number,2023,9202.852411559541,10038.676263649726,8270.292032419517
44,Population,202,Cameroon,3,Both,1,<5 years,1,Number,2023,5135557.832965308,6038913.225761314,4215512.725905356
44,Population,12,Lao People's Democratic Republic,3,Both,235,95+ years,1,Number,2023,2527.496974433162,2825.3705509918796,2217.7104136953467
44,Population,13,Malaysia,3,Both,1,<5 years,1,Number,2023,2303385.8612779295,2508447.0144743808,2115082.404783492
44,Population,13,Malaysia,3,Both,6,5-9 years,1,Number,2023,2644839.037251321,2880298.389553174,2428621.53719706
44,Population,13,Malaysia,3,Both,7,10-14 years,1,Number,2023,2701324.679424684,2941812.7206309163,2480489.4373575198
44,Population,14,Maldives,3,Both,6,5-9 years,1,Number,2023,34450.57310014782,37106.8095530314,31852.841826819902
44,Population,14,Maldives,3,Both,7,10-14 years,1,Number,2023,36738.077419070534,39570.68691342392,33967.85782487017
44,Population,14,Maldives,3,Both,8,15-19 years,1,Number,2023,42226.612883984824,45482.40395887299,39042.53253395522
44,Population,14,Maldives,3,Both,9,20-24 years,1,Number,2023,52098.32489482842,56115.25283729047,48169.872167093876
44,Population,14,Maldives,3,Both,10,25-29 years,1,Number,2023,55624.648398958445,59913.465839720026,51430.29469999999
44,Population,14,Maldives,3,Both,11,30-34 years,1,Number,2023,61300.46754929959,66026.9066715143,56678.131045360395
44,Population,14,Maldives,3,Both,12,35-39 years,1,Number,2023,57063.913735822585,61463.70259764113,52761.03282701713
44,Population,106,Bahamas,3,Both,1,<5 years,1,Number,2023,21100.197023232537,22833.17222141631,19470.58411601823
44,Population,106,Bahamas,3,Both,6,5-9 years,1,Number,2023,25610.234609337895,27713.622617932466,23632.301946898242
44,Population,106,Bahamas,3,Both,7,10-14 years,1,Number,2023,33557.0238087541,36313.087646518405,30965.343784807777
44,Population,106,Bahamas,3,Both,8,15-19 years,1,Number,2023,36455.378484824214,39449.48639220735,33639.85239040716
44,Population,106,Bahamas,3,Both,9,20-24 years,1,Number,2023,35572.32337871057,38493.905299922124,32824.99750048675
44,Population,106,Bahamas,3,Both,10,25-29 years,1,Number,2023,31882.17341395149,34500.68051745092,29419.84563339978
44,Population,106,Bahamas,3,Both,11,30-34 years,1,Number,2023,34204.74320931834,37014.00473311961,31563.038444169342
44,Population,106,Bahamas,3,Both,12,35-39 years,1,Number,2023,30433.123817930875,32932.619378169504,28082.70920682819
44,Population,106,Bahamas,3,Both,13,40-44 years,1,Number,2023,29733.97635264159,32176.05040084953,27437.55838110711
44,Population,106,Bahamas,3,Both,14,45-49 years,1,Number,2023,28210.47194895539,30527.41942403205,26031.71744936438
44,Population,106,Bahamas,3,Both,15,50-54 years,1,Number,2023,27131.23895134575,29359.54820110822,25035.835902021285
44,Population,106,Bahamas,3,Both,16,55-59 years,1,Number,2023,24337.782115785434,26336.66263519564,22458.123654531064
44,Population,106,Bahamas,3,Both,17,60-64 years,1,Number,2023,19424.60121856885,21019.95846141004,17924.398124331532
44,Population,106,Bahamas,3,Both,18,65-69 years,1,Number,2023,14330.907228502778,15507.915517435955,13224.100909777651
44,Population,106,Bahamas,3,Both,19,70-74 years,1,Number,2023,9139.811237129892,9890.47087185215,8433.924256779443
44,Population,106,Bahamas,3,Both,20,75-79 years,1,Number,2023,5670.760391770465,6136.504247288056,5232.795555803591
44,Population,107,Barbados,3,Both,19,70-74 years,1,Number,2023,14079.830276834233,16255.303005294681,11969.168521200914
44,Population,107,Barbados,3,Both,20,75-79 years,1,Number,2023,9594.913152936746,11077.42192511306,8156.570797784426
44,Population,107,Barbados,3,Both,30,80-84 years,1,Number,2023,6033.154618023923,6965.336546359451,5128.743949165435
44,Population,107,Barbados,3,Both,31,85-89 years,1,Number,2023,3386.2580083578077,3909.468288870477,2878.635037596054
44,Population,107,Barbados,3,Both,32,90-94 years,1,Number,2023,1338.7134501461692,1545.5578896567717,1138.031252604029
44,Population,109,Cuba,3,Both,16,55-59 years,1,Number,2023,982432.0297372779,1121361.788514182,849476.4053918262
44,Population,109,Cuba,3,Both,17,60-64 years,1,Number,2023,755380.4449852657,862201.9042109565,653152.4275332912
44,Population,109,Cuba,3,Both,18,65-69 years,1,Number,2023,556905.7736381311,635660.1123110072,481537.95928109577
44,Population,109,Cuba,3,Both,19,70-74 years,1,Number,2023,455256.44850351696,519636.1375382257,393645.157833093
44,Population,109,Cuba,3,Both,20,75-79 years,1,Number,2023,347456.08730068523,396591.2833581264,300433.7594231584
44,Population,109,Cuba,3,Both,30,80-84 years,1,Number,2023,224139.18027869923,255835.6247206624,193805.71826586005
44,Population,109,Cuba,3,Both,31,85-89 years,1,Number,2023,127006.28798429947,144966.7701537655,109818.12656078959
44,Population,109,Cuba,3,Both,32,90-94 years,1,Number,2023,64224.29915593175,73306.5217619429,55532.62224194773
44,Population,136,Paraguay,3,Both,20,75-79 years,1,Number,2023,81822.66742565349,87962.01644579535,75480.01579238634
44,Population,136,Paraguay,3,Both,30,80-84 years,1,Number,2023,50488.90046057414,54277.20254510728,46575.14994322396
44,Population,136,Paraguay,3,Both,31,85-89 years,1,Number,2023,24351.168508520903,26178.294502157536,22463.537811894294
44,Population,136,Paraguay,3,Both,32,90-94 years,1,Number,2023,7686.233625423973,8262.949984857072,7090.419485017648
44,Population,202,Cameroon,3,Both,6,5-9 years,1,Number,2023,4786140.582868374,5628032.748595868,3928694.2511956706
44,Population,202,Cameroon,3,Both,7,10-14 years,1,Number,2023,4306582.821707855,5064119.771548044,3535050.189395363
44,Population,202,Cameroon,3,Both,8,15-19 years,1,Number,2023,3703944.0194258,4355475.540127384,3040375.2927683108
44,Population,202,Cameroon,3,Both,9,20-24 years,1,Number,2023,3106730.315479987,3653210.6932174913,2550153.5776299206
44,Population,202,Cameroon,3,Both,10,25-29 years,1,Number,2023,2659622.4467238416,3127455.612699898,2183145.947320428
44,Population,202,Cameroon,3,Both,11,30-34 years,1,Number,2023,2330662.3612787607,2740630.758350079,1913119.6966944195
44,Population,202,Cameroon,3,Both,12,35-39 years,1,Number,2023,1968712.8319679212,2315013.5477750744,1616014.1248028676
44,Population,202,Cameroon,3,Both,13,40-44 years,1,Number,2023,1562378.1764598854,1837203.7742230177,1282475.1078191083
44,Population,202,Cameroon,3,Both,14,45-49 years,1,Number,2023,1206875.0208915814,1419166.8680508004,990661.0293604925
44,Population,202,Cameroon,3,Both,15,50-54 years,1,Number,2023,922373.4757134393,1084620.9044366044,757128.4856240122
44,Population,202,Cameroon,3,Both,16,55-59 years,1,Number,2023,716571.2046058655,842617.5822452878,588196.088970762
44,Population,202,Cameroon,3,Both,17,60-64 years,1,Number,2023,553427.2806193399,650776.2998940853,454279.7141409938
44,Population,202,Cameroon,3,Both,18,65-69 years,1,Number,2023,389515.3296230114,458031.8929713962,319732.90582396527
44,Population,202,Cameroon,3,Both,19,70-74 years,1,Number,2023,246455.09740814695,289807.06589277845,202302.19058567178
44,Population,202,Cameroon,3,Both,20,75-79 years,1,Number,2023,151012.76659298255,177576.22893141495,123958.53771922528
44,Population,202,Cameroon,3,Both,30,80-84 years,1,Number,2023,80728.60462025576,94928.93547204489,66265.91914451699
44,Population,202,Cameroon,3,Both,31,85-89 years,1,Number,2023,37511.56404541027,44109.92682795301,30791.294878814573
44,Population,203,Cabo Verde,3,Both,30,80-84 years,1,Number,2023,3788.222845154056,4102.5346923031875,3484.570566881931
44,Population,203,Cabo Verde,3,Both,31,85-89 years,1,Number,2023,3435.053387928598,3720.0624857425923,3159.710085840338
44,Population,203,Cabo Verde,3,Both,32,90-94 years,1,Number,2023,1514.914605624352,1640.60826923131,1393.4837156823835
44,Population,14,Maldives,3,Both,13,40-44 years,1,Number,2023,47861.7820514352,51552.060579325516,44252.78409163974
44,Population,14,Maldives,3,Both,14,45-49 years,1,Number,2023,39097.89879949664,42112.457184939885,36149.73784619085
44,Population,14,Maldives,3,Both,15,50-54 years,1,Number,2023,27504.729877740552,29625.42220746139,25430.747051384118
44,Population,14,Maldives,3,Both,16,55-59 years,1,Number,2023,19919.60844823885,21455.46650010832,18417.5785787208
44,Population,14,Maldives,3,Both,17,60-64 years,1,Number,2023,14153.551946140136,15244.830761962141,13086.309191940449
44,Population,14,Maldives,3,Both,18,65-69 years,1,Number,2023,9753.33030987945,10505.339614073142,9017.884455570505
44,Population,14,Maldives,3,Both,19,70-74 years,1,Number,2023,6175.717864078513,6651.883147761972,5710.040402512633
44,Population,14,Maldives,3,Both,20,75-79 years,1,Number,2023,3431.8395719028517,3696.444092264158,3173.0631226675823
44,Population,14,Maldives,3,Both,30,80-84 years,1,Number,2023,1967.5290668843613,2119.231113012117,1819.1683480838585
44,Population,14,Maldives,3,Both,31,85-89 years,1,Number,2023,962.4311557112964,1036.6373151200132,889.859430870944
44,Population,14,Maldives,3,Both,32,90-94 years,1,Number,2023,320.04792078016294,344.7245190873829,295.9148391516707
44,Population,164,Nepal,3,Both,235,95+ years,1,Number,2023,12829.39743669559,13796.482740210049,11819.728262507631
44,Population,165,Pakistan,3,Both,1,<5 years,1,Number,2023,30828249.07084374,33050441.753229123,28740414.522712745
44,Population,165,Pakistan,3,Both,6,5-9 years,1,Number,2023,34242984.78856313,36711321.86619971,31923888.218777638
44,Population,298,American Samoa,3,Both,235,95+ years,1,Number,2023,8.929940098706076,9.716160138091634,8.161472610624847
44,Population,305,Bermuda,3,Both,1,<5 years,1,Number,2023,2372.3937749262855,2624.742760583967,2111.706067734145
44,Population,80,France,3,Both,235,95+ years,1,Number,2023,164222.30472728092,179421.592272577,149188.54568356174
44,Population,81,Germany,3,Both,1,<5 years,1,Number,2023,3950164.7370341597,4250094.377686774,3627860.388372262
44,Population,81,Germany,3,Both,6,5-9 years,1,Number,2023,4148101.076916009,4463059.704774214,3809646.5807668352
44,Population,81,Germany,3,Both,7,10-14 years,1,Number,2023,3890454.0962246694,4185850.004176665,3573021.6960700983
44,Population,81,Germany,3,Both,8,15-19 years,1,Number,2023,3963346.652316131,4264277.174546309,3639966.75645509
44,Population,298,American Samoa,3,Both,9,20-24 years,1,Number,2023,3537.9430597625965,3849.4347048401987,3233.4847782894503
44,Population,298,American Samoa,3,Both,10,25-29 years,1,Number,2023,2910.1226184441916,3166.3389753737874,2659.691530006295
44,Population,298,American Samoa,3,Both,11,30-34 years,1,Number,2023,3036.2289549555117,3303.5481107575283,2774.9457646469627
44,Population,298,American Samoa,3,Both,12,35-39 years,1,Number,2023,2983.58829172003,3246.2727978082958,2726.835102486557
44,Population,298,American Samoa,3,Both,13,40-44 years,1,Number,2023,3125.8851703050577,3401.0979415607203,2856.8865993960817
44,Population,298,American Samoa,3,Both,14,45-49 years,1,Number,2023,3263.2102667353283,3550.513571805398,2982.3941616953475
44,Population,298,American Samoa,3,Both,15,50-54 years,1,Number,2023,3071.2860248012494,3341.6917153985946,2806.985992486365
44,Population,298,American Samoa,3,Both,16,55-59 years,1,Number,2023,2883.6735981757583,3137.561300094537,2635.518584598748
44,Population,298,American Samoa,3,Both,17,60-64 years,1,Number,2023,2130.5294313627946,2318.107949798865,1947.1863649698037
44,Population,298,American Samoa,3,Both,18,65-69 years,1,Number,2023,1538.4560086091035,1673.9065189498008,1406.06391959267
44,Population,298,American Samoa,3,Both,19,70-74 years,1,Number,2023,1047.4757163726492,1139.6987760884974,957.3350184855924
44,Population,298,American Samoa,3,Both,20,75-79 years,1,Number,2023,559.8162263889826,609.104209364814,511.64114743827497
44,Population,162,Bhutan,3,Both,235,95+ years,1,Number,2023,280.3884675297978,308.4397008085761,250.62612590561454
44,Population,163,India,3,Both,1,<5 years,1,Number,2023,110034436.90795523,125500148.23229142,93615375.0983502
44,Population,163,India,3,Both,6,5-9 years,1,Number,2023,121801820.7353379,138921477.55556646,103626859.5197972
44,Population,163,India,3,Both,7,10-14 years,1,Number,2023,130789054.65732071,149171897.52500394,111273041.00938696
44,Population,163,India,3,Both,8,15-19 years,1,Number,2023,133927883.22104993,152751899.0326528,113943501.47267564
44,Population,163,India,3,Both,9,20-24 years,1,Number,2023,131675135.13340983,150182519.60132673,112026902.78636679
44,Population,163,India,3,Both,10,25-29 years,1,Number,2023,126087123.18096735,143809093.71701026,107272719.91705683
44,Population,163,India,3,Both,11,30-34 years,1,Number,2023,117956151.20925364,134535286.20367444,100355031.12402119
44,Population,163,India,3,Both,12,35-39 years,1,Number,2023,109779847.215858,125209775.10007516,93398774.63951573
44,Population,163,India,3,Both,13,40-44 years,1,Number,2023,96344036.09175862,109885515.39485161,81967821.44451451
44,Population,163,India,3,Both,14,45-49 years,1,Number,2023,81812397.7730731,93311406.28591293,69604557.63161133
44,Population,163,India,3,Both,15,50-54 years,1,Number,2023,70463149.80516557,80366983.22780344,59948815.88879117
44,Population,163,India,3,Both,16,55-59 years,1,Number,2023,59206018.047486596,67527623.62403737,50371445.007089704
44,Population,163,India,3,Both,17,60-64 years,1,Number,2023,50496576.477512605,57594040.65885574,42961604.39371594
44,Population,163,India,3,Both,18,65-69 years,1,Number,2023,39502587.78750881,45054809.76867741,33608111.03324494
44,Population,163,India,3,Both,19,70-74 years,1,Number,2023,28940613.256458547,33008314.08495513,24622167.765951265
44,Population,163,India,3,Both,20,75-79 years,1,Number,2023,18276061.28376075,20844823.354102068,15548953.404749986
44,Population,165,Pakistan,3,Both,7,10-14 years,1,Number,2023,29340687.86465694,31455652.672394224,27353597.98326322
44,Population,165,Pakistan,3,Both,8,15-19 years,1,Number,2023,25144089.32340042,26956550.717860524,23441212.904760845
44,Population,165,Pakistan,3,Both,9,20-24 years,1,Number,2023,21361365.973528218,22901157.3201936,19914673.436034013
44,Population,165,Pakistan,3,Both,10,25-29 years,1,Number,2023,18487646.332771618,19820291.346142456,17235575.65439846
44,Population,165,Pakistan,3,Both,11,30-34 years,1,Number,2023,16342198.623535901,17520193.329360954,15235427.79136086
44,Population,165,Pakistan,3,Both,12,35-39 years,1,Number,2023,14639060.185371736,15694287.562903818,13647633.927689964
44,Population,165,Pakistan,3,Both,13,40-44 years,1,Number,2023,12658271.064818118,13570717.219877016,11800993.196457785
44,Population,165,Pakistan,3,Both,14,45-49 years,1,Number,2023,10235022.457123669,10972793.582431624,9541858.423130913
44,Population,165,Pakistan,3,Both,15,50-54 years,1,Number,2023,8189870.3320657145,8780220.756437171,7635213.653877278
44,Population,165,Pakistan,3,Both,16,55-59 years,1,Number,2023,6566810.839332864,7040166.266046858,6122075.411450028
44,Population,165,Pakistan,3,Both,17,60-64 years,1,Number,2023,5045889.281447676,5409612.119277109,4704157.840792683
44,Population,165,Pakistan,3,Both,18,65-69 years,1,Number,2023,4095880.670537505,4391124.037524583,3818488.297415091
44,Population,165,Pakistan,3,Both,19,70-74 years,1,Number,2023,2913422.597993418,3123430.839560411,2716111.8671952453
44,Population,165,Pakistan,3,Both,20,75-79 years,1,Number,2023,1919197.0215559965,2057538.5007479198,1789219.9399167933
44,Population,165,Pakistan,3,Both,30,80-84 years,1,Number,2023,1159561.822615453,1243146.5176485074,1081030.822415381
44,Population,320,Cook Islands,3,Both,6,5-9 years,1,Number,2023,1255.2043173222219,1359.63843879729,1155.2694889947095
44,Population,320,Cook Islands,3,Both,7,10-14 years,1,Number,2023,1330.195651593367,1440.8691191292883,1224.2902844356302
44,Population,320,Cook Islands,3,Both,8,15-19 years,1,Number,2023,1268.841863408602,1374.4106409113401,1167.8212629815653
44,Population,320,Cook Islands,3,Both,9,20-24 years,1,Number,2023,809.9155160615358,877.3012111405304,745.4329717136419
44,Population,320,Cook Islands,3,Both,10,25-29 years,1,Number,2023,851.1770682441838,921.9957613565866,783.4094283329664
44,Population,320,Cook Islands,3,Both,11,30-34 years,1,Number,2023,740.910655408128,802.5550843837508,681.9220285109594
44,Population,320,Cook Islands,3,Both,12,35-39 years,1,Number,2023,1056.9914078196505,1144.934038002625,972.8375745142827
44,Population,320,Cook Islands,3,Both,13,40-44 years,1,Number,2023,846.8382485482148,917.2959479825893,779.4160497699485
44,Population,320,Cook Islands,3,Both,14,45-49 years,1,Number,2023,901.3972698403097,976.3943286272196,829.6312790982183
44,Population,320,Cook Islands,3,Both,15,50-54 years,1,Number,2023,1066.0917144441723,1154.7914982748598,981.2133476364106
44,Population,320,Cook Islands,3,Both,16,55-59 years,1,Number,2023,882.9343433922137,956.3952701910031,812.6383040831687
44,Population,320,Cook Islands,3,Both,17,60-64 years,1,Number,2023,903.6762185992819,978.8628879605385,831.7287861987672
44,Population,320,Cook Islands,3,Both,18,65-69 years,1,Number,2023,494.1336948255981,535.2460600383235,454.792557066781
44,Population,320,Cook Islands,3,Both,19,70-74 years,1,Number,2023,607.6456193306915,658.2022781528616,559.2670726560557
44,Population,320,Cook Islands,3,Both,20,75-79 years,1,Number,2023,247.22570235732837,267.79510183710755,227.5424860217317
44,Population,320,Cook Islands,3,Both,30,80-84 years,1,Number,2023,229.12434968228524,248.1877004351437,210.88229758354785
44,Population,320,Cook Islands,3,Both,31,85-89 years,1,Number,2023,78.88528405118069,85.44861021529984,72.60472302184984
44,Population,320,Cook Islands,3,Both,32,90-94 years,1,Number,2023,36.22860506645283,39.24285739985279,33.34421455098284
44,Population,136,Paraguay,3,Both,235,95+ years,1,Number,2023,2567.1675217024376,2759.7881964466887,2368.168273857197
44,Population,111,Dominican Republic,3,Both,235,95+ years,1,Number,2023,9037.946239642419,9700.609609245126,8391.823241840355
44,Population,112,Grenada,3,Both,235,95+ years,1,Number,2023,94.05925475600907,107.52130458339086,81.62232271737687
44,Population,113,Guyana,3,Both,1,<5 years,1,Number,2023,73901.16844364311,83914.94412092361,63774.00673592836
44,Population,113,Guyana,3,Both,6,5-9 years,1,Number,2023,73826.19908737806,83829.81624711253,63709.310922152676
44,Population,113,Guyana,3,Both,7,10-14 years,1,Number,2023,71141.65871463326,80781.51457457489,61392.65072015792
44,Population,113,Guyana,3,Both,8,15-19 years,1,Number,2023,68512.55184859304,77796.15777443243,59123.82760794707
44,Population,113,Guyana,3,Both,9,20-24 years,1,Number,2023,73952.61648205409,83973.36348504615,63818.40451227305
44,Population,113,Guyana,3,Both,10,25-29 years,1,Number,2023,79095.88889761287,89813.5609601299,68256.8605824866
44,Population,113,Guyana,3,Both,11,30-34 years,1,Number,2023,62078.13361898338,70489.86130362486,53571.15990107803
44,Population,113,Guyana,3,Both,12,35-39 years,1,Number,2023,49864.701347150716,56621.48130098522,43031.414341213866
44,Population,113,Guyana,3,Both,13,40-44 years,1,Number,2023,47889.76643637747,54378.93823745598,41327.11771160479
44,Population,298,American Samoa,3,Both,30,80-84 years,1,Number,2023,285.17501080319965,310.28271653774937,260.6342275736204
44,Population,298,American Samoa,3,Both,31,85-89 years,1,Number,2023,127.68397751750639,138.92567687081606,116.69611148632033
44,Population,298,American Samoa,3,Both,32,90-94 years,1,Number,2023,37.906544383263835,41.24395588754686,34.64449036923218
44,Population,163,India,3,Both,30,80-84 years,1,Number,2023,10128411.568440523,11551993.984031029,8617075.47904467
44,Population,163,India,3,Both,31,85-89 years,1,Number,2023,4512028.416108014,5146209.231965703,3838754.8889054065
44,Population,163,India,3,Both,32,90-94 years,1,Number,2023,1345506.869359925,1534622.3991084802,1144733.7198435704
44,Population,23,Kiribati,3,Both,235,95+ years,1,Number,2023,45.69616016650395,49.70083002113086,41.52620907285003
44,Population,24,Marshall Islands,3,Both,1,<5 years,1,Number,2023,4424.283248285913,4765.551601607983,4091.1836339239535
44,Population,24,Marshall Islands,3,Both,6,5-9 years,1,Number,2023,4520.330173131263,4869.007133462461,4179.999287209321
44,Population,24,Marshall Islands,3,Both,7,10-14 years,1,Number,2023,4609.759672321367,4965.33480264176,4262.695733829984
44,Population,24,Marshall Islands,3,Both,8,15-19 years,1,Number,2023,4546.706103170524,4897.417578406554,4204.389401325083
44,Population,24,Marshall Islands,3,Both,9,20-24 years,1,Number,2023,3827.626811787387,4122.871900287576,3539.4488305467335
44,Population,24,Marshall Islands,3,Both,10,25-29 years,1,Number,2023,2980.619894315875,3210.5308620655696,2756.212169575182
44,Population,24,Marshall Islands,3,Both,11,30-34 years,1,Number,2023,2660.035108849793,2865.2176775128096,2459.7638741158003
44,Population,25,Micronesia (Federated States of),3,Both,9,20-24 years,1,Number,2023,9593.88869980718,11001.217578735268,8149.855101723315
44,Population,25,Micronesia (Federated States of),3,Both,10,25-29 years,1,Number,2023,8591.308576653948,9851.568836703733,7298.17931235013
44,Population,25,Micronesia (Federated States of),3,Both,11,30-34 years,1,Number,2023,7435.5156962108895,8526.232536527268,6316.351734612683
44,Population,25,Micronesia (Federated States of),3,Both,12,35-39 years,1,Number,2023,6571.732277303802,7535.740606754131,5582.581526969414
44,Population,25,Micronesia (Federated States of),3,Both,13,40-44 years,1,Number,2023,5999.605283428175,6879.688223905452,5096.568790552677
44,Population,25,Micronesia (Federated States of),3,Both,14,45-49 years,1,Number,2023,5571.768047968222,6389.091484371239,4733.127897581865
44,Population,25,Micronesia (Federated States of),3,Both,15,50-54 years,1,Number,2023,5022.35828590842,5759.088727259565,4266.413086480328
44,Population,25,Micronesia (Federated States of),3,Both,16,55-59 years,1,Number,2023,4479.589650175645,5136.701284227254,3805.3398060418076
44,Population,25,Micronesia (Federated States of),3,Both,17,60-64 years,1,Number,2023,4045.477507911317,4638.90917092947,3436.5684800388203
44,Population,81,Germany,3,Both,9,20-24 years,1,Number,2023,4493529.155734479,4834715.580772894,4126890.2725116895
44,Population,81,Germany,3,Both,10,25-29 years,1,Number,2023,5062216.058431851,5446581.96324506,4649176.512459981
44,Population,81,Germany,3,Both,11,30-34 years,1,Number,2023,5480836.607727561,5896987.696015,5033640.708170666
44,Population,81,Germany,3,Both,12,35-39 years,1,Number,2023,5621577.549557293,6048414.870677592,5162898.225736793
44,Population,81,Germany,3,Both,13,40-44 years,1,Number,2023,5383152.853545851,5791886.9718485605,4943927.228866662
44,Population,81,Germany,3,Both,14,45-49 years,1,Number,2023,4926849.339220993,5300937.067261322,4524854.720529426
44,Population,81,Germany,3,Both,15,50-54 years,1,Number,2023,5586417.076656916,6010584.719750039,5130606.588460044
44,Population,81,Germany,3,Both,16,55-59 years,1,Number,2023,6765523.037250206,7279218.295163168,6213506.187057982
44,Population,81,Germany,3,Both,17,60-64 years,1,Number,2023,6384647.843216253,6869423.861632923,5863707.603622997
44,Population,81,Germany,3,Both,18,65-69 years,1,Number,2023,5184533.23528996,5578186.486161611,4761513.508580866
44,Population,81,Germany,3,Both,19,70-74 years,1,Number,2023,4397183.220615227,4731054.254113704,4038405.4560879944
44,Population,81,Germany,3,Both,20,75-79 years,1,Number,2023,3130700.5663764053,3368409.6135614156,2875258.4584963727
44,Population,82,Greece,3,Both,30,80-84 years,1,Number,2023,369801.43586609454,399114.4533877683,337764.09012442245
44,Population,82,Greece,3,Both,31,85-89 years,1,Number,2023,273312.96970390005,294977.6445612798,249634.79742861004
44,Population,82,Greece,3,Both,32,90-94 years,1,Number,2023,108477.3299222387,117075.992783749,99079.5142655396
44,Population,113,Guyana,3,Both,14,45-49 years,1,Number,2023,45667.849094797355,51855.94606444055,39409.68427323275
44,Population,113,Guyana,3,Both,15,50-54 years,1,Number,2023,41947.97350927917,47632.01891322651,36199.567631727085
44,Population,113,Guyana,3,Both,16,55-59 years,1,Number,2023,37037.31945073821,42055.96010931326,31961.852699709067
44,Population,113,Guyana,3,Both,17,60-64 years,1,Number,2023,31874.631430207755,36193.7161708165,27506.641672188063
44,Population,113,Guyana,3,Both,18,65-69 years,1,Number,2023,24085.969275303272,27349.672656078495,20785.310965359768
44,Population,113,Guyana,3,Both,19,70-74 years,1,Number,2023,16591.641021260337,18839.845952303724,14317.979654907336
44,Population,113,Guyana,3,Both,20,75-79 years,1,Number,2023,9163.67573370487,10405.374547257972,7907.917158479345
44,Population,113,Guyana,3,Both,30,80-84 years,1,Number,2023,5519.957831591138,6267.924618012851,4763.521813628576
44,Population,113,Guyana,3,Both,31,85-89 years,1,Number,2023,2675.5718057787653,3038.1178444379084,2308.920656570113
44,Population,113,Guyana,3,Both,32,90-94 years,1,Number,2023,1015.4010106857579,1152.9901470638274,876.2539518509093
44,Population,17,Sri Lanka,3,Both,235,95+ years,1,Number,2023,18614.592490249095,21153.527680545558,15926.739303656392
44,Population,18,Thailand,3,Both,1,<5 years,1,Number,2023,2644486.3705035816,3043834.723019027,2262812.0143947983
44,Population,18,Thailand,3,Both,6,5-9 years,1,Number,2023,3110905.557752952,3580688.659370228,2661913.6896479595
44,Population,18,Thailand,3,Both,7,10-14 years,1,Number,2023,3557276.478385379,4094466.806507445,3043860.6315379203
44,Population,18,Thailand,3,Both,8,15-19 years,1,Number,2023,3746093.4652391253,4311797.365398478,3205425.974108818
44,Population,18,Thailand,3,Both,9,20-24 years,1,Number,2023,3839724.4486969537,4419567.721781553,3285543.3521566507
44,Population,18,Thailand,3,Both,10,25-29 years,1,Number,2023,4129398.424325806,4752985.853638351,3533409.1606635973
44,Population,205,Côte d'Ivoire,3,Both,235,95+ years,1,Number,2023,5404.102447852156,5842.697196355754,4955.628820564588
44,Population,74,Andorra,3,Both,1,<5 years,1,Number,2023,2360.4059405548937,2394.412895460403,2326.6401067430656
44,Population,203,Cabo Verde,3,Both,235,95+ years,1,Number,2023,415.7087360612413,450.2004188498039,382.3868038617939
44,Population,204,Chad,3,Both,1,<5 years,1,Number,2023,3996775.9157224265,4661427.58069158,3386688.307947754
44,Population,204,Chad,3,Both,6,5-9 years,1,Number,2023,3244432.9081364563,3783972.221759405,2749186.651341342
44,Population,204,Chad,3,Both,7,10-14 years,1,Number,2023,2620640.7309515765,3056445.304898551,2220613.1917308476
44,Population,204,Chad,3,Both,8,15-19 years,1,Number,2023,2104335.3430686435,2454279.9031131607,1783119.2072432279
44,Population,204,Chad,3,Both,9,20-24 years,1,Number,2023,1647401.1868373135,1921358.9880230888,1395933.7364933863
44,Population,204,Chad,3,Both,10,25-29 years,1,Number,2023,1266355.1666667238,1476946.1749482553,1073052.4620578384
44,Population,204,Chad,3,Both,11,30-34 years,1,Number,2023,1008080.7612804417,1175721.5223680716,854202.3370050365
44,Population,204,Chad,3,Both,12,35-39 years,1,Number,2023,805873.0817916766,939887.3214841327,682860.636008506
44,Population,204,Chad,3,Both,13,40-44 years,1,Number,2023,652858.1347120961,761426.4546216744,553202.6458827346
44,Population,204,Chad,3,Both,14,45-49 years,1,Number,2023,530270.3250815403,618452.6655181757,449327.2447276296
44,Population,139,Algeria,3,Both,235,95+ years,1,Number,2023,11417.173842955253,13250.41476477612,9604.029962520497
44,Population,140,Bahrain,3,Both,1,<5 years,1,Number,2023,86685.92062033962,94305.91434324402,78996.59148635386
44,Population,140,Bahrain,3,Both,6,5-9 years,1,Number,2023,100689.96683456132,109540.96489454828,91758.43227923253
44,Population,140,Bahrain,3,Both,7,10-14 years,1,Number,2023,103903.90771213264,113037.42234617942,94687.28592409102
44,Population,140,Bahrain,3,Both,8,15-19 years,1,Number,2023,101794.1331913612,110742.19131193985,92764.65541208842
44,Population,140,Bahrain,3,Both,9,20-24 years,1,Number,2023,121248.15303444845,131906.2871169452,110493.03906786742
44,Population,140,Bahrain,3,Both,10,25-29 years,1,Number,2023,146527.97227567475,159408.2903363284,133530.45436157373
44,Population,140,Bahrain,3,Both,11,30-34 years,1,Number,2023,164899.26801692892,179394.4868276489,150272.15514021585
44,Population,140,Bahrain,3,Both,12,35-39 years,1,Number,2023,150610.2666792636,163849.43260711167,137250.63568997814
44,Population,140,Bahrain,3,Both,13,40-44 years,1,Number,2023,158280.0877909411,172193.45765304458,144240.11818952073
44,Population,140,Bahrain,3,Both,14,45-49 years,1,Number,2023,148860.92531398003,161946.3180555104,135656.46671519472
44,Population,140,Bahrain,3,Both,15,50-54 years,1,Number,2023,95647.01027876323,104054.71492933526,87162.80272288751
44,Population,140,Bahrain,3,Both,16,55-59 years,1,Number,2023,68391.67955964817,74403.54590673209,62325.11038212907
44,Population,168,Angola,3,Both,235,95+ years,1,Number,2023,6123.622949890088,6903.818461330964,5347.845697291411
44,Population,169,Central African Republic,3,Both,1,<5 years,1,Number,2023,1211182.485961586,1441682.637341387,986481.059247942
44,Population,74,Andorra,3,Both,6,5-9 years,1,Number,2023,3531.0384250922802,3581.9109730843875,3480.526581092762
44,Population,75,Austria,3,Both,6,5-9 years,1,Number,2023,444593.214261681,451162.6909175285,438707.1389918008
44,Population,75,Austria,3,Both,7,10-14 years,1,Number,2023,432555.56004355574,438947.16379032505,426828.85413993616
44,Population,75,Austria,3,Both,8,15-19 years,1,Number,2023,442198.2759058259,448732.36405119614,436343.9077942582
44,Population,75,Austria,3,Both,9,20-24 years,1,Number,2023,495831.2551562057,503157.84438766213,489266.8272805907
44,Population,75,Austria,3,Both,10,25-29 years,1,Number,2023,587461.4674127393,596142.0191453764,579683.9253711047
44,Population,75,Austria,3,Both,11,30-34 years,1,Number,2023,631618.5775444423,640951.6113548403,623256.4290230008
44,Population,75,Austria,3,Both,12,35-39 years,1,Number,2023,619640.0516760012,628796.0862800688,611436.4897065405
44,Population,75,Austria,3,Both,13,40-44 years,1,Number,2023,604797.2836720695,613733.9959500601,596790.2286372222
44,Population,75,Austria,3,Both,14,45-49 years,1,Number,2023,583329.8848298172,591949.3867432948,575607.0417923211
44,Population,75,Austria,3,Both,15,50-54 years,1,Number,2023,671658.6896520738,681583.3712280036,662766.4405665213
44,Population,75,Austria,3,Both,16,55-59 years,1,Number,2023,710450.4054521454,720948.288019935,701044.5836180161
44,Population,75,Austria,3,Both,17,60-64 years,1,Number,2023,629266.4245248226,638564.7020369739,620935.4167164546
44,Population,75,Austria,3,Both,18,65-69 years,1,Number,2023,498941.0420009582,506313.5826131959,492335.4429179241
44,Population,75,Austria,3,Both,19,70-74 years,1,Number,2023,413288.45143042837,419395.3571291858,407816.82735867647
44,Population,75,Austria,3,Both,20,75-79 years,1,Number,2023,333544.84335547837,338473.4274899461,329128.9638708329
44,Population,75,Austria,3,Both,30,80-84 years,1,Number,2023,311458.6333037979,316060.8632864335,307335.15840523335
44,Population,75,Austria,3,Both,31,85-89 years,1,Number,2023,139934.32667752064,142002.04895255883,138081.70285591838
44,Population,75,Austria,3,Both,32,90-94 years,1,Number,2023,65170.482368072444,66133.46594234573,64307.674857098835
44,Population,206,Gambia,3,Both,1,<5 years,1,Number,2023,363144.7368305754,411546.6870153972,315718.32478292746
44,Population,206,Gambia,3,Both,6,5-9 years,1,Number,2023,334946.3977290117,379589.91645093897,291202.66620418243
44,Population,206,Gambia,3,Both,7,10-14 years,1,Number,2023,320377.7278999521,363079.45328217786,278536.6529971888
44,Population,206,Gambia,3,Both,8,15-19 years,1,Number,2023,289433.39410405204,328010.68657844135,251633.62443388806
44,Population,206,Gambia,3,Both,9,20-24 years,1,Number,2023,250806.95109272088,284235.89641834353,218051.76397159454
44,Population,206,Gambia,3,Both,10,25-29 years,1,Number,2023,208432.30236105615,236213.31883354424,181211.2104567907
44,Population,206,Gambia,3,Both,11,30-34 years,1,Number,2023,172764.3138319077,195791.30242270825,150201.43268861322
44,Population,206,Gambia,3,Both,12,35-39 years,1,Number,2023,142923.3932952347,161973.01803411427,124257.71249581758
44,Population,206,Gambia,3,Both,13,40-44 years,1,Number,2023,113295.00726411818,128395.59593200593,98498.76997221936
44,Population,206,Gambia,3,Both,14,45-49 years,1,Number,2023,87543.09424687334,99211.32472638931,76110.03618877092
44,Population,207,Ghana,3,Both,12,35-39 years,1,Number,2023,2213195.442160894,2393914.776986541,2026026.9426767034
44,Population,207,Ghana,3,Both,13,40-44 years,1,Number,2023,1806172.000734253,1953655.6781065082,1653425.2090375747
44,Population,207,Ghana,3,Both,14,45-49 years,1,Number,2023,1397816.7935084635,1511956.0675729022,1279604.336166993
44,Population,207,Ghana,3,Both,15,50-54 years,1,Number,2023,1089362.8953070084,1178315.2463164644,997236.1835741802
44,Population,207,Ghana,3,Both,16,55-59 years,1,Number,2023,847001.0217858562,916163.2197272776,775370.6961086764
44,Population,207,Ghana,3,Both,17,60-64 years,1,Number,2023,674940.4262175593,730052.9492913841,617861.1532307062
44,Population,207,Ghana,3,Both,18,65-69 years,1,Number,2023,505920.18594046676,547231.295540783,463134.84477385704
44,Population,207,Ghana,3,Both,19,70-74 years,1,Number,2023,349540.0823238875,378081.91372708214,319979.7048389847
44,Population,207,Ghana,3,Both,20,75-79 years,1,Number,2023,215946.46217887287,233579.65455740684,197684.01028466696
44,Population,207,Ghana,3,Both,30,80-84 years,1,Number,2023,131047.98569169841,141748.7599447492,119965.3427515013
44,Population,207,Ghana,3,Both,31,85-89 years,1,Number,2023,65474.920234851044,70821.30031823476,59937.748803556715
44,Population,207,Ghana,3,Both,32,90-94 years,1,Number,2023,23884.736280434183,25835.05371325505,21864.819663481616
44,Population,18,Thailand,3,Both,11,30-34 years,1,Number,2023,3878372.87908441,4464052.516906862,3318613.718331986
44,Population,18,Thailand,3,Both,12,35-39 years,1,Number,2023,4247602.385037885,4889039.994066871,3634552.9386885935
44,Population,18,Thailand,3,Both,13,40-44 years,1,Number,2023,4955571.417831914,5703920.626040143,4240341.968684891
44,Population,18,Thailand,3,Both,14,45-49 years,1,Number,2023,5323147.50779103,6127005.002064387,4554866.407850506
44,Population,18,Thailand,3,Both,15,50-54 years,1,Number,2023,5456432.201347615,6280417.242270876,4668914.341422323
44,Population,18,Thailand,3,Both,16,55-59 years,1,Number,2023,5329217.316999665,6133991.423411616,4560060.171507442
44,Population,18,Thailand,3,Both,17,60-64 years,1,Number,2023,4827945.560517681,5557021.772492957,4131136.1408541026
44,Population,18,Thailand,3,Both,18,65-69 years,1,Number,2023,3782353.7004211643,4353533.3199274875,3236452.8293537083
44,Population,18,Thailand,3,Both,19,70-74 years,1,Number,2023,2713428.674712349,3123188.121008229,2321803.989548731
44,Population,18,Thailand,3,Both,20,75-79 years,1,Number,2023,1844974.5998388606,2123587.32974232,1578692.4588965112
44,Population,18,Thailand,3,Both,30,80-84 years,1,Number,2023,1184763.085021022,1363676.1591822498,1013768.1830768898
44,Population,18,Thailand,3,Both,31,85-89 years,1,Number,2023,710951.0676713748,818312.9889731646,608340.6726982854
44,Population,18,Thailand,3,Both,32,90-94 years,1,Number,2023,323523.42889876146,372379.24822607596,276829.826016805
44,Population,320,Cook Islands,3,Both,235,95+ years,1,Number,2023,7.132366570519327,7.7257858462109334,6.564513338215027
44,Population,349,Greenland,3,Both,235,95+ years,1,Number,2023,5.115905539807207,5.191364802716349,5.044312605646885
44,Population,351,Guam,3,Both,1,<5 years,1,Number,2023,11501.43997297155,12497.920362270675,10491.027341599503
44,Population,351,Guam,3,Both,6,5-9 years,1,Number,2023,11526.214308353516,12524.84113665715,10513.625227644467
44,Population,351,Guam,3,Both,7,10-14 years,1,Number,2023,11733.569886281837,12750.161923072665,10702.764417397342
44,Population,351,Guam,3,Both,8,15-19 years,1,Number,2023,11859.848355142249,12887.381110495782,10817.949200570854
44,Population,351,Guam,3,Both,9,20-24 years,1,Number,2023,11351.10161796737,12334.556749309819,10353.89635656229
44,Population,351,Guam,3,Both,10,25-29 years,1,Number,2023,11558.351626392327,12559.76281972031,10542.939251194832
44,Population,351,Guam,3,Both,11,30-34 years,1,Number,2023,10791.980081605072,11726.993135474688,9843.894188221757
44,Population,351,Guam,3,Both,12,35-39 years,1,Number,2023,9754.92258238882,10600.085368555165,8897.943193854435
44,Population,351,Guam,3,Both,13,40-44 years,1,Number,2023,9237.360028761062,10037.681391928407,8425.849011399296
44,Population,351,Guam,3,Both,14,45-49 years,1,Number,2023,9435.412612535874,10252.893176311612,8606.502484037397
44,Population,351,Guam,3,Both,15,50-54 years,1,Number,2023,10105.67416975209,10981.225940179924,9217.880914851537
44,Population,351,Guam,3,Both,16,55-59 years,1,Number,2023,10012.015384259079,10879.452593097345,9132.450144296092
44,Population,351,Guam,3,Both,17,60-64 years,1,Number,2023,9129.472727723549,9920.446776120665,8327.439714158623
44,Population,351,Guam,3,Both,18,65-69 years,1,Number,2023,7344.202394388901,7980.5012994173485,6699.007107182951
44,Population,351,Guam,3,Both,19,70-74 years,1,Number,2023,5476.423452834646,5950.898700027333,4995.314353061934
44,Population,25,Micronesia (Federated States of),3,Both,18,65-69 years,1,Number,2023,2538.7369414682275,2911.1446194728323,2156.6164525938398
44,Population,25,Micronesia (Federated States of),3,Both,19,70-74 years,1,Number,2023,1494.5529837071022,1713.7891704997862,1269.5988707171405
44,Population,25,Micronesia (Federated States of),3,Both,20,75-79 years,1,Number,2023,743.030293178608,852.0255110957885,631.192357455466
44,Population,25,Micronesia (Federated States of),3,Both,30,80-84 years,1,Number,2023,345.1730735302461,395.8065600972986,293.21900871588514
44,Population,25,Micronesia (Federated States of),3,Both,31,85-89 years,1,Number,2023,153.3780032161676,175.87704401937978,130.29216213739704
44,Population,25,Micronesia (Federated States of),3,Both,32,90-94 years,1,Number,2023,44.523331019072955,51.0544646907066,37.82185803956642
44,Population,140,Bahrain,3,Both,17,60-64 years,1,Number,2023,51923.73624241604,56488.01313312161,47317.92834446632
44,Population,140,Bahrain,3,Both,18,65-69 years,1,Number,2023,33992.993289037026,36981.09555099093,30977.701857876462
44,Population,140,Bahrain,3,Both,19,70-74 years,1,Number,2023,20932.67794962133,22772.73309858018,19075.87987608737
44,Population,140,Bahrain,3,Both,20,75-79 years,1,Number,2023,6526.250125362036,7099.930195129839,5947.350058713267
44,Population,140,Bahrain,3,Both,30,80-84 years,1,Number,2023,2871.1219735681034,3123.503574406158,2616.4439165018916
44,Population,140,Bahrain,3,Both,31,85-89 years,1,Number,2023,1810.0677284741923,1969.1789731873148,1649.508707823054
44,Population,140,Bahrain,3,Both,32,90-94 years,1,Number,2023,489.6882077263781,532.7335032294149,446.2512369323434
44,Population,141,Egypt,3,Both,30,80-84 years,1,Number,2023,355567.16220101033,391039.0132968798,319916.4078243482
44,Population,141,Egypt,3,Both,31,85-89 years,1,Number,2023,143556.11634302227,157877.46466804636,129162.53789406706
44,Population,141,Egypt,3,Both,32,90-94 years,1,Number,2023,39844.55159473089,43819.49684108348,35849.55859999264
44,Population,109,Cuba,3,Both,235,95+ years,1,Number,2023,29489.0931848611,33659.26728211442,25498.241220453037
44,Population,110,Dominica,3,Both,1,<5 years,1,Number,2023,3340.5546675011888,3810.1861046215026,2860.70480645714
44,Population,110,Dominica,3,Both,6,5-9 years,1,Number,2023,4332.855909152411,4941.98988538894,3710.468158352363
44,Population,110,Dominica,3,Both,7,10-14 years,1,Number,2023,5349.511111847951,6101.571425600428,4581.087176551607
44,Population,111,Dominican Republic,3,Both,6,5-9 years,1,Number,2023,1002934.9252267792,1076470.2417047524,931235.0828836636
44,Population,111,Dominican Republic,3,Both,7,10-14 years,1,Number,2023,971783.7691273761,1043035.0788719055,902310.9236959772
44,Population,111,Dominican Republic,3,Both,8,15-19 years,1,Number,2023,955776.3125985852,1025853.9535912899,887447.8406260816
44,Population,111,Dominican Republic,3,Both,9,20-24 years,1,Number,2023,974934.351972572,1046416.6628526527,905236.2712964853
44,Population,111,Dominican Republic,3,Both,10,25-29 years,1,Number,2023,969344.6396760389,1040417.1121384839,900046.1676687939
44,Population,111,Dominican Republic,3,Both,11,30-34 years,1,Number,2023,914345.3385317264,981385.2552281033,848978.7679089478
44,Population,111,Dominican Republic,3,Both,12,35-39 years,1,Number,2023,800564.2048659804,859261.6743478072,743331.8502728314
44,Population,111,Dominican Republic,3,Both,13,40-44 years,1,Number,2023,715378.9147466716,767830.5879054966,664236.458628367
44,Population,111,Dominican Republic,3,Both,14,45-49 years,1,Number,2023,637849.2583070109,684616.4471794503,592249.3992244839
44,Population,111,Dominican Republic,3,Both,15,50-54 years,1,Number,2023,556299.4015540847,597087.3445410506,516529.5437260921
44,Population,111,Dominican Republic,3,Both,16,55-59 years,1,Number,2023,477525.14846617286,512537.35318195866,443386.86391879246
44,Population,111,Dominican Republic,3,Both,17,60-64 years,1,Number,2023,387431.0711159036,415837.5666036007,359733.6143626117
44,Population,111,Dominican Republic,3,Both,18,65-69 years,1,Number,2023,292512.70926002593,313959.7783651343,271600.9685181636
44,Population,111,Dominican Republic,3,Both,19,70-74 years,1,Number,2023,221624.2881210877,237873.809158063,205780.36234086403
44,Population,111,Dominican Republic,3,Both,20,75-79 years,1,Number,2023,149912.85100416688,160904.48033666224,139195.57761798453
44,Population,111,Dominican Republic,3,Both,30,80-84 years,1,Number,2023,91912.0733546569,98651.07828137549,85341.27698173403
44,Population,111,Dominican Republic,3,Both,31,85-89 years,1,Number,2023,47668.04981139862,51163.07729583526,44260.25976409495
44,Population,111,Dominican Republic,3,Both,32,90-94 years,1,Number,2023,19903.389413505512,21362.708460726386,18480.49561736086
44,Population,367,Monaco,3,Both,30,80-84 years,1,Number,2023,1569.0039850434885,1747.850440871031,1392.6167884554538
44,Population,367,Monaco,3,Both,31,85-89 years,1,Number,2023,742.4441490897332,827.0733189199896,658.9786873512808
44,Population,169,Central African Republic,3,Both,6,5-9 years,1,Number,2023,984844.43716467,1172270.1921464107,802133.778212064
44,Population,169,Central African Republic,3,Both,7,10-14 years,1,Number,2023,847614.8921178393,1008924.4909681089,690363.3814906863
44,Population,169,Central African Republic,3,Both,8,15-19 years,1,Number,2023,703277.0307361102,837117.6896999914,572803.4200185001
44,Population,169,Central African Republic,3,Both,9,20-24 years,1,Number,2023,557392.5655713425,663469.9504669536,453983.78433882445
44,Population,169,Central African Republic,3,Both,10,25-29 years,1,Number,2023,429029.87129301345,510678.55051824515,349435.2393529932
44,Population,169,Central African Republic,3,Both,11,30-34 years,1,Number,2023,363416.69432140386,432578.52916128386,295994.77346961433
44,Population,169,Central African Republic,3,Both,12,35-39 years,1,Number,2023,323461.19837758166,385019.1023728094,263451.9152147364
44,Population,169,Central African Republic,3,Both,13,40-44 years,1,Number,2023,279098.2328687063,332213.4204409548,227319.27152658842
44,Population,170,Congo,3,Both,10,25-29 years,1,Number,2023,492323.00807494385,527358.9338318999,457061.1802367773
44,Population,170,Congo,3,Both,11,30-34 years,1,Number,2023,448101.6181169308,479990.55031472654,416007.074792972
44,Population,170,Congo,3,Both,12,35-39 years,1,Number,2023,390213.27333934547,417982.6098315677,362264.8877490364
44,Population,170,Congo,3,Both,13,40-44 years,1,Number,2023,327185.77528355643,350469.79074403615,303751.6308500923
44,Population,170,Congo,3,Both,14,45-49 years,1,Number,2023,263514.5421825863,282267.42552209896,244640.745372584
44,Population,170,Congo,3,Both,15,50-54 years,1,Number,2023,192409.63224069093,206102.36948745782,178628.60796354938
44,Population,170,Congo,3,Both,16,55-59 years,1,Number,2023,144023.57406548958,154272.94117904492,133708.12183181776
44,Population,170,Congo,3,Both,17,60-64 years,1,Number,2023,103424.86037777869,110785.03991476228,96017.22441315507
44,Population,170,Congo,3,Both,18,65-69 years,1,Number,2023,73474.93729534314,78703.7452239882,68212.4154411257
44,Population,170,Congo,3,Both,19,70-74 years,1,Number,2023,48620.32145358179,52080.36281827,45137.97068708758
44,Population,170,Congo,3,Both,20,75-79 years,1,Number,2023,28554.546982260552,30586.617333808506,26509.37439603026
44,Population,170,Congo,3,Both,30,80-84 years,1,Number,2023,16928.693026635025,18133.41517513392,15716.203158723945
44,Population,170,Congo,3,Both,31,85-89 years,1,Number,2023,8201.379722215137,8785.026893562437,7613.9693532970205
44,Population,170,Congo,3,Both,32,90-94 years,1,Number,2023,2928.3875810283935,3136.7848490693073,2718.646624315013
44,Population,351,Guam,3,Both,20,75-79 years,1,Number,2023,3532.8300465909656,3838.91309953282,3222.4675083388147
44,Population,351,Guam,3,Both,30,80-84 years,1,Number,2023,1843.0810621791386,2002.7649051297706,1681.1646073487207
44,Population,351,Guam,3,Both,31,85-89 years,1,Number,2023,1030.7321467017923,1120.0343882665204,940.1813301921933
44,Population,351,Guam,3,Both,32,90-94 years,1,Number,2023,299.8458702060711,325.8244024746253,273.50412035275417
44,Population,204,Chad,3,Both,15,50-54 years,1,Number,2023,414979.2698619791,483989.058866273,351634.78536630183
44,Population,204,Chad,3,Both,16,55-59 years,1,Number,2023,316824.4324825746,369511.370903136,268462.7869528615
44,Population,204,Chad,3,Both,17,60-64 years,1,Number,2023,239963.14058918075,279868.2802034434,203333.98211666004
44,Population,204,Chad,3,Both,18,65-69 years,1,Number,2023,176593.0225879337,205959.9045347766,149636.99178406576
44,Population,204,Chad,3,Both,19,70-74 years,1,Number,2023,122018.17258833433,142309.42315564843,103392.71632329414
44,Population,204,Chad,3,Both,20,75-79 years,1,Number,2023,75444.10065578752,87990.22487448942,63927.940665746784
44,Population,205,Côte d'Ivoire,3,Both,19,70-74 years,1,Number,2023,228498.62324306997,247043.4782234829,209536.06518927816
44,Population,205,Côte d'Ivoire,3,Both,20,75-79 years,1,Number,2023,133798.21707377103,144657.22574986005,122694.62081246545
44,Population,205,Côte d'Ivoire,3,Both,30,80-84 years,1,Number,2023,76503.55622253535,82712.5536138394,70154.70778922054
44,Population,205,Côte d'Ivoire,3,Both,31,85-89 years,1,Number,2023,39520.81737449063,42728.3107786748,36241.07860337395
44,Population,205,Côte d'Ivoire,3,Both,32,90-94 years,1,Number,2023,16226.434063269833,17543.364827585487,14879.840838489381
44,Population,367,Monaco,3,Both,32,90-94 years,1,Number,2023,323.4992958983563,360.37409232057377,287.1315527659941
44,Population,116,Saint Lucia,3,Both,235,95+ years,1,Number,2023,178.55951899420185,206.65378199734658,152.38390333683734
44,Population,117,Saint Vincent and the Grenadines,3,Both,1,<5 years,1,Number,2023,6751.781766580482,7685.15366556203,5883.358180702761
44,Population,117,Saint Vincent and the Grenadines,3,Both,6,5-9 years,1,Number,2023,8409.714239070907,9572.280095104075,7328.045066668188
44,Population,117,Saint Vincent and the Grenadines,3,Both,7,10-14 years,1,Number,2023,9107.01896861421,10365.980807527652,7935.661489537121
44,Population,117,Saint Vincent and the Grenadines,3,Both,8,15-19 years,1,Number,2023,8700.524367551065,9903.292056410959,7581.450790901405
44,Population,117,Saint Vincent and the Grenadines,3,Both,9,20-24 years,1,Number,2023,8613.932361650128,9804.72949995336,7505.996369548156
44,Population,117,Saint Vincent and the Grenadines,3,Both,10,25-29 years,1,Number,2023,8446.958835367905,9614.673415215668,7360.499211053528
44,Population,117,Saint Vincent and the Grenadines,3,Both,11,30-34 years,1,Number,2023,7798.709341774889,8876.809375156767,6795.628471281605
44,Population,168,Angola,3,Both,18,65-69 years,1,Number,2023,369527.42801812367,416607.9950375556,322713.4789533955
44,Population,168,Angola,3,Both,19,70-74 years,1,Number,2023,244949.4763707009,276157.8775995263,213917.80878447928
44,Population,168,Angola,3,Both,20,75-79 years,1,Number,2023,135025.04425517173,152228.24803209293,117919.26247836066
44,Population,168,Angola,3,Both,30,80-84 years,1,Number,2023,85294.19759336286,96161.31835811978,74488.61749591817
44,Population,168,Angola,3,Both,31,85-89 years,1,Number,2023,34019.70516931219,38354.07086929633,29709.885047069078
44,Population,168,Angola,3,Both,32,90-94 years,1,Number,2023,13586.623352511513,15317.661112675618,11865.388485055542
44,Population,117,Saint Vincent and the Grenadines,3,Both,12,35-39 years,1,Number,2023,7613.588421268194,8666.097185398776,6634.318061713393
44,Population,117,Saint Vincent and the Grenadines,3,Both,13,40-44 years,1,Number,2023,7836.51390088717,8919.840067806632,6828.570555284086
44,Population,117,Saint Vincent and the Grenadines,3,Both,14,45-49 years,1,Number,2023,7370.792419803011,8389.736863760452,6422.750820524915
44,Population,117,Saint Vincent and the Grenadines,3,Both,15,50-54 years,1,Number,2023,7387.8986504330705,8409.207873869407,6437.656823917457
44,Population,117,Saint Vincent and the Grenadines,3,Both,16,55-59 years,1,Number,2023,7059.831892597916,8035.788895933039,6151.786469949599
44,Population,117,Saint Vincent and the Grenadines,3,Both,17,60-64 years,1,Number,2023,6266.644459694188,7132.950575886877,5460.619910730635
44,Population,117,Saint Vincent and the Grenadines,3,Both,18,65-69 years,1,Number,2023,5089.737544773805,5793.347075075496,4435.088404351793
44,Population,117,Saint Vincent and the Grenadines,3,Both,19,70-74 years,1,Number,2023,3433.426109654617,3908.0657764524067,2991.81405567045
44,Population,117,Saint Vincent and the Grenadines,3,Both,20,75-79 years,1,Number,2023,2584.1128477567972,2941.3427463639814,2251.740649847593
44,Population,118,Suriname,3,Both,30,80-84 years,1,Number,2023,6083.870974352809,6968.987485294088,5253.438931307947
44,Population,118,Suriname,3,Both,31,85-89 years,1,Number,2023,3112.25650014212,3565.04546068597,2687.441849274609
44,Population,118,Suriname,3,Both,32,90-94 years,1,Number,2023,1261.9588052122785,1445.5558241710735,1089.7048186848333
44,Population,22,Fiji,3,Both,1,<5 years,1,Number,2023,89236.93089809862,98887.49211001096,80134.99914889647
44,Population,22,Fiji,3,Both,6,5-9 years,1,Number,2023,92634.29593119097,102652.26645314004,83185.8419030722
44,Population,22,Fiji,3,Both,7,10-14 years,1,Number,2023,91657.20731521214,101569.51022395372,82308.41375060393
44,Population,114,Haiti,3,Both,235,95+ years,1,Number,2023,1348.0771594084138,1607.6415334395322,1103.928053241411
44,Population,115,Jamaica,3,Both,1,<5 years,1,Number,2023,186851.62642109374,212558.49805406306,157956.60570392612
44,Population,115,Jamaica,3,Both,6,5-9 years,1,Number,2023,194160.4937976201,220872.91255388453,164135.21867320518
44,Population,115,Jamaica,3,Both,7,10-14 years,1,Number,2023,216223.4948083127,245971.32056468417,182786.36353098354
44,Population,115,Jamaica,3,Both,8,15-19 years,1,Number,2023,232606.37745288224,264608.1448483423,196635.77219682018
44,Population,115,Jamaica,3,Both,9,20-24 years,1,Number,2023,253519.56865871284,288398.5532990068,214314.91559301206
44,Population,115,Jamaica,3,Both,10,25-29 years,1,Number,2023,260323.38941591166,296138.4373389778,220066.5831230717
44,Population,115,Jamaica,3,Both,11,30-34 years,1,Number,2023,241736.78736770133,274994.7080016014,204354.24158589626
44,Population,115,Jamaica,3,Both,12,35-39 years,1,Number,2023,212538.48447488525,241779.32996342584,179671.2088202596
44,Population,115,Jamaica,3,Both,13,40-44 years,1,Number,2023,183698.6860336931,208971.77908331383,155291.2408306322
44,Population,115,Jamaica,3,Both,14,45-49 years,1,Number,2023,158696.86040988224,180530.22572358948,134155.73568368432
44,Population,115,Jamaica,3,Both,15,50-54 years,1,Number,2023,151263.3741387069,172074.04737839437,127871.77507584105
44,Population,115,Jamaica,3,Both,16,55-59 years,1,Number,2023,141959.23408862468,161489.85246069435,120006.44144479789
44,Population,115,Jamaica,3,Both,17,60-64 years,1,Number,2023,123078.80255041545,140011.86884748208,104045.7086584537
44,Population,115,Jamaica,3,Both,18,65-69 years,1,Number,2023,97858.35749436218,111321.61859893236,82725.39172196269
44,Population,115,Jamaica,3,Both,19,70-74 years,1,Number,2023,72710.8660394726,82714.35883961736,61466.746730396146
44,Population,115,Jamaica,3,Both,20,75-79 years,1,Number,2023,51546.32995467065,58638.02571711015,43575.126810965914
44,Population,143,Iraq,3,Both,235,95+ years,1,Number,2023,2517.793097651141,3233.0012254744106,1814.6594814893954
44,Population,144,Jordan,3,Both,1,<5 years,1,Number,2023,1144922.6446462884,1277417.2326578938,1006458.300760709
44,Population,144,Jordan,3,Both,6,5-9 years,1,Number,2023,1239362.9008983483,1382786.4568208754,1089477.1669481439
44,Population,144,Jordan,3,Both,7,10-14 years,1,Number,2023,1312279.365004855,1464141.0777899702,1153575.279519571
44,Population,144,Jordan,3,Both,8,15-19 years,1,Number,2023,1348475.003028743,1504525.4059146412,1185393.499301333
44,Population,144,Jordan,3,Both,9,20-24 years,1,Number,2023,1247876.3013670568,1392285.0587728056,1096960.9761028476
44,Population,144,Jordan,3,Both,10,25-29 years,1,Number,2023,1151256.306620005,1284483.8488951463,1012025.9840426033
44,Population,144,Jordan,3,Both,11,30-34 years,1,Number,2023,1022077.8825372834,1140356.4305210975,898470.1051321916
44,Population,144,Jordan,3,Both,12,35-39 years,1,Number,2023,963275.4490593274,1074749.1668354652,846779.1043859343
44,Population,144,Jordan,3,Both,13,40-44 years,1,Number,2023,889573.8577514614,992518.5609065703,781990.8161134184
44,Population,144,Jordan,3,Both,14,45-49 years,1,Number,2023,747780.6797765816,834316.5637101597,657345.7829914236
44,Population,367,Monaco,3,Both,235,95+ years,1,Number,2023,107.66777382774373,119.94052771459872,95.56377857382226
44,Population,369,Nauru,3,Both,1,<5 years,1,Number,2023,1569.3162499428697,1698.2136481852954,1442.7293571080081
44,Population,369,Nauru,3,Both,6,5-9 years,1,Number,2023,1501.9580977867117,1625.3229651809654,1380.8045643456983
44,Population,369,Nauru,3,Both,7,10-14 years,1,Number,2023,1383.6309877949134,1497.2769367620854,1272.0221596945448
44,Population,369,Nauru,3,Both,8,15-19 years,1,Number,2023,1254.4352100458518,1357.4695314227492,1153.2477945022147
44,Population,369,Nauru,3,Both,9,20-24 years,1,Number,2023,1148.822918479693,1243.1826660695706,1056.154583672661
44,Population,369,Nauru,3,Both,10,25-29 years,1,Number,2023,1037.935535629726,1123.1874344046867,954.2117900666261
44,Population,369,Nauru,3,Both,11,30-34 years,1,Number,2023,960.1586823461842,1039.022299579998,882.7087074089825
44,Population,369,Nauru,3,Both,12,35-39 years,1,Number,2023,853.8897431269032,924.0248521458518,785.0118165713554
44,Population,369,Nauru,3,Both,13,40-44 years,1,Number,2023,716.2365133794093,775.0653333219753,658.4622089542338
44,Population,369,Nauru,3,Both,14,45-49 years,1,Number,2023,585.2208821607293,633.2885989835183,538.0147864502563
44,Population,369,Nauru,3,Both,15,50-54 years,1,Number,2023,441.1976398877658,477.4358601281424,405.6089952398182
44,Population,369,Nauru,3,Both,16,55-59 years,1,Number,2023,334.53861022324975,362.0162817703223,307.5534801049605
44,Population,369,Nauru,3,Both,17,60-64 years,1,Number,2023,235.65095741808148,255.0063902733986,216.64247363146347
44,Population,78,Denmark,3,Both,235,95+ years,1,Number,2023,11207.026278519916,11381.246124521635,11028.349829951718
44,Population,79,Finland,3,Both,1,<5 years,1,Number,2023,235520.88422058558,253705.60304272157,218641.1359803201
44,Population,79,Finland,3,Both,6,5-9 years,1,Number,2023,274184.6065889635,295354.57626141293,254533.834871228
44,Population,79,Finland,3,Both,7,10-14 years,1,Number,2023,314466.22734625346,338746.36684332526,291928.47760385973
44,Population,79,Finland,3,Both,8,15-19 years,1,Number,2023,310707.0717517599,334696.9644296558,288438.7401556212
44,Population,79,Finland,3,Both,9,20-24 years,1,Number,2023,303429.47634858557,326857.46120864205,281682.7289788589
44,Population,79,Finland,3,Both,10,25-29 years,1,Number,2023,334797.5007120445,360647.4308910611,310802.61150214967
44,Population,79,Finland,3,Both,11,30-34 years,1,Number,2023,370164.290718107,398744.9134810536,343634.6687037552
44,Population,79,Finland,3,Both,12,35-39 years,1,Number,2023,360377.78260733973,388202.78279000515,334549.5582359516
44,Population,79,Finland,3,Both,13,40-44 years,1,Number,2023,361348.6482142159,389248.60955429013,335450.842043008
44,Population,79,Finland,3,Both,14,45-49 years,1,Number,2023,344059.83000304527,370624.91057881893,319401.1109715705
44,Population,79,Finland,3,Both,15,50-54 years,1,Number,2023,313842.51968680945,338074.50231468584,291349.470983569
44,Population,79,Finland,3,Both,16,55-59 years,1,Number,2023,358897.89063679724,386608.62740940246,333175.7299122413
44,Population,79,Finland,3,Both,17,60-64 years,1,Number,2023,358040.84985500446,385685.41395809216,332380.1131212601
44,Population,79,Finland,3,Both,18,65-69 years,1,Number,2023,345575.4202547005,372257.5205277596,320808.0790856688
44,Population,79,Finland,3,Both,19,70-74 years,1,Number,2023,335842.31847790914,361772.91970805364,311772.5473274888
44,Population,79,Finland,3,Both,20,75-79 years,1,Number,2023,294375.9204849173,317104.8744787041,273278.0401749576
44,Population,79,Finland,3,Both,30,80-84 years,1,Number,2023,170092.15258876048,183225.0769955045,157901.67222926058
44,Population,79,Finland,3,Both,31,85-89 years,1,Number,2023,105006.99529291577,113114.65287953812,97481.15889043748
44,Population,79,Finland,3,Both,32,90-94 years,1,Number,2023,48986.493653662794,52768.77230857771,45475.63862786074
44,Population,374,Niue,3,Both,235,95+ years,1,Number,2023,1.6548403694487102,1.7798904270464666,1.533019280528773
44,Population,376,Northern Mariana Islands,3,Both,1,<5 years,1,Number,2023,2750.7025515919413,2983.8628694371923,2500.317132287245
44,Population,376,Northern Mariana Islands,3,Both,6,5-9 years,1,Number,2023,3525.215238703739,3824.026284286766,3204.329036314714
44,Population,376,Northern Mariana Islands,3,Both,7,10-14 years,1,Number,2023,4282.138470295288,4645.10929249982,3892.352582400889
44,Population,376,Northern Mariana Islands,3,Both,8,15-19 years,1,Number,2023,3723.707419754176,4039.343439741191,3384.753270341125
44,Population,376,Northern Mariana Islands,3,Both,9,20-24 years,1,Number,2023,3569.814426254205,3872.4058735891003,3244.868538724375
44,Population,376,Northern Mariana Islands,3,Both,10,25-29 years,1,Number,2023,2730.8586095013875,2962.3368771218857,2482.2795046446586
44,Population,376,Northern Mariana Islands,3,Both,11,30-34 years,1,Number,2023,3541.815823704767,3842.0339998672225,3219.418536653469
44,Population,376,Northern Mariana Islands,3,Both,12,35-39 years,1,Number,2023,3319.845498136267,3601.2486004435677,3017.6532794259656
44,Population,376,Northern Mariana Islands,3,Both,13,40-44 years,1,Number,2023,3143.936262644404,3410.4286094301883,2857.756356011505
44,Population,376,Northern Mariana Islands,3,Both,14,45-49 years,1,Number,2023,4018.2296381421065,4358.830514475394,3652.4663126140535
44,Population,376,Northern Mariana Islands,3,Both,15,50-54 years,1,Number,2023,3199.3186143077482,3470.505386053937,2908.097474359644
44,Population,376,Northern Mariana Islands,3,Both,16,55-59 years,1,Number,2023,3638.9433888302146,3947.3944776873113,3307.7049691359466
44,Population,380,Palau,3,Both,13,40-44 years,1,Number,2023,1460.2381752315484,1592.0369193545055,1334.6912441725244
44,Population,380,Palau,3,Both,14,45-49 years,1,Number,2023,1362.2795739592511,1485.2367326184644,1245.1548318069247
44,Population,380,Palau,3,Both,15,50-54 years,1,Number,2023,1303.3313665009493,1420.9679549661453,1191.2748157322972
44,Population,380,Palau,3,Both,16,55-59 years,1,Number,2023,1197.8584597730114,1305.9752336753975,1094.8701555234363
44,Population,380,Palau,3,Both,17,60-64 years,1,Number,2023,1068.237248944819,1164.6546212779072,976.393390509403
44,Population,380,Palau,3,Both,18,65-69 years,1,Number,2023,894.406102349487,975.1337555673456,817.5077283889269
44,Population,380,Palau,3,Both,19,70-74 years,1,Number,2023,581.766172984011,634.2754500821482,531.7476493958889
44,Population,380,Palau,3,Both,20,75-79 years,1,Number,2023,282.08460450886514,307.54510625529696,257.83181000192053
44,Population,172,Equatorial Guinea,3,Both,235,95+ years,1,Number,2023,206.5589850227492,231.76397356464292,181.7079774857454
44,Population,173,Gabon,3,Both,235,95+ years,1,Number,2023,975.9218758506892,1101.1310572996942,844.1270828804028
44,Population,22,Fiji,3,Both,8,15-19 years,1,Number,2023,81634.91251051387,90463.35060540366,73308.36660015224
44,Population,22,Fiji,3,Both,9,20-24 years,1,Number,2023,73289.25287896661,81215.14649683933,65813.94225430925
44,Population,22,Fiji,3,Both,10,25-29 years,1,Number,2023,70981.08583010381,78657.36186063699,63741.202160778405
44,Population,22,Fiji,3,Both,11,30-34 years,1,Number,2023,67384.26076623498,74671.55680722721,60511.24377324715
44,Population,22,Fiji,3,Both,12,35-39 years,1,Number,2023,66643.16448048387,73850.31438693762,59845.73735532999
44,Population,22,Fiji,3,Both,13,40-44 years,1,Number,2023,62817.014510933695,69610.3840002946,56409.84459806367
44,Population,22,Fiji,3,Both,14,45-49 years,1,Number,2023,52872.19362377589,58590.07674502521,47479.36922976186
44,Population,22,Fiji,3,Both,15,50-54 years,1,Number,2023,46643.2600631441,51687.512838674156,41885.77047467071
44,Population,22,Fiji,3,Both,16,55-59 years,1,Number,2023,44823.18386777067,49670.60382355871,40251.33725403778
44,Population,22,Fiji,3,Both,17,60-64 years,1,Number,2023,37529.44575529278,41588.08167951766,33701.541204876
44,Population,22,Fiji,3,Both,18,65-69 years,1,Number,2023,26146.315543383873,28973.91860052551,23479.460271985765
44,Population,22,Fiji,3,Both,19,70-74 years,1,Number,2023,16555.384022513248,18345.77220919822,14866.77848735854
44,Population,23,Kiribati,3,Both,16,55-59 years,1,Number,2023,4912.665194169762,5343.195946366039,4464.365522500631
44,Population,23,Kiribati,3,Both,17,60-64 years,1,Number,2023,3531.1322907036065,3840.589780911854,3208.9028319525064
44,Population,23,Kiribati,3,Both,18,65-69 years,1,Number,2023,2291.376288505158,2492.1854049549434,2082.2793528893585
44,Population,23,Kiribati,3,Both,19,70-74 years,1,Number,2023,1302.2639587955148,1416.3903361443556,1183.4273432151538
44,Population,23,Kiribati,3,Both,20,75-79 years,1,Number,2023,761.9507437277023,828.7257454564816,692.4197957106135
44,Population,23,Kiribati,3,Both,30,80-84 years,1,Number,2023,447.5637355797024,486.78683426828906,406.7218162179865
44,Population,23,Kiribati,3,Both,31,85-89 years,1,Number,2023,222.51179277766332,242.01203668412793,202.2067323466941
44,Population,23,Kiribati,3,Both,32,90-94 years,1,Number,2023,93.08923440345622,101.24728640273739,84.59448225374194
44,Population,80,France,3,Both,31,85-89 years,1,Number,2023,1377524.4761153532,1505018.671547153,1251418.761759833
44,Population,80,France,3,Both,32,90-94 years,1,Number,2023,638034.667698462,697086.7702391065,579625.6746469558
44,Population,84,Ireland,3,Both,235,95+ years,1,Number,2023,6361.96583819773,6878.941479004977,5875.4777818156845
44,Population,85,Israel,3,Both,1,<5 years,1,Number,2023,942390.1404466893,1013761.658261973,871930.7958418361
44,Population,369,Nauru,3,Both,18,65-69 years,1,Number,2023,171.95835726166126,186.08233313833782,158.087555794122
44,Population,369,Nauru,3,Both,19,70-74 years,1,Number,2023,86.49611622762477,93.60056336517344,79.51901738222845
44,Population,369,Nauru,3,Both,20,75-79 years,1,Number,2023,30.86048616460862,33.39524381798743,28.371164426499266
44,Population,374,Niue,3,Both,20,75-79 years,1,Number,2023,37.53012931470467,40.366139916753575,34.7673485022288
44,Population,374,Niue,3,Both,30,80-84 years,1,Number,2023,25.031974287752085,26.923546359753058,23.18924527180132
44,Population,374,Niue,3,Both,31,85-89 years,1,Number,2023,13.64250657001591,14.673419438624856,12.638213324190398
44,Population,374,Niue,3,Both,32,90-94 years,1,Number,2023,5.57616374387853,5.997533448304357,5.165674398914426
44,Population,144,Jordan,3,Both,15,50-54 years,1,Number,2023,672968.1258196865,750846.430517702,591580.8893690364
44,Population,144,Jordan,3,Both,16,55-59 years,1,Number,2023,515424.05998922634,575070.7957742795,453089.8449896634
44,Population,145,Kuwait,3,Both,13,40-44 years,1,Number,2023,458840.696168122,493908.98644511396,419890.0196512187
44,Population,145,Kuwait,3,Both,14,45-49 years,1,Number,2023,427883.1687146665,460585.43616922345,391560.4557756951
44,Population,145,Kuwait,3,Both,15,50-54 years,1,Number,2023,305021.98157005385,328334.210585247,279128.8717524216
44,Population,145,Kuwait,3,Both,16,55-59 years,1,Number,2023,240154.5263265645,258509.0635567749,219767.97093351645
44,Population,145,Kuwait,3,Both,17,60-64 years,1,Number,2023,153081.82818740947,164781.570672853,140086.81527739676
44,Population,145,Kuwait,3,Both,18,65-69 years,1,Number,2023,93192.78350992003,100315.32432013903,85281.71111699812
44,Population,145,Kuwait,3,Both,19,70-74 years,1,Number,2023,43155.96389397086,46454.28917691968,39492.48329286632
44,Population,145,Kuwait,3,Both,20,75-79 years,1,Number,2023,16867.726722066294,18156.893838109674,15435.836803378705
44,Population,145,Kuwait,3,Both,30,80-84 years,1,Number,2023,7479.896914483363,8051.570696756082,6844.933521896509
44,Population,145,Kuwait,3,Both,31,85-89 years,1,Number,2023,5911.437970150422,6363.2375259067185,5409.61999705437
44,Population,145,Kuwait,3,Both,32,90-94 years,1,Number,2023,1846.2514226472897,1987.3567808999533,1689.5243874628216
44,Population,170,Congo,3,Both,235,95+ years,1,Number,2023,1088.8536618091582,1166.3413993912466,1010.8663044565094
44,Population,171,Democratic Republic of the Congo,3,Both,1,<5 years,1,Number,2023,14606227.343179421,19237201.57626709,9775461.753563728
44,Population,171,Democratic Republic of the Congo,3,Both,6,5-9 years,1,Number,2023,13483415.265856016,17758396.560006414,9024001.00600527
44,Population,172,Equatorial Guinea,3,Both,6,5-9 years,1,Number,2023,212210.75529335876,238105.39093482768,186679.78611935882
44,Population,172,Equatorial Guinea,3,Both,7,10-14 years,1,Number,2023,213093.8151606889,239096.20459381887,187456.60549845154
44,Population,172,Equatorial Guinea,3,Both,8,15-19 years,1,Number,2023,200572.57800494914,225047.08600021285,176441.79208358965
44,Population,172,Equatorial Guinea,3,Both,9,20-24 years,1,Number,2023,178439.01948559395,200212.71982143662,156971.1108509554
44,Population,172,Equatorial Guinea,3,Both,10,25-29 years,1,Number,2023,152011.07884085173,170559.95726413897,133722.70244528592
44,Population,172,Equatorial Guinea,3,Both,11,30-34 years,1,Number,2023,125457.01323049986,140765.6795692055,110363.34310514673
44,Population,172,Equatorial Guinea,3,Both,12,35-39 years,1,Number,2023,98566.90640328825,110594.35583247273,86708.37149783503
44,Population,172,Equatorial Guinea,3,Both,13,40-44 years,1,Number,2023,72365.71021210152,81196.00581275593,63659.42803462323
44,Population,115,Jamaica,3,Both,30,80-84 years,1,Number,2023,32280.25118699152,36721.33789005227,27288.383871362967
44,Population,115,Jamaica,3,Both,31,85-89 years,1,Number,2023,18961.03056136492,21569.67137443086,16028.86785353399
44,Population,115,Jamaica,3,Both,32,90-94 years,1,Number,2023,9673.89731061458,11004.823035574827,8177.911064415096
44,Population,380,Palau,3,Both,30,80-84 years,1,Number,2023,108.05559776560746,117.80852185876384,98.76529915999187
44,Population,380,Palau,3,Both,31,85-89 years,1,Number,2023,39.258009403090206,42.80137405678723,35.882722628887954
44,Population,380,Palau,3,Both,32,90-94 years,1,Number,2023,11.906993867171028,12.981699942242683,10.883265982557342
44,Population,172,Equatorial Guinea,3,Both,14,45-49 years,1,Number,2023,51144.1398410907,57384.911495433065,44991.01411516529
44,Population,172,Equatorial Guinea,3,Both,15,50-54 years,1,Number,2023,37841.20917449989,42458.714646603315,33288.552342354524
44,Population,172,Equatorial Guinea,3,Both,16,55-59 years,1,Number,2023,27237.532733241744,30561.143663917086,23960.598877429908
44,Population,172,Equatorial Guinea,3,Both,17,60-64 years,1,Number,2023,18860.945555518705,21162.418505551715,16591.794687530117
44,Population,172,Equatorial Guinea,3,Both,18,65-69 years,1,Number,2023,13605.512320014237,15265.700484159142,11968.639979785445
44,Population,172,Equatorial Guinea,3,Both,19,70-74 years,1,Number,2023,9308.905846221754,10444.808335119764,8188.95606858203
44,Population,172,Equatorial Guinea,3,Both,20,75-79 years,1,Number,2023,5909.73033846594,6630.854551243762,5198.733655524735
44,Population,172,Equatorial Guinea,3,Both,30,80-84 years,1,Number,2023,3657.9452847413913,4104.29947736403,3217.859728399971
44,Population,172,Equatorial Guinea,3,Both,31,85-89 years,1,Number,2023,1736.0628728035551,1947.9028216307706,1527.1980222525028
44,Population,172,Equatorial Guinea,3,Both,32,90-94 years,1,Number,2023,596.4057957274744,669.1811400000773,524.6525145855097
44,Population,121,Bolivia (Plurinational State of),3,Both,1,<5 years,1,Number,2023,1142219.654072868,1302308.4585620116,982872.9483621474
44,Population,121,Bolivia (Plurinational State of),3,Both,6,5-9 years,1,Number,2023,1141703.1876122407,1301719.6062884233,982428.5321668241
44,Population,121,Bolivia (Plurinational State of),3,Both,7,10-14 years,1,Number,2023,1122834.0471820745,1280205.8448149823,966191.7535213799
44,Population,121,Bolivia (Plurinational State of),3,Both,8,15-19 years,1,Number,2023,1046635.1863345341,1193327.2653222408,900623.1050079293
44,Population,27,Samoa,3,Both,235,95+ years,1,Number,2023,150.18173683902577,162.97720390468766,138.41221909989895
44,Population,28,Solomon Islands,3,Both,235,95+ years,1,Number,2023,43.897434043061914,48.01979171065885,39.69452112203137
44,Population,29,Tonga,3,Both,1,<5 years,1,Number,2023,11083.303882102698,11992.990849319081,10165.941389451444
44,Population,29,Tonga,3,Both,6,5-9 years,1,Number,2023,11920.415914242012,12898.81072470059,10933.765852775492
44,Population,29,Tonga,3,Both,7,10-14 years,1,Number,2023,12735.292146644988,13780.569747325388,11681.194968351998
44,Population,29,Tonga,3,Both,8,15-19 years,1,Number,2023,11422.674996414935,12360.216607248738,10477.222835315442
44,Population,29,Tonga,3,Both,9,20-24 years,1,Number,2023,8971.488080571336,9707.843040269916,8228.920092187123
44,Population,29,Tonga,3,Both,10,25-29 years,1,Number,2023,6822.828805166298,7382.827746784308,6258.104846839469
44,Population,29,Tonga,3,Both,11,30-34 years,1,Number,2023,5952.961171325959,6441.5637803949985,5460.235955372784
44,Population,29,Tonga,3,Both,12,35-39 years,1,Number,2023,5715.9272787980135,6185.074800727429,5242.821303172933
44,Population,29,Tonga,3,Both,13,40-44 years,1,Number,2023,5455.160149102765,5902.904625344219,5003.63780834355
44,Population,29,Tonga,3,Both,14,45-49 years,1,Number,2023,5111.61426498268,5531.1614440328585,4688.527137400773
44,Population,85,Israel,3,Both,6,5-9 years,1,Number,2023,937298.7389328718,1008284.6616127095,867220.0613133649
44,Population,85,Israel,3,Both,7,10-14 years,1,Number,2023,867634.90374013,933344.8653915735,802764.7570248347
44,Population,85,Israel,3,Both,8,15-19 years,1,Number,2023,790016.0337998983,849847.5632384204,730949.189209948
44,Population,85,Israel,3,Both,9,20-24 years,1,Number,2023,742372.6682702636,798595.9476160305,686867.9580511122
44,Population,85,Israel,3,Both,10,25-29 years,1,Number,2023,678006.0703641543,729354.5727019745,627313.8344146924
44,Population,86,Italy,3,Both,7,10-14 years,1,Number,2023,2794322.025948401,2830996.733418571,2757251.049702082
44,Population,86,Italy,3,Both,8,15-19 years,1,Number,2023,2892858.3775504795,2930826.347513886,2854480.1651603947
44,Population,86,Italy,3,Both,9,20-24 years,1,Number,2023,2937205.1017640894,2975755.1102766288,2898238.5619211704
44,Population,86,Italy,3,Both,10,25-29 years,1,Number,2023,2988590.4513601423,3027814.878442621,2948942.205881082
44,Population,86,Italy,3,Both,11,30-34 years,1,Number,2023,3222071.741945055,3264360.546702133,3179326.008310778
44,Population,86,Italy,3,Both,12,35-39 years,1,Number,2023,3357259.4255304774,3401322.5314250137,3312720.219504526
44,Population,86,Italy,3,Both,13,40-44 years,1,Number,2023,3766705.524042212,3816142.4972821292,3716734.3862449303
44,Population,86,Italy,3,Both,14,45-49 years,1,Number,2023,4498350.745822015,4557390.361216825,4438673.209697888
44,Population,86,Italy,3,Both,15,50-54 years,1,Number,2023,4784796.432775792,4847595.568969412,4721318.754378041
44,Population,86,Italy,3,Both,16,55-59 years,1,Number,2023,4802307.130928763,4865336.090215926,4738597.146207956
44,Population,86,Italy,3,Both,17,60-64 years,1,Number,2023,4154471.4296433115,4208997.723663999,4099355.9811537815
44,Population,86,Italy,3,Both,18,65-69 years,1,Number,2023,3596774.236322134,3643980.9081832943,3549057.4982225527
44,Population,86,Italy,3,Both,19,70-74 years,1,Number,2023,3312516.465393771,3355992.3322517457,3268570.8434991445
44,Population,86,Italy,3,Both,20,75-79 years,1,Number,2023,2759964.415163819,2796188.188449168,2723349.2454285068
44,Population,86,Italy,3,Both,30,80-84 years,1,Number,2023,2264569.136548679,2294290.9831567877,2234526.146553404
44,Population,86,Italy,3,Both,31,85-89 years,1,Number,2023,1428155.3467524247,1446899.492587344,1409208.6711567428
44,Population,86,Italy,3,Both,32,90-94 years,1,Number,2023,609986.6974550905,617992.6049640032,601894.2864294667
44,Population,121,Bolivia (Plurinational State of),3,Both,9,20-24 years,1,Number,2023,1065257.5991446553,1214559.7188481258,916647.5760621922
44,Population,121,Bolivia (Plurinational State of),3,Both,10,25-29 years,1,Number,2023,1042141.5444555932,1188203.8130967203,896756.3539616754
44,Population,121,Bolivia (Plurinational State of),3,Both,11,30-34 years,1,Number,2023,988131.4571655664,1126623.8943178162,850281.0078697413
44,Population,122,Ecuador,3,Both,9,20-24 years,1,Number,2023,1539722.9670903352,1659114.1047676418,1426069.645327692
44,Population,122,Ecuador,3,Both,10,25-29 years,1,Number,2023,1405645.845751839,1514640.5547239534,1301889.3109685376
44,Population,122,Ecuador,3,Both,11,30-34 years,1,Number,2023,1299897.9377079508,1400692.8839187075,1203947.093477769
44,Population,122,Ecuador,3,Both,12,35-39 years,1,Number,2023,1217611.723224971,1312026.1419172953,1127734.7648892996
44,Population,122,Ecuador,3,Both,13,40-44 years,1,Number,2023,1162451.9327896691,1252589.2248333225,1076646.5467723284
44,Population,122,Ecuador,3,Both,14,45-49 years,1,Number,2023,1004228.5761505855,1082097.1244266767,930102.3106288299
44,Population,122,Ecuador,3,Both,15,50-54 years,1,Number,2023,901680.4412178716,971597.3392568821,835123.6777590041
44,Population,122,Ecuador,3,Both,16,55-59 years,1,Number,2023,779139.7803643806,839554.7944776906,721628.2500121592
44,Population,122,Ecuador,3,Both,17,60-64 years,1,Number,2023,670624.6631754768,722625.343299308,621123.0825308237
44,Population,122,Ecuador,3,Both,18,65-69 years,1,Number,2023,541444.1553843621,583428.0934574731,501477.9224166939
44,Population,122,Ecuador,3,Both,19,70-74 years,1,Number,2023,403894.22241706034,435212.44767337985,374081.11902146385
44,Population,122,Ecuador,3,Both,20,75-79 years,1,Number,2023,289695.3850409006,312158.5568835982,268311.7702524393
44,Population,122,Ecuador,3,Both,30,80-84 years,1,Number,2023,190479.95069245293,205249.8921065664,176419.8375499621
44,Population,122,Ecuador,3,Both,31,85-89 years,1,Number,2023,110431.0238231667,118993.91848078991,102279.65312115643
44,Population,122,Ecuador,3,Both,32,90-94 years,1,Number,2023,47331.72646938172,51001.8598584351,43837.97593569208
44,Population,380,Palau,3,Both,235,95+ years,1,Number,2023,2.1068825644438465,2.297046388892705,1.9257390739130997
44,Population,385,Puerto Rico,3,Both,1,<5 years,1,Number,2023,84094.30036266282,91433.83201883169,76882.08430090723
44,Population,385,Puerto Rico,3,Both,6,5-9 years,1,Number,2023,117430.7698983605,127679.82184790226,107359.50369895328
44,Population,385,Puerto Rico,3,Both,7,10-14 years,1,Number,2023,171227.611968941,186171.912272725,156542.54380221953
44,Population,385,Puerto Rico,3,Both,8,15-19 years,1,Number,2023,204334.57489665566,222168.36475442443,186810.13986733495
44,Population,393,Saint Kitts and Nevis,3,Both,6,5-9 years,1,Number,2023,3134.810350555021,3574.16766296402,2668.6556157913506
44,Population,393,Saint Kitts and Nevis,3,Both,7,10-14 years,1,Number,2023,3149.8258368768693,3591.2876350368842,2681.438258891129
44,Population,393,Saint Kitts and Nevis,3,Both,8,15-19 years,1,Number,2023,3178.7677571210925,3624.285891350117,2706.076437713608
44,Population,393,Saint Kitts and Nevis,3,Both,9,20-24 years,1,Number,2023,3452.200263521638,3936.0411534210753,2938.848794617599
44,Population,393,Saint Kitts and Nevis,3,Both,10,25-29 years,1,Number,2023,3653.779246728508,4165.872308337224,3110.452440581471
44,Population,393,Saint Kitts and Nevis,3,Both,11,30-34 years,1,Number,2023,3968.3270728561356,4524.505381116874,3378.2261585296183
44,Population,25,Micronesia (Federated States of),3,Both,235,95+ years,1,Number,2023,8.707558321977455,9.984871273472898,7.396931612865964
44,Population,26,Papua New Guinea,3,Both,1,<5 years,1,Number,2023,1643935.1474749804,1876681.0475777646,1410382.314985777
44,Population,27,Samoa,3,Both,1,<5 years,1,Number,2023,29620.99023323347,32144.69526527663,27299.637601826482
44,Population,82,Greece,3,Both,235,95+ years,1,Number,2023,16773.148717698234,18102.704405074102,15320.025196458142
44,Population,83,Iceland,3,Both,1,<5 years,1,Number,2023,23074.971483219,23402.063142139446,22728.774020039164
44,Population,83,Iceland,3,Both,6,5-9 years,1,Number,2023,22366.962999575797,22684.018517406625,22031.387900160324
44,Population,83,Iceland,3,Both,7,10-14 years,1,Number,2023,25022.404797891002,25377.101656410345,24646.989683294272
44,Population,83,Iceland,3,Both,8,15-19 years,1,Number,2023,23694.176744031338,24030.045743201965,23338.689245947804
44,Population,83,Iceland,3,Both,9,20-24 years,1,Number,2023,26287.1052224261,26659.729425306385,25892.715606431837
44,Population,83,Iceland,3,Both,10,25-29 years,1,Number,2023,31080.33267119276,31520.90169120707,30614.029502264577
44,Population,83,Iceland,3,Both,11,30-34 years,1,Number,2023,32012.090426685016,32465.867271904117,31531.80794811894
44,Population,83,Iceland,3,Both,12,35-39 years,1,Number,2023,27347.292406436452,27734.944943589497,26936.996633684113
44,Population,83,Iceland,3,Both,13,40-44 years,1,Number,2023,26635.76803390205,27013.334591640392,26236.147374353695
44,Population,83,Iceland,3,Both,14,45-49 years,1,Number,2023,24344.461422215503,24689.5483176818,23979.217599791737
44,Population,83,Iceland,3,Both,15,50-54 years,1,Number,2023,22540.269309079402,22859.78147342518,22202.094067568545
44,Population,83,Iceland,3,Both,16,55-59 years,1,Number,2023,22564.203090361058,22884.05452014122,22225.668766527175
44,Population,83,Iceland,3,Both,17,60-64 years,1,Number,2023,21249.85445556528,21551.074769130726,20931.039513115298
44,Population,84,Ireland,3,Both,15,50-54 years,1,Number,2023,356719.81050292857,385706.9910872924,329442.08979550283
44,Population,84,Ireland,3,Both,16,55-59 years,1,Number,2023,316136.8134643026,341826.2050580444,291962.401365191
44,Population,84,Ireland,3,Both,17,60-64 years,1,Number,2023,282223.6677743846,305157.2649060483,260642.53277736492
44,Population,84,Ireland,3,Both,18,65-69 years,1,Number,2023,244675.77753817532,264558.2195537148,225965.8620048921
44,Population,84,Ireland,3,Both,19,70-74 years,1,Number,2023,210346.2615460161,227439.07469839955,194261.46220107964
44,Population,84,Ireland,3,Both,20,75-79 years,1,Number,2023,163195.218437612,176456.52080454884,150715.9743410973
44,Population,147,Libya,3,Both,235,95+ years,1,Number,2023,1865.3663685881806,2202.252381019791,1521.786701023623
44,Population,148,Morocco,3,Both,1,<5 years,1,Number,2023,2619448.584083096,2944366.807345847,2303219.5487728245
44,Population,149,Palestine,3,Both,1,<5 years,1,Number,2023,654789.4913122536,722534.7089000691,580638.9643372878
44,Population,149,Palestine,3,Both,6,5-9 years,1,Number,2023,662121.8337635685,730625.6633043604,587140.9680859514
44,Population,149,Palestine,3,Both,7,10-14 years,1,Number,2023,631897.3430457931,697274.1146124976,560339.1986305187
44,Population,149,Palestine,3,Both,8,15-19 years,1,Number,2023,567040.8748184586,625707.5271631323,502827.29130496964
44,Population,207,Ghana,3,Both,235,95+ years,1,Number,2023,8482.334659637017,9174.962996139211,7764.98913283759
44,Population,208,Guinea,3,Both,1,<5 years,1,Number,2023,2342243.4475539867,2632999.8692747434,2072326.9171303485
44,Population,208,Guinea,3,Both,6,5-9 years,1,Number,2023,2123136.8479495225,2386694.28190369,1878469.8248817143
44,Population,208,Guinea,3,Both,7,10-14 years,1,Number,2023,1841741.1295780449,2070367.2619859634,1629501.7160562102
44,Population,209,Guinea-Bissau,3,Both,6,5-9 years,1,Number,2023,306972.38246270915,355180.6408071425,259797.1187531082
44,Population,209,Guinea-Bissau,3,Both,7,10-14 years,1,Number,2023,276099.11725423165,319458.9057357865,233668.43159462285
44,Population,209,Guinea-Bissau,3,Both,8,15-19 years,1,Number,2023,236557.26396678502,273707.23036791047,200203.33785615052
44,Population,141,Egypt,3,Both,235,95+ years,1,Number,2023,6935.617876272482,7627.5243027323795,6240.221800249027
44,Population,142,Iran (Islamic Republic of),3,Both,1,<5 years,1,Number,2023,5592652.2778943395,6225269.839460859,4986937.0337779345
44,Population,142,Iran (Islamic Republic of),3,Both,6,5-9 years,1,Number,2023,7384568.5810600165,8219880.26089322,6584778.867966107
44,Population,142,Iran (Islamic Republic of),3,Both,7,10-14 years,1,Number,2023,7143501.632320043,7951544.821693193,6369820.806110014
44,Population,142,Iran (Islamic Republic of),3,Both,8,15-19 years,1,Number,2023,6014224.936356789,6694529.043406168,5362851.036374596
44,Population,142,Iran (Islamic Republic of),3,Both,9,20-24 years,1,Number,2023,5654098.684993761,6293666.808528867,5041728.454365246
44,Population,142,Iran (Islamic Republic of),3,Both,10,25-29 years,1,Number,2023,6063096.211057122,6748928.4334076755,5406429.281110882
44,Population,142,Iran (Islamic Republic of),3,Both,11,30-34 years,1,Number,2023,7686772.525021301,8556268.257898575,6854252.449553
44,Population,142,Iran (Islamic Republic of),3,Both,12,35-39 years,1,Number,2023,9150163.134652704,10185191.52593314,8159149.743972558
44,Population,142,Iran (Islamic Republic of),3,Both,13,40-44 years,1,Number,2023,8177790.027674054,9102827.617934892,7292090.03475222
44,Population,142,Iran (Islamic Republic of),3,Both,14,45-49 years,1,Number,2023,5930086.989907609,6600873.7624485865,5287825.6959378375
44,Population,142,Iran (Islamic Republic of),3,Both,15,50-54 years,1,Number,2023,5142536.47177982,5724238.80573381,4585571.264646573
44,Population,142,Iran (Islamic Republic of),3,Both,16,55-59 years,1,Number,2023,4115272.185022096,4580774.656034185,3669565.3947020974
44,Population,142,Iran (Islamic Republic of),3,Both,17,60-64 years,1,Number,2023,3355278.618306602,3734813.7784450715,2991883.3442254234
44,Population,142,Iran (Islamic Republic of),3,Both,18,65-69 years,1,Number,2023,2675879.8813486127,2978564.2825002284,2386067.2566725253
44,Population,142,Iran (Islamic Republic of),3,Both,19,70-74 years,1,Number,2023,1731086.061194736,1926899.3155290675,1543599.8446302654
44,Population,142,Iran (Islamic Republic of),3,Both,20,75-79 years,1,Number,2023,1090826.3995030315,1214216.1442353486,972683.8535279816
44,Population,393,Saint Kitts and Nevis,3,Both,12,35-39 years,1,Number,2023,3867.2879034958028,4409.305132477746,3292.2117855451074
44,Population,393,Saint Kitts and Nevis,3,Both,13,40-44 years,1,Number,2023,3502.470523760232,3993.3570093935914,2981.643731883665
44,Population,393,Saint Kitts and Nevis,3,Both,14,45-49 years,1,Number,2023,3182.292889519064,3628.3050863940102,2709.077373438026
44,Population,393,Saint Kitts and Nevis,3,Both,15,50-54 years,1,Number,2023,3073.7851761976267,3504.5895448567085,2616.7050490769484
44,Population,393,Saint Kitts and Nevis,3,Both,16,55-59 years,1,Number,2023,3065.592875444125,3495.2490575021043,2609.730965490611
44,Population,393,Saint Kitts and Nevis,3,Both,17,60-64 years,1,Number,2023,3015.7610996594603,3438.4331414878907,2567.309308860233
44,Population,393,Saint Kitts and Nevis,3,Both,18,65-69 years,1,Number,2023,2027.4479386444602,2311.603590106528,1725.9609743952105
44,Population,393,Saint Kitts and Nevis,3,Both,19,70-74 years,1,Number,2023,1265.6477618644249,1443.033803418985,1077.4425338729814
44,Population,393,Saint Kitts and Nevis,3,Both,20,75-79 years,1,Number,2023,595.6849422189616,679.1727791177696,507.10498834914335
44,Population,393,Saint Kitts and Nevis,3,Both,30,80-84 years,1,Number,2023,426.575366532752,486.36176048367497,363.14246163386895
44,Population,393,Saint Kitts and Nevis,3,Both,31,85-89 years,1,Number,2023,358.85771916117193,409.15319014555246,305.4946106516398
44,Population,393,Saint Kitts and Nevis,3,Both,32,90-94 years,1,Number,2023,106.53920373267991,121.47113676330088,90.69653744534067
44,Population,84,Ireland,3,Both,30,80-84 years,1,Number,2023,102223.74363714442,110530.48194988887,94406.87828091373
44,Population,84,Ireland,3,Both,31,85-89 years,1,Number,2023,58139.56629144299,62864.008437817174,53693.7384886279
44,Population,84,Ireland,3,Both,32,90-94 years,1,Number,2023,24491.02231642916,26481.17163160488,22618.237999670837
44,Population,27,Samoa,3,Both,6,5-9 years,1,Number,2023,28646.19633954956,31086.849041629255,26401.236845318785
44,Population,27,Samoa,3,Both,7,10-14 years,1,Number,2023,25624.98555538665,27808.2314388955,23616.793824442302
44,Population,27,Samoa,3,Both,8,15-19 years,1,Number,2023,20757.605835745475,22526.151515290796,19130.86336194207
44,Population,27,Samoa,3,Both,9,20-24 years,1,Number,2023,16418.534821960813,17817.392139785035,15131.838843443371
44,Population,27,Samoa,3,Both,10,25-29 years,1,Number,2023,14069.024599962155,15267.703911466982,12966.456217902816
44,Population,27,Samoa,3,Both,11,30-34 years,1,Number,2023,12642.606628499821,13719.755289475032,11651.824486045167
44,Population,27,Samoa,3,Both,12,35-39 years,1,Number,2023,11434.657530113724,12408.889063942093,10538.540548953986
44,Population,27,Samoa,3,Both,13,40-44 years,1,Number,2023,10693.697832379592,11604.799683405703,9855.648752750434
44,Population,27,Samoa,3,Both,14,45-49 years,1,Number,2023,10130.930359617458,10994.08448534145,9336.984523785364
44,Population,27,Samoa,3,Both,15,50-54 years,1,Number,2023,9751.726788617378,10582.572812796941,8987.498568585726
44,Population,27,Samoa,3,Both,16,55-59 years,1,Number,2023,8536.516107672423,9263.826318688913,7867.522128282751
44,Population,27,Samoa,3,Both,17,60-64 years,1,Number,2023,7018.852526377458,7616.857971182401,6468.795568346272
44,Population,27,Samoa,3,Both,18,65-69 years,1,Number,2023,5078.162255680168,5510.821107976501,4680.194286948692
44,Population,27,Samoa,3,Both,19,70-74 years,1,Number,2023,3676.9326490978524,3990.206896715707,3388.776945548376
44,Population,27,Samoa,3,Both,20,75-79 years,1,Number,2023,2118.995317528533,2299.533479946978,1952.9328288152046
44,Population,27,Samoa,3,Both,30,80-84 years,1,Number,2023,1519.3291421863782,1648.7758139983023,1400.261593315894
44,Population,27,Samoa,3,Both,31,85-89 years,1,Number,2023,940.7795810046409,1020.9338953584218,867.0520945585981
44,Population,27,Samoa,3,Both,32,90-94 years,1,Number,2023,382.9686785666346,415.59756685171175,352.955996926448
44,Population,149,Palestine,3,Both,9,20-24 years,1,Number,2023,507069.8664197994,559531.8544153465,449647.59818394075
44,Population,149,Palestine,3,Both,10,25-29 years,1,Number,2023,478452.3584389029,527953.5486044459,424270.83142697735
44,Population,149,Palestine,3,Both,11,30-34 years,1,Number,2023,412342.99731879815,455004.4426303156,365647.91294236755
44,Population,149,Palestine,3,Both,12,35-39 years,1,Number,2023,323992.21966665273,357512.799500775,287302.2694722404
44,Population,149,Palestine,3,Both,13,40-44 years,1,Number,2023,268019.2650195708,295748.8234003705,237667.87727690034
44,Population,149,Palestine,3,Both,14,45-49 years,1,Number,2023,231954.96123554016,255953.2683677807,205687.6144954395
44,Population,149,Palestine,3,Both,15,50-54 years,1,Number,2023,194129.39841624885,214214.2325658381,172145.54347525164
44,Population,149,Palestine,3,Both,16,55-59 years,1,Number,2023,161331.210967473,178022.7097402981,143061.5312162402
44,Population,149,Palestine,3,Both,17,60-64 years,1,Number,2023,119589.77324709306,131962.65845278793,106047.03191610881
44,Population,149,Palestine,3,Both,18,65-69 years,1,Number,2023,79589.10704314185,87823.4807552978,70576.17341024453
44,Population,149,Palestine,3,Both,19,70-74 years,1,Number,2023,51390.91532433486,56707.87411319213,45571.238155435305
44,Population,149,Palestine,3,Both,20,75-79 years,1,Number,2023,32752.831910261142,36141.474754743926,29043.792931640484
44,Population,149,Palestine,3,Both,30,80-84 years,1,Number,2023,18102.780488423672,19975.713422449477,16052.761771356907
44,Population,149,Palestine,3,Both,31,85-89 years,1,Number,2023,9413.848326747653,10387.815092701887,8347.793016526037
44,Population,149,Palestine,3,Both,32,90-94 years,1,Number,2023,3491.6410772759077,3852.88997888024,3096.2360970148857
44,Population,29,Tonga,3,Both,15,50-54 years,1,Number,2023,4819.802925905534,5215.399036315152,4420.868955202415
44,Population,29,Tonga,3,Both,16,55-59 years,1,Number,2023,4185.8000987848845,4529.359008451382,3839.3423950886217
44,Population,29,Tonga,3,Both,17,60-64 years,1,Number,2023,3247.38006272595,3513.916048031774,2978.5951678410606
44,Population,29,Tonga,3,Both,18,65-69 years,1,Number,2023,2479.0905278930836,2682.567430427138,2273.896779677939
44,Population,29,Tonga,3,Both,19,70-74 years,1,Number,2023,1841.0225510811965,1992.1285966146418,1688.641541370344
44,Population,29,Tonga,3,Both,20,75-79 years,1,Number,2023,1238.4243379657935,1340.0707867246563,1135.9202426417603
44,Population,29,Tonga,3,Both,30,80-84 years,1,Number,2023,797.3673492762235,862.8130587358148,731.3694386467096
44,Population,29,Tonga,3,Both,31,85-89 years,1,Number,2023,434.01044972560146,469.6328285713755,398.08750542738613
44,Population,29,Tonga,3,Both,32,90-94 years,1,Number,2023,129.14009490391803,139.7395571697576,118.45119918992609
44,Population,177,Djibouti,3,Both,235,95+ years,1,Number,2023,327.6670906138411,380.7653453606498,280.27607210208106
44,Population,178,Eritrea,3,Both,1,<5 years,1,Number,2023,983453.7693027952,1287942.9969376477,691624.4142824166
44,Population,178,Eritrea,3,Both,6,5-9 years,1,Number,2023,903373.8516176477,1183069.3644423985,635307.3530299707
44,Population,178,Eritrea,3,Both,7,10-14 years,1,Number,2023,812734.7187838096,1064367.2555831254,571564.4104392771
44,Population,178,Eritrea,3,Both,8,15-19 years,1,Number,2023,719261.7364888638,941953.9030622445,505828.5328120004
44,Population,178,Eritrea,3,Both,9,20-24 years,1,Number,2023,641679.3369616201,840351.0506703416,451267.8779988164
44,Population,178,Eritrea,3,Both,10,25-29 years,1,Number,2023,588470.302983819,770667.8537325644,413848.05399883405
44,Population,178,Eritrea,3,Both,11,30-34 years,1,Number,2023,501445.32630114234,656698.8876503301,352646.80549605284
44,Population,178,Eritrea,3,Both,12,35-39 years,1,Number,2023,424530.6486593314,555970.4919467727,298555.7332624786
44,Population,178,Eritrea,3,Both,13,40-44 years,1,Number,2023,353816.17705647973,463361.9613519832,248825.0224449428
44,Population,178,Eritrea,3,Both,14,45-49 years,1,Number,2023,294537.15986542427,385729.4406990885,207136.41762819927
44,Population,178,Eritrea,3,Both,15,50-54 years,1,Number,2023,229518.60396843805,300580.3504699782,161411.42063965622
44,Population,178,Eritrea,3,Both,16,55-59 years,1,Number,2023,175746.19055448656,230159.3449823153,123595.39400696389
44,Population,178,Eritrea,3,Both,17,60-64 years,1,Number,2023,133541.03128282732,174886.95596385875,93914.16294955352
44,Population,178,Eritrea,3,Both,18,65-69 years,1,Number,2023,98389.26190617833,128851.77199103375,69193.3040083641
44,Population,178,Eritrea,3,Both,19,70-74 years,1,Number,2023,66146.72243149545,86626.55082040049,46518.3922075132
44,Population,178,Eritrea,3,Both,20,75-79 years,1,Number,2023,45689.537733604535,59835.57335799528,32131.65759305692
44,Population,179,Ethiopia,3,Both,30,80-84 years,1,Number,2023,396554.94471584103,460945.97076337796,330504.53555243334
44,Population,125,Colombia,3,Both,235,95+ years,1,Number,2023,64108.444112944846,70382.90841442053,58052.430751333726
44,Population,126,Costa Rica,3,Both,1,<5 years,1,Number,2023,287576.49297047267,308905.1134695196,267587.6722053578
44,Population,209,Guinea-Bissau,3,Both,9,20-24 years,1,Number,2023,201058.29968095385,232633.35661458335,170159.82525677595
44,Population,209,Guinea-Bissau,3,Both,10,25-29 years,1,Number,2023,176221.73699305858,203896.35369542,149140.1251317004
44,Population,209,Guinea-Bissau,3,Both,11,30-34 years,1,Number,2023,155397.42164657498,179801.69863298102,131516.07347070193
44,Population,209,Guinea-Bissau,3,Both,12,35-39 years,1,Number,2023,128130.97416436985,148253.21139914857,108439.91125154735
44,Population,209,Guinea-Bissau,3,Both,13,40-44 years,1,Number,2023,98845.91782321746,114369.10432125094,83655.35832559133
44,Population,209,Guinea-Bissau,3,Both,14,45-49 years,1,Number,2023,71717.24953945038,82980.03372157471,60695.801510776895
44,Population,209,Guinea-Bissau,3,Both,15,50-54 years,1,Number,2023,54008.942879823066,62490.73870253538,45708.89287991161
44,Population,209,Guinea-Bissau,3,Both,16,55-59 years,1,Number,2023,41486.67553754078,48001.92083785182,35111.03730188976
44,Population,209,Guinea-Bissau,3,Both,17,60-64 years,1,Number,2023,32192.404246808823,37248.03735688876,27245.10199243168
44,Population,209,Guinea-Bissau,3,Both,18,65-69 years,1,Number,2023,23260.202956444988,26913.084900652044,19685.59406294809
44,Population,209,Guinea-Bissau,3,Both,19,70-74 years,1,Number,2023,15637.128092750674,18092.84969484593,13234.02708568879
44,Population,209,Guinea-Bissau,3,Both,20,75-79 years,1,Number,2023,9780.264304408658,11316.198920028517,8277.24131579787
44,Population,209,Guinea-Bissau,3,Both,30,80-84 years,1,Number,2023,5226.647433293888,6047.462542842416,4423.420546872921
44,Population,209,Guinea-Bissau,3,Both,31,85-89 years,1,Number,2023,2394.6347808419173,2770.698488036868,2026.6292737402377
44,Population,209,Guinea-Bissau,3,Both,32,90-94 years,1,Number,2023,912.5202988598151,1055.8263968190265,772.2849285189502
44,Population,143,Iraq,3,Both,30,80-84 years,1,Number,2023,159644.03535758023,204992.762285446,115060.90897426126
44,Population,143,Iraq,3,Both,31,85-89 years,1,Number,2023,61096.43351323933,78451.57912486546,44034.286400823206
44,Population,143,Iraq,3,Both,32,90-94 years,1,Number,2023,15145.446623902639,19447.68517362065,10915.840679321997
44,Population,393,Saint Kitts and Nevis,3,Both,235,95+ years,1,Number,2023,17.801618103441985,20.296592348080065,15.154469588092423
44,Population,396,San Marino,3,Both,1,<5 years,1,Number,2023,1150.746238013859,1166.861764960304,1133.5452329042178
44,Population,413,Tokelau,3,Both,1,<5 years,1,Number,2023,108.43660863337931,119.86299905418603,96.34423579987238
44,Population,413,Tokelau,3,Both,6,5-9 years,1,Number,2023,138.06106784033298,152.6091036276817,122.66510583858985
44,Population,413,Tokelau,3,Both,7,10-14 years,1,Number,2023,162.5782312838009,179.7097366673166,144.44822323511067
44,Population,413,Tokelau,3,Both,8,15-19 years,1,Number,2023,153.47992223549778,169.65270313781403,136.3645175255981
44,Population,413,Tokelau,3,Both,9,20-24 years,1,Number,2023,131.06052507734432,144.87088623824,116.44523276081034
44,Population,413,Tokelau,3,Both,10,25-29 years,1,Number,2023,122.38380263882401,135.2798635518144,108.73610017982772
44,Population,413,Tokelau,3,Both,11,30-34 years,1,Number,2023,108.33683394738841,119.75271071850976,96.2555875472655
44,Population,413,Tokelau,3,Both,12,35-39 years,1,Number,2023,110.41056587311948,122.04495990432596,98.09806602530283
44,Population,413,Tokelau,3,Both,13,40-44 years,1,Number,2023,99.47772747252924,109.96008547506305,88.38440959411001
44,Population,413,Tokelau,3,Both,14,45-49 years,1,Number,2023,91.88502353371165,101.5673085659827,81.63841054582467
44,Population,413,Tokelau,3,Both,15,50-54 years,1,Number,2023,85.05041491974654,94.01251045715236,75.56596737185954
44,Population,413,Tokelau,3,Both,16,55-59 years,1,Number,2023,67.26635995107931,74.35447991973493,59.7651118584592
44,Population,413,Tokelau,3,Both,17,60-64 years,1,Number,2023,69.80755968061553,77.16345582387564,62.02292819043959
44,Population,413,Tokelau,3,Both,18,65-69 years,1,Number,2023,46.24794023482005,51.12126694561615,41.09057370381771
44,Population,413,Tokelau,3,Both,19,70-74 years,1,Number,2023,53.932760773424775,59.615867141613265,47.918416914538774
44,Population,413,Tokelau,3,Both,20,75-79 years,1,Number,2023,31.961241399669316,35.32912266383729,28.39706457693947
44,Population,179,Ethiopia,3,Both,31,85-89 years,1,Number,2023,205700.75567275353,239101.6321288861,171439.12494931553
44,Population,179,Ethiopia,3,Both,32,90-94 years,1,Number,2023,77588.5177441773,90187.03488190983,64665.331659440744
44,Population,416,Tuvalu,3,Both,235,95+ years,1,Number,2023,1.1219322354594454,1.2406687863198556,1.003736454751472
44,Population,422,United States Virgin Islands,3,Both,1,<5 years,1,Number,2023,4112.8436139792675,4482.387514306476,3753.9661838375764
44,Population,422,United States Virgin Islands,3,Both,6,5-9 years,1,Number,2023,4158.533895146141,4532.183121689029,3795.669634425266
44,Population,422,United States Virgin Islands,3,Both,7,10-14 years,1,Number,2023,4575.50214254658,4986.616463053465,4176.254175776407
44,Population,422,United States Virgin Islands,3,Both,8,15-19 years,1,Number,2023,4520.769541857338,4926.966072962989,4126.297418013348
44,Population,422,United States Virgin Islands,3,Both,9,20-24 years,1,Number,2023,4019.7892220387,4380.972074349541,3669.031507640521
44,Population,86,Italy,3,Both,235,95+ years,1,Number,2023,171489.27802593782,173740.02759863145,169214.2091923662
44,Population,87,Luxembourg,3,Both,1,<5 years,1,Number,2023,33954.67125607904,34463.538519293616,33469.61231224167
44,Population,88,Malta,3,Both,1,<5 years,1,Number,2023,23586.965143531368,25500.058247876565,21672.675993610337
44,Population,88,Malta,3,Both,6,5-9 years,1,Number,2023,24418.317490071793,26398.839974660248,22436.556803772117
44,Population,88,Malta,3,Both,7,10-14 years,1,Number,2023,24151.195961500543,26110.05273576035,22191.11453070248
44,Population,88,Malta,3,Both,8,15-19 years,1,Number,2023,23378.783270320204,25274.9911457406,21481.38990579053
44,Population,88,Malta,3,Both,9,20-24 years,1,Number,2023,28620.340753460485,30941.681214442648,26297.54901497279
44,Population,88,Malta,3,Both,10,25-29 years,1,Number,2023,43531.7983394686,47062.57827305504,39998.81099960947
44,Population,88,Malta,3,Both,11,30-34 years,1,Number,2023,54061.199824499636,58445.9991391856,49673.659179656075
44,Population,88,Malta,3,Both,12,35-39 years,1,Number,2023,50961.604178929854,55095.001288214924,46825.62291348716
44,Population,88,Malta,3,Both,13,40-44 years,1,Number,2023,46095.12572617714,49833.81218431432,42354.10188080694
44,Population,88,Malta,3,Both,14,45-49 years,1,Number,2023,40221.396604780915,43483.67625896704,36957.07740785708
44,Population,88,Malta,3,Both,15,50-54 years,1,Number,2023,33030.4454233876,35709.48094103083,30349.73500107242
44,Population,88,Malta,3,Both,16,55-59 years,1,Number,2023,29343.264547555547,31723.23995869065,26961.801200964186
44,Population,88,Malta,3,Both,17,60-64 years,1,Number,2023,31413.338746063964,33961.213870051084,28863.87071749584
44,Population,88,Malta,3,Both,18,65-69 years,1,Number,2023,29987.581291017712,32419.81598652581,27553.825988101467
44,Population,88,Malta,3,Both,19,70-74 years,1,Number,2023,27044.19117991981,29237.693198685745,24849.31780689037
44,Population,88,Malta,3,Both,20,75-79 years,1,Number,2023,24768.22558602306,26777.128439236545,22758.066787992055
44,Population,413,Tokelau,3,Both,30,80-84 years,1,Number,2023,16.992305573626773,18.78285140571159,15.097398522522981
44,Population,413,Tokelau,3,Both,31,85-89 years,1,Number,2023,12.45935273551126,13.772243562149251,11.069940613159078
44,Population,413,Tokelau,3,Both,32,90-94 years,1,Number,2023,4.168995138901401,4.608298495211543,3.7040871692034685
44,Population,422,United States Virgin Islands,3,Both,10,25-29 years,1,Number,2023,4120.674131739323,4490.921613419539,3761.113428331211
44,Population,422,United States Virgin Islands,3,Both,11,30-34 years,1,Number,2023,4567.981010220516,4978.419548024356,4169.389320443652
44,Population,422,United States Virgin Islands,3,Both,12,35-39 years,1,Number,2023,4670.772382745651,5090.446847875735,4263.211350325372
44,Population,422,United States Virgin Islands,3,Both,13,40-44 years,1,Number,2023,5016.671526181531,5467.4254415855485,4578.928116959335
44,Population,422,United States Virgin Islands,3,Both,14,45-49 years,1,Number,2023,5139.749113907704,5601.561697250519,4691.266232792856
44,Population,422,United States Virgin Islands,3,Both,15,50-54 years,1,Number,2023,6078.664964098975,6624.840255564071,5548.254409806705
44,Population,422,United States Virgin Islands,3,Both,16,55-59 years,1,Number,2023,6819.087388296248,7431.790516997259,6224.069248169197
44,Population,422,United States Virgin Islands,3,Both,17,60-64 years,1,Number,2023,6464.395821812745,7045.229490550347,5900.327265433511
44,Population,422,United States Virgin Islands,3,Both,18,65-69 years,1,Number,2023,5868.4559888954755,6395.743753415356,5356.387794268264
44,Population,422,United States Virgin Islands,3,Both,19,70-74 years,1,Number,2023,5035.500973521419,5487.946737209516,4596.114549318211
44,Population,422,United States Virgin Islands,3,Both,20,75-79 years,1,Number,2023,4218.962274477986,4598.041062921267,3850.825170070925
44,Population,422,United States Virgin Islands,3,Both,30,80-84 years,1,Number,2023,2695.4807340203274,2937.672890396283,2460.279182584307
44,Population,422,United States Virgin Islands,3,Both,31,85-89 years,1,Number,2023,1263.64911463024,1377.189493573478,1153.3859513730902
44,Population,422,United States Virgin Islands,3,Both,32,90-94 years,1,Number,2023,537.3248790575041,585.6041598147025,490.4391255871014
44,Population,30,Vanuatu,3,Both,235,95+ years,1,Number,2023,104.09462655869855,113.31657559099342,94.68235720502618
44,Population,175,Burundi,3,Both,235,95+ years,1,Number,2023,3064.0612891944297,3579.8756621369043,2580.9428163197613
44,Population,176,Comoros,3,Both,1,<5 years,1,Number,2023,106813.17123152228,118618.83048721563,95488.01009631698
44,Population,176,Comoros,3,Both,6,5-9 years,1,Number,2023,104850.27671640844,116438.98460240531,93733.23688701933
44,Population,176,Comoros,3,Both,7,10-14 years,1,Number,2023,103600.29058616373,115050.84219276295,92615.78398445222
44,Population,176,Comoros,3,Both,8,15-19 years,1,Number,2023,96113.93093791361,106737.04328722082,85923.18626981942
44,Population,176,Comoros,3,Both,9,20-24 years,1,Number,2023,82297.49933740139,91393.53331496277,73571.67994383333
44,Population,176,Comoros,3,Both,10,25-29 years,1,Number,2023,66909.32272173336,74304.55924523142,59815.07720374749
44,Population,176,Comoros,3,Both,11,30-34 years,1,Number,2023,57851.00150558129,64245.0557547069,51717.189482871094
44,Population,118,Suriname,3,Both,235,95+ years,1,Number,2023,551.7716754949854,632.046589658874,476.45632418211
44,Population,119,Trinidad and Tobago,3,Both,1,<5 years,1,Number,2023,71919.51340836687,81950.72143874108,61523.81120005558
44,Population,119,Trinidad and Tobago,3,Both,6,5-9 years,1,Number,2023,89460.74097074223,101938.56876322751,76529.51857514528
44,Population,119,Trinidad and Tobago,3,Both,7,10-14 years,1,Number,2023,97511.14814181603,111111.83265614422,83416.26887981428
44,Population,119,Trinidad and Tobago,3,Both,8,15-19 years,1,Number,2023,94846.04677468695,108075.00760835137,81136.39815253009
44,Population,119,Trinidad and Tobago,3,Both,9,20-24 years,1,Number,2023,86605.60213751235,98685.20015570664,74087.07960134171
44,Population,119,Trinidad and Tobago,3,Both,10,25-29 years,1,Number,2023,87438.87265978985,99634.69379405395,74799.90392205256
44,Population,119,Trinidad and Tobago,3,Both,11,30-34 years,1,Number,2023,101171.26689192501,115282.45837241889,86547.33087230673
44,Population,119,Trinidad and Tobago,3,Both,12,35-39 years,1,Number,2023,118614.90903488212,135159.10923374488,101469.55844288111
44,Population,119,Trinidad and Tobago,3,Both,13,40-44 years,1,Number,2023,111115.57846590763,126613.78514422502,95054.22863617646
44,Population,119,Trinidad and Tobago,3,Both,14,45-49 years,1,Number,2023,92573.99100993706,105486.04947659845,79192.75972560202
44,Population,119,Trinidad and Tobago,3,Both,15,50-54 years,1,Number,2023,82992.24887689805,94567.86269766542,70996.0233181484
44,Population,119,Trinidad and Tobago,3,Both,16,55-59 years,1,Number,2023,85535.42587993659,97465.75758416193,73171.59340153917
44,Population,119,Trinidad and Tobago,3,Both,17,60-64 years,1,Number,2023,84336.30918234565,96099.3901853888,72145.8046299923
44,Population,119,Trinidad and Tobago,3,Both,18,65-69 years,1,Number,2023,69529.37411866075,79227.20969835563,59479.15778914128
44,Population,119,Trinidad and Tobago,3,Both,19,70-74 years,1,Number,2023,51071.238475154634,58194.56555614025,43689.07803723943
44,Population,88,Malta,3,Both,30,80-84 years,1,Number,2023,11185.120182662435,12092.323638575974,10277.349552742908
44,Population,88,Malta,3,Both,31,85-89 years,1,Number,2023,7477.4031422024555,8083.880843030352,6870.546277930152
44,Population,88,Malta,3,Both,32,90-94 years,1,Number,2023,2858.5408978937767,3090.3916191277913,2626.5452260409156
44,Population,152,Saudi Arabia,3,Both,235,95+ years,1,Number,2023,1383.9075812650733,1487.5244055077887,1283.2492114983804
44,Population,153,Syrian Arab Republic,3,Both,1,<5 years,1,Number,2023,1321865.7611608563,1566032.8630265067,1075669.791650295
44,Population,153,Syrian Arab Republic,3,Both,6,5-9 years,1,Number,2023,1474613.7225885456,1746995.5102063501,1199968.6218882736
44,Population,153,Syrian Arab Republic,3,Both,7,10-14 years,1,Number,2023,1937620.0046751925,2295525.5310600903,1576740.5193217485
44,Population,153,Syrian Arab Republic,3,Both,8,15-19 years,1,Number,2023,2232122.0919054686,2644426.2745270273,1816391.9333453388
44,Population,153,Syrian Arab Republic,3,Both,9,20-24 years,1,Number,2023,1821399.2170554714,2157837.137785216,1482165.719007267
44,Population,153,Syrian Arab Republic,3,Both,10,25-29 years,1,Number,2023,927379.5636302428,1098679.5450914265,754656.192255738
44,Population,153,Syrian Arab Republic,3,Both,11,30-34 years,1,Number,2023,732205.5910241577,867454.2088362948,595833.1463631071
44,Population,153,Syrian Arab Republic,3,Both,12,35-39 years,1,Number,2023,1195629.652152111,1416479.178365909,972945.0119745337
44,Population,153,Syrian Arab Republic,3,Both,13,40-44 years,1,Number,2023,1284475.2269403825,1521735.7739605515,1045243.2011927967
44,Population,153,Syrian Arab Republic,3,Both,14,45-49 years,1,Number,2023,1136787.968929222,1346768.6129285267,925062.5242118335
44,Population,153,Syrian Arab Republic,3,Both,15,50-54 years,1,Number,2023,1017149.3120954061,1205031.0221722838,827706.428872216
44,Population,153,Syrian Arab Republic,3,Both,16,55-59 years,1,Number,2023,862271.2356595534,1021544.7979373243,701674.2150832404
44,Population,153,Syrian Arab Republic,3,Both,17,60-64 years,1,Number,2023,670852.3675910638,794768.186569968,545906.8898501971
44,Population,153,Syrian Arab Republic,3,Both,18,65-69 years,1,Number,2023,476271.8311491285,564245.9024419683,387566.753322348
44,Population,153,Syrian Arab Republic,3,Both,19,70-74 years,1,Number,2023,333388.50901238713,394970.0314578869,271295.2847141014
44,Population,153,Syrian Arab Republic,3,Both,20,75-79 years,1,Number,2023,194160.38109645055,230024.52021131612,157998.234629625
44,Population,154,Tunisia,3,Both,30,80-84 years,1,Number,2023,114787.03384754928,128860.0330878556,100365.4409715885
44,Population,154,Tunisia,3,Both,31,85-89 years,1,Number,2023,54946.8949542065,61683.43639994792,48043.48677066392
44,Population,154,Tunisia,3,Both,32,90-94 years,1,Number,2023,16018.529241618571,17982.416122322527,14005.996123103567
44,Population,89,Netherlands,3,Both,235,95+ years,1,Number,2023,32773.90356374171,33265.503559556826,32254.740448488843
44,Population,181,Madagascar,3,Both,235,95+ years,1,Number,2023,1789.2897536125427,1960.2216823887445,1616.5676561350424
44,Population,182,Malawi,3,Both,1,<5 years,1,Number,2023,2924916.7376422915,3214439.6385789737,2613277.7074931343
44,Population,182,Malawi,3,Both,6,5-9 years,1,Number,2023,2793733.976857737,3070271.7514260565,2496071.983325404
44,Population,182,Malawi,3,Both,7,10-14 years,1,Number,2023,2775648.877148001,3050396.4980123513,2479913.783913772
44,Population,182,Malawi,3,Both,8,15-19 years,1,Number,2023,2593945.8464475474,2850707.5917208586,2317570.5372146564
44,Population,182,Malawi,3,Both,9,20-24 years,1,Number,2023,2150428.044326764,2363288.17727911,1921307.9119431872
44,Population,182,Malawi,3,Both,10,25-29 years,1,Number,2023,1658167.7592820593,1822301.504946902,1481496.1345219638
44,Population,183,Mauritius,3,Both,7,10-14 years,1,Number,2023,73944.98142960755,79467.1166118483,68579.12127973721
44,Population,183,Mauritius,3,Both,8,15-19 years,1,Number,2023,82541.19676167124,88705.28846620138,76551.54729712055
44,Population,183,Mauritius,3,Both,9,20-24 years,1,Number,2023,94070.24145434686,101095.31036225431,87243.98022404175
44,Population,183,Mauritius,3,Both,10,25-29 years,1,Number,2023,96719.29808871333,103942.19582229045,89700.80653859094
44,Population,183,Mauritius,3,Both,11,30-34 years,1,Number,2023,96916.74058952996,104154.38312605582,89883.921510662
44,Population,183,Mauritius,3,Both,12,35-39 years,1,Number,2023,93875.25804013693,100885.76578715496,87063.145893542
44,Population,183,Mauritius,3,Both,13,40-44 years,1,Number,2023,94336.0924437151,101381.01483015808,87490.5395833078
44,Population,183,Mauritius,3,Both,14,45-49 years,1,Number,2023,93699.12536327542,100696.4797030867,86899.79438578202
44,Population,183,Mauritius,3,Both,15,50-54 years,1,Number,2023,85783.18444350128,92189.3844546684,79558.27827630524
44,Population,183,Mauritius,3,Both,16,55-59 years,1,Number,2023,81422.2131603297,87502.74032006107,75513.76338504412
44,Population,183,Mauritius,3,Both,17,60-64 years,1,Number,2023,76210.90894822884,81902.26126771231,70680.62046340463
44,Population,183,Mauritius,3,Both,18,65-69 years,1,Number,2023,69551.87028424,74745.9324431827,64504.798773884286
44,Population,183,Mauritius,3,Both,19,70-74 years,1,Number,2023,50083.04243166979,53823.19254461366,46448.73762324692
44,Population,183,Mauritius,3,Both,20,75-79 years,1,Number,2023,28223.52168305719,30331.225262658612,26175.465582964913
44,Population,91,Portugal,3,Both,235,95+ years,1,Number,2023,30007.334166128225,32406.51760344555,27454.396074841163
44,Population,92,Spain,3,Both,1,<5 years,1,Number,2023,1769424.6913124889,1898290.011885188,1641958.634171258
44,Population,92,Spain,3,Both,6,5-9 years,1,Number,2023,2188586.622028721,2347979.060731298,2030924.9205775463
44,Population,92,Spain,3,Both,7,10-14 years,1,Number,2023,2497254.6367741837,2679127.039086406,2317357.0667955778
44,Population,92,Spain,3,Both,8,15-19 years,1,Number,2023,2533693.8637197986,2718220.0962203434,2351171.279742667
44,Population,92,Spain,3,Both,9,20-24 years,1,Number,2023,2479947.925454636,2660559.898366725,2301297.0987055195
44,Population,92,Spain,3,Both,10,25-29 years,1,Number,2023,2541027.5153199164,2726087.8498758115,2357976.628749007
44,Population,92,Spain,3,Both,11,30-34 years,1,Number,2023,2759074.628767634,2960015.1029600734,2560316.0345114707
44,Population,92,Spain,3,Both,12,35-39 years,1,Number,2023,3043395.454662001,3265042.7125645718,2824154.9179881527
44,Population,92,Spain,3,Both,13,40-44 years,1,Number,2023,3705003.5053059286,3974834.9746973,3438101.957681723
44,Population,92,Spain,3,Both,14,45-49 years,1,Number,2023,4031629.271838398,4325248.54882518,3741198.2127153194
44,Population,92,Spain,3,Both,15,50-54 years,1,Number,2023,3780610.343210792,4055948.178288104,3508262.219889996
44,Population,92,Spain,3,Both,16,55-59 years,1,Number,2023,3568124.685544458,3827987.415901737,3311083.6329991342
44,Population,92,Spain,3,Both,17,60-64 years,1,Number,2023,3145647.1157288477,3374741.2534829113,2919040.559954935
44,Population,92,Spain,3,Both,18,65-69 years,1,Number,2023,2622094.220927803,2813058.557534321,2433203.43996636
44,Population,92,Spain,3,Both,19,70-74 years,1,Number,2023,2257805.5972681944,2422239.180404747,2095157.4898419864
44,Population,92,Spain,3,Both,20,75-79 years,1,Number,2023,1902654.4061757494,2041222.7053493226,1765590.7286717815
44,Population,183,Mauritius,3,Both,30,80-84 years,1,Number,2023,15141.598771658655,16272.357799192474,14042.839939302828
44,Population,183,Mauritius,3,Both,31,85-89 years,1,Number,2023,8129.8542578571205,8736.983414641609,7539.906703025194
44,Population,183,Mauritius,3,Both,32,90-94 years,1,Number,2023,3638.457810785964,3910.1740989990667,3374.431024972698
44,Population,92,Spain,3,Both,30,80-84 years,1,Number,2023,1263773.459850116,1355812.738398927,1172733.575057202
44,Population,92,Spain,3,Both,31,85-89 years,1,Number,2023,990521.1905591682,1062659.7966169247,919165.8899943491
44,Population,93,Sweden,3,Both,30,80-84 years,1,Number,2023,329738.74572742754,354189.36322029046,306055.56128776254
44,Population,93,Sweden,3,Both,31,85-89 years,1,Number,2023,180507.90015783533,193892.82891852,167543.08498931862
44,Population,93,Sweden,3,Both,32,90-94 years,1,Number,2023,78375.98692302224,84187.68270251842,72746.7032007111
44,Population,33,Armenia,3,Both,1,<5 years,1,Number,2023,170494.7915600095,183842.07994662985,156884.82259506691
44,Population,33,Armenia,3,Both,6,5-9 years,1,Number,2023,194877.71755070405,210133.8381188217,179321.34973702577
44,Population,33,Armenia,3,Both,7,10-14 years,1,Number,2023,203290.580100648,219205.30672695473,187062.6445683115
44,Population,33,Armenia,3,Both,8,15-19 years,1,Number,2023,176580.60618477504,190404.3262683465,162484.8291349544
44,Population,33,Armenia,3,Both,9,20-24 years,1,Number,2023,159591.5127259436,172085.23130185928,146851.9122056319
44,Population,33,Armenia,3,Both,10,25-29 years,1,Number,2023,175924.7643665299,189697.14147472937,161881.34074469705
44,Population,33,Armenia,3,Both,11,30-34 years,1,Number,2023,231988.17597101576,250149.5113328724,213469.4174429122
44,Population,33,Armenia,3,Both,12,35-39 years,1,Number,2023,232425.24399324373,250620.79549087712,213871.59594057663
44,Population,176,Comoros,3,Both,12,35-39 years,1,Number,2023,53188.516512228656,59067.24377984376,47549.05732289463
44,Population,176,Comoros,3,Both,13,40-44 years,1,Number,2023,46229.89797145615,51339.51522730458,41328.24550898969
44,Population,176,Comoros,3,Both,14,45-49 years,1,Number,2023,38636.974296151435,42907.374172423755,34540.382512238866
44,Population,176,Comoros,3,Both,15,50-54 years,1,Number,2023,31825.17079569522,35342.68757603532,28450.81926899594
44,Population,176,Comoros,3,Both,16,55-59 years,1,Number,2023,24887.968579369757,27638.74241397089,22249.15305465937
44,Population,176,Comoros,3,Both,17,60-64 years,1,Number,2023,19358.208037748143,21497.798176862318,17305.70062889008
44,Population,176,Comoros,3,Both,18,65-69 years,1,Number,2023,14881.253365269342,16526.022493481152,13303.427425711854
44,Population,176,Comoros,3,Both,19,70-74 years,1,Number,2023,11285.930969761048,12533.322596431104,10089.309005262838
44,Population,176,Comoros,3,Both,20,75-79 years,1,Number,2023,9263.20391195374,10287.031102361678,8281.047163665187
44,Population,176,Comoros,3,Both,30,80-84 years,1,Number,2023,6252.891590183669,6944.000248651379,5589.911510074396
44,Population,176,Comoros,3,Both,31,85-89 years,1,Number,2023,4092.876035360388,4545.24627483698,3658.917563081669
44,Population,176,Comoros,3,Both,32,90-94 years,1,Number,2023,2188.181680094143,2430.0331952855427,1956.173681132522
44,Population,177,Djibouti,3,Both,31,85-89 years,1,Number,2023,1953.9833510849744,2270.6251766420214,1671.375595178018
44,Population,177,Djibouti,3,Both,32,90-94 years,1,Number,2023,756.1519349617186,878.6859007459335,646.788464006054
44,Population,90,Norway,3,Both,1,<5 years,1,Number,2023,275672.9921607978,280087.9393852614,271299.8834306284
44,Population,90,Norway,3,Both,6,5-9 years,1,Number,2023,305036.57390590245,309921.7836058798,300197.65916886943
44,Population,90,Norway,3,Both,7,10-14 years,1,Number,2023,330174.49977368437,335462.2973919372,324936.8122652998
44,Population,90,Norway,3,Both,8,15-19 years,1,Number,2023,324108.14400055405,329298.78795724106,318966.68947162764
44,Population,90,Norway,3,Both,9,20-24 years,1,Number,2023,332370.3785044965,337693.34347313724,327097.8569110866
44,Population,90,Norway,3,Both,10,25-29 years,1,Number,2023,366307.58324660646,372174.05799728225,360496.7024720088
44,Population,90,Norway,3,Both,11,30-34 years,1,Number,2023,392264.03998495074,398546.2115571963,386041.4017629623
44,Population,90,Norway,3,Both,12,35-39 years,1,Number,2023,369158.4209583033,375070.5523325896,363302.31622764235
44,Population,90,Norway,3,Both,13,40-44 years,1,Number,2023,355924.7102663231,361624.90163941093,350278.5370755856
44,Population,90,Norway,3,Both,14,45-49 years,1,Number,2023,357696.01734135346,363424.5764816037,352021.7452121857
44,Population,90,Norway,3,Both,15,50-54 years,1,Number,2023,380717.7061343628,386814.9613164069,374678.23193206184
44,Population,90,Norway,3,Both,16,55-59 years,1,Number,2023,354806.33709411626,360488.6175413137,349177.9050953781
44,Population,90,Norway,3,Both,17,60-64 years,1,Number,2023,315312.260200401,320362.03666598635,310310.3382239184
44,Population,90,Norway,3,Both,18,65-69 years,1,Number,2023,288293.59945547354,292910.66773180343,283720.2850848902
44,Population,90,Norway,3,Both,19,70-74 years,1,Number,2023,255304.62936344265,259393.37398788295,251254.63195611342
44,Population,90,Norway,3,Both,20,75-79 years,1,Number,2023,220771.5257462304,224307.2171724887,217269.34049751912
44,Population,90,Norway,3,Both,30,80-84 years,1,Number,2023,127774.33827957133,129820.66481930001,125747.40386774442
44,Population,90,Norway,3,Both,31,85-89 years,1,Number,2023,72368.440460755,73527.43265236079,71220.43152347369
44,Population,90,Norway,3,Both,32,90-94 years,1,Number,2023,35846.890492664286,36420.984198564656,35278.23721787609
44,Population,212,Mauritania,3,Both,235,95+ years,1,Number,2023,1377.7263724454747,1552.1204523345768,1197.8860311365954
44,Population,213,Niger,3,Both,1,<5 years,1,Number,2023,5442833.322532683,6170228.000230533,4753116.644241436
44,Population,213,Niger,3,Both,6,5-9 years,1,Number,2023,4451753.418754997,5046697.550117591,3887626.538763264
44,Population,145,Kuwait,3,Both,235,95+ years,1,Number,2023,258.0471899704662,277.7692282260499,236.1417384563034
44,Population,146,Lebanon,3,Both,1,<5 years,1,Number,2023,422803.38357496925,494810.2071265626,352932.91318670614
44,Population,146,Lebanon,3,Both,6,5-9 years,1,Number,2023,480323.44075022335,562126.3935869592,400947.4800851016
44,Population,146,Lebanon,3,Both,7,10-14 years,1,Number,2023,490107.87184969964,573577.1921543954,409114.9827730276
44,Population,146,Lebanon,3,Both,8,15-19 years,1,Number,2023,423497.2594371766,495622.25563997764,353512.1224337281
44,Population,146,Lebanon,3,Both,9,20-24 years,1,Number,2023,359834.4200851166,421117.1216940184,300369.900239861
44,Population,147,Libya,3,Both,6,5-9 years,1,Number,2023,610338.0613222079,720565.3920903183,497920.6018127423
44,Population,147,Libya,3,Both,7,10-14 years,1,Number,2023,618238.6459305893,729892.8258632477,504365.9869069564
44,Population,147,Libya,3,Both,8,15-19 years,1,Number,2023,608835.9188574547,718791.9620149506,496695.1372260538
44,Population,147,Libya,3,Both,9,20-24 years,1,Number,2023,587662.3981932394,693794.4939129435,479421.5427712343
44,Population,147,Libya,3,Both,10,25-29 years,1,Number,2023,583700.6421871812,689117.2429748531,476189.4980082086
44,Population,147,Libya,3,Both,11,30-34 years,1,Number,2023,587322.8104402411,693393.5764576921,479144.5032925316
44,Population,147,Libya,3,Both,12,35-39 years,1,Number,2023,641268.425748652,757081.79436442,523153.93829537736
44,Population,147,Libya,3,Both,13,40-44 years,1,Number,2023,608818.4073488587,718771.2879199575,496680.8511419126
44,Population,147,Libya,3,Both,14,45-49 years,1,Number,2023,568285.9647084478,670918.6677502522,463614.03209292074
44,Population,147,Libya,3,Both,15,50-54 years,1,Number,2023,462163.0403590786,545629.8951183822,377037.7660745535
44,Population,147,Libya,3,Both,16,55-59 years,1,Number,2023,330944.8556427347,390713.6467122437,269988.5065851548
44,Population,147,Libya,3,Both,17,60-64 years,1,Number,2023,228297.04618896695,269527.59630268335,186247.27808097735
44,Population,147,Libya,3,Both,18,65-69 years,1,Number,2023,148451.93962042988,175262.42726437532,121108.74906923284
44,Population,147,Libya,3,Both,19,70-74 years,1,Number,2023,97934.41648134749,115621.41652798634,79895.98991570865
44,Population,147,Libya,3,Both,20,75-79 years,1,Number,2023,67967.78082648593,80242.79287883177,55448.874120164655
44,Population,186,Seychelles,3,Both,235,95+ years,1,Number,2023,69.02734171013847,74.1016618427419,63.97793230200543
44,Population,187,Somalia,3,Both,1,<5 years,1,Number,2023,4116421.2898040568,5239549.177704609,2921693.197412588
44,Population,187,Somalia,3,Both,6,5-9 years,1,Number,2023,3396311.7973451135,4322964.398489715,2410584.4314753506
44,Population,187,Somalia,3,Both,7,10-14 years,1,Number,2023,2761172.2753391764,3514532.8687780635,1959784.4063542674
44,Population,187,Somalia,3,Both,8,15-19 years,1,Number,2023,2339247.663408251,2977489.98665818,1660316.9365029954
44,Population,187,Somalia,3,Both,9,20-24 years,1,Number,2023,1962505.2626436066,2497956.8686505198,1392918.2345729156
44,Population,187,Somalia,3,Both,10,25-29 years,1,Number,2023,1561512.3161597743,1987556.665391751,1108307.3355733112
44,Population,187,Somalia,3,Both,11,30-34 years,1,Number,2023,1136664.8928561483,1446793.5095568458,806765.3554851762
44,Population,187,Somalia,3,Both,12,35-39 years,1,Number,2023,1027947.7364402283,1308413.8716630451,729601.6849130725
44,Population,187,Somalia,3,Both,13,40-44 years,1,Number,2023,977315.4601766155,1243967.0420541754,693664.6496306721
44,Population,187,Somalia,3,Both,14,45-49 years,1,Number,2023,771253.7479481928,981683.2768970312,547409.1863339039
44,Population,187,Somalia,3,Both,15,50-54 years,1,Number,2023,439116.7712463374,558925.7648139234,311669.8688246443
44,Population,187,Somalia,3,Both,16,55-59 years,1,Number,2023,336964.64654301375,428902.3674722109,239165.83028364516
44,Population,187,Somalia,3,Both,17,60-64 years,1,Number,2023,316727.0315078101,403143.104328022,224801.87236547397
44,Population,187,Somalia,3,Both,18,65-69 years,1,Number,2023,289109.33828167716,367990.17617863655,205199.7906672567
44,Population,187,Somalia,3,Both,19,70-74 years,1,Number,2023,202181.0485084938,257344.29784531577,143501.10265344806
44,Population,187,Somalia,3,Both,20,75-79 years,1,Number,2023,122418.16249731083,155818.83813438,86888.16994850567
44,Population,33,Armenia,3,Both,13,40-44 years,1,Number,2023,213646.4492774863,230371.89141675766,196591.84298991927
44,Population,33,Armenia,3,Both,14,45-49 years,1,Number,2023,178850.5159464439,192851.93729539352,164573.54039122106
44,Population,33,Armenia,3,Both,15,50-54 years,1,Number,2023,166230.1944412508,179243.62625034168,152960.65249993294
44,Population,33,Armenia,3,Both,16,55-59 years,1,Number,2023,178312.01075546368,192271.27489822573,164078.0220790167
44,Population,33,Armenia,3,Both,17,60-64 years,1,Number,2023,232065.76014970487,250233.16923614705,213540.80836341163
44,Population,33,Armenia,3,Both,18,65-69 years,1,Number,2023,198310.94704488767,213835.84007072696,182480.51721184902
44,Population,33,Armenia,3,Both,19,70-74 years,1,Number,2023,145408.03977966716,156791.3965550516,133800.65347450928
44,Population,33,Armenia,3,Both,20,75-79 years,1,Number,2023,69371.03396061632,74801.78751899986,63833.400754163464
44,Population,34,Azerbaijan,3,Both,20,75-79 years,1,Number,2023,94443.46276595174,103815.95426431859,85312.34787768776
44,Population,34,Azerbaijan,3,Both,30,80-84 years,1,Number,2023,80881.18248635731,88907.7644543422,73061.31493859703
44,Population,34,Azerbaijan,3,Both,31,85-89 years,1,Number,2023,42656.875299106454,46890.108488348465,38532.66365202025
44,Population,34,Azerbaijan,3,Both,32,90-94 years,1,Number,2023,11548.221188435007,12694.257152597977,10431.699924406345
44,Population,122,Ecuador,3,Both,235,95+ years,1,Number,2023,8356.133597722459,9004.073726004717,7739.33280902716
44,Population,123,Peru,3,Both,1,<5 years,1,Number,2023,3067508.4687081412,3299476.1222849423,2831078.7176004895
44,Population,34,Azerbaijan,3,Both,235,95+ years,1,Number,2023,3222.879461298559,3542.7153659406717,2911.280524005539
44,Population,213,Niger,3,Both,7,10-14 years,1,Number,2023,3593281.4811264505,4073497.146379524,3137940.297506527
44,Population,213,Niger,3,Both,8,15-19 years,1,Number,2023,2950886.6961128223,3345251.018892242,2576949.8787513627
44,Population,213,Niger,3,Both,9,20-24 years,1,Number,2023,2340837.6820482155,2653673.436953187,2044206.3698606133
44,Population,213,Niger,3,Both,10,25-29 years,1,Number,2023,1828109.9620280443,2072423.4248564169,1596451.585619339
44,Population,213,Niger,3,Both,11,30-34 years,1,Number,2023,1413130.2043776913,1601984.6720136942,1234058.126876909
44,Population,213,Niger,3,Both,12,35-39 years,1,Number,2023,1121355.0006895792,1271215.856419756,979256.7220119941
44,Population,213,Niger,3,Both,13,40-44 years,1,Number,2023,900398.2347061292,1020729.8423308536,786299.6315007239
44,Population,213,Niger,3,Both,14,45-49 years,1,Number,2023,669002.3751033223,758409.6264705085,584226.2909239694
44,Population,213,Niger,3,Both,15,50-54 years,1,Number,2023,519897.3015752306,589377.7555420488,454015.83531563287
44,Population,213,Niger,3,Both,16,55-59 years,1,Number,2023,451360.2483150249,511681.22874805337,394163.8080176962
44,Population,213,Niger,3,Both,17,60-64 years,1,Number,2023,354796.19666884624,402212.1011860672,309836.36789295124
44,Population,213,Niger,3,Both,18,65-69 years,1,Number,2023,258063.78658067918,292552.11531347816,225361.90373395922
44,Population,213,Niger,3,Both,19,70-74 years,1,Number,2023,165383.9629414056,187486.3142888429,144426.48164386878
44,Population,213,Niger,3,Both,20,75-79 years,1,Number,2023,98393.45394082525,111543.016030219,85925.02027839403
44,Population,213,Niger,3,Both,30,80-84 years,1,Number,2023,51625.09275863997,58524.40704644528,45083.15304011887
44,Population,213,Niger,3,Both,31,85-89 years,1,Number,2023,19901.28746858788,22560.948297086237,17379.39325041871
44,Population,213,Niger,3,Both,32,90-94 years,1,Number,2023,6450.830977376782,7312.937134522312,5633.380680761003
44,Population,179,Ethiopia,3,Both,235,95+ years,1,Number,2023,17102.26538631951,19879.263708081693,14253.702680344344
44,Population,180,Kenya,3,Both,1,<5 years,1,Number,2023,5942969.089693732,6486418.420043276,5395885.658051652
44,Population,180,Kenya,3,Both,6,5-9 years,1,Number,2023,6255478.119613637,6827504.550142397,5679626.4897986585
44,Population,180,Kenya,3,Both,7,10-14 years,1,Number,2023,6447006.2704278715,7036546.816162715,5853523.406725909
44,Population,180,Kenya,3,Both,8,15-19 years,1,Number,2023,6139748.268143677,6701191.889081206,5574550.216250787
44,Population,180,Kenya,3,Both,9,20-24 years,1,Number,2023,5242912.457129126,5722345.754005814,4760273.140727596
44,Population,147,Libya,3,Both,30,80-84 years,1,Number,2023,42345.89397310171,49993.58163579241,34546.252884357316
44,Population,147,Libya,3,Both,31,85-89 years,1,Number,2023,22062.84368186089,26047.40326010049,17999.11409747913
44,Population,147,Libya,3,Both,32,90-94 years,1,Number,2023,7682.231888192926,9069.64645241446,6267.250508263327
44,Population,156,United Arab Emirates,3,Both,235,95+ years,1,Number,2023,93.57245923518207,110.51868108610489,76.33374131807345
44,Population,157,Yemen,3,Both,1,<5 years,1,Number,2023,4965326.943281007,5877020.63637163,3991254.1716713156
44,Population,35,Georgia,3,Both,1,<5 years,1,Number,2023,224580.40145831738,254299.66150746914,197094.22264448227
44,Population,35,Georgia,3,Both,6,5-9 years,1,Number,2023,256432.72570974412,290367.0797806855,225048.17163998325
44,Population,35,Georgia,3,Both,7,10-14 years,1,Number,2023,239101.19746881886,270742.0290796675,209837.83243093133
44,Population,35,Georgia,3,Both,8,15-19 years,1,Number,2023,204762.201174295,231858.87152228644,179701.5527862577
44,Population,35,Georgia,3,Both,9,20-24 years,1,Number,2023,188561.22033173713,213513.97625271356,165483.39436946125
44,Population,35,Georgia,3,Both,10,25-29 years,1,Number,2023,209897.57335570257,237673.81975003376,184208.41171745645
44,Population,35,Georgia,3,Both,11,30-34 years,1,Number,2023,252194.56806519371,285568.07662891445,221328.71802349095
44,Population,35,Georgia,3,Both,12,35-39 years,1,Number,2023,257734.9696132154,291841.6527251745,226191.03516761758
44,Population,35,Georgia,3,Both,13,40-44 years,1,Number,2023,241608.20501363438,273580.7949109843,212038.00973937285
44,Population,35,Georgia,3,Both,14,45-49 years,1,Number,2023,227155.17682308302,257215.163035946,199353.8737347259
44,Population,35,Georgia,3,Both,15,50-54 years,1,Number,2023,220528.10677342684,249711.11700401016,193537.88439920972
44,Population,35,Georgia,3,Both,16,55-59 years,1,Number,2023,219712.24804378964,248787.2937432206,192821.87783291368
44,Population,36,Kazakhstan,3,Both,13,40-44 years,1,Number,2023,1303021.7983484862,1413597.4009352387,1203893.648340313
44,Population,36,Kazakhstan,3,Both,14,45-49 years,1,Number,2023,1184403.5719050819,1284913.1250340466,1094299.3732686264
44,Population,36,Kazakhstan,3,Both,15,50-54 years,1,Number,2023,1080089.326053255,1171746.6783916669,997920.8950485424
44,Population,36,Kazakhstan,3,Both,16,55-59 years,1,Number,2023,991514.7647611778,1075655.6001072088,916084.6956240855
44,Population,36,Kazakhstan,3,Both,17,60-64 years,1,Number,2023,979988.1258019888,1063150.8001914434,905434.9525059981
44,Population,36,Kazakhstan,3,Both,18,65-69 years,1,Number,2023,703818.5438425526,763545.2189417415,650275.1339924746
44,Population,36,Kazakhstan,3,Both,19,70-74 years,1,Number,2023,512095.01261013054,555551.8562890354,473137.08320880047
44,Population,36,Kazakhstan,3,Both,20,75-79 years,1,Number,2023,225114.5129345154,244217.93311544167,207988.7939055069
44,Population,36,Kazakhstan,3,Both,30,80-84 years,1,Number,2023,199218.5890933603,216124.45786961654,184062.9177077449
44,Population,36,Kazakhstan,3,Both,31,85-89 years,1,Number,2023,78625.0871346359,85297.2827950366,72643.63736781979
44,Population,180,Kenya,3,Both,10,25-29 years,1,Number,2023,4319607.695450217,4714610.239470875,3921963.7289903094
44,Population,180,Kenya,3,Both,11,30-34 years,1,Number,2023,3728935.8413102846,4069924.942093396,3385666.511510976
44,Population,180,Kenya,3,Both,12,35-39 years,1,Number,2023,3260486.9892103183,3558639.2165157893,2960340.9874458266
44,Population,180,Kenya,3,Both,13,40-44 years,1,Number,2023,2703951.536411004,2951211.8922335696,2455037.725282661
44,Population,180,Kenya,3,Both,14,45-49 years,1,Number,2023,2142597.210545424,2338525.037479439,1945359.194180047
44,Population,180,Kenya,3,Both,15,50-54 years,1,Number,2023,1662408.5550833363,1814425.9730426734,1509374.5810915562
44,Population,180,Kenya,3,Both,16,55-59 years,1,Number,2023,1237547.0637337014,1350713.4142416397,1123623.9582576633
44,Population,180,Kenya,3,Both,17,60-64 years,1,Number,2023,1000856.9096514605,1092379.3471935058,908722.452202511
44,Population,181,Madagascar,3,Both,15,50-54 years,1,Number,2023,927971.5868710275,1016621.2719615091,838393.4743488473
44,Population,181,Madagascar,3,Both,16,55-59 years,1,Number,2023,697566.7767774323,764205.7514678248,630229.8926465306
44,Population,181,Madagascar,3,Both,17,60-64 years,1,Number,2023,526858.9728142747,577190.1280865659,476000.69976174366
44,Population,181,Madagascar,3,Both,18,65-69 years,1,Number,2023,398918.2911104,437027.19593475113,360410.27203544776
44,Population,181,Madagascar,3,Both,19,70-74 years,1,Number,2023,225366.75603704536,246896.17809608972,203611.85651569723
44,Population,181,Madagascar,3,Both,20,75-79 years,1,Number,2023,116896.39736091252,128063.58066789123,105612.26023389006
44,Population,181,Madagascar,3,Both,30,80-84 years,1,Number,2023,61347.219572945185,67207.756439872,55425.3053510263
44,Population,181,Madagascar,3,Both,31,85-89 years,1,Number,2023,32206.277048476877,35282.962109396845,29097.36988991111
44,Population,181,Madagascar,3,Both,32,90-94 years,1,Number,2023,9524.77257189439,10434.679837378637,8605.33585501147
44,Population,157,Yemen,3,Both,6,5-9 years,1,Number,2023,4736757.536915779,5606483.140372621,3807524.357483323
44,Population,157,Yemen,3,Both,7,10-14 years,1,Number,2023,4534067.041927186,5366576.234855296,3644596.6604912737
44,Population,157,Yemen,3,Both,8,15-19 years,1,Number,2023,3919672.0505104703,4639370.940081001,3150730.5766346585
44,Population,157,Yemen,3,Both,9,20-24 years,1,Number,2023,3145805.9342655106,3723413.7056606775,2528677.6081071086
44,Population,157,Yemen,3,Both,10,25-29 years,1,Number,2023,2651776.0753417765,3138674.0280836727,2131564.032730618
44,Population,157,Yemen,3,Both,11,30-34 years,1,Number,2023,2515346.405234341,2977194.2311249343,2021898.446521257
44,Population,157,Yemen,3,Both,12,35-39 years,1,Number,2023,2316042.2874109345,2741295.482313035,1861692.8043187105
44,Population,157,Yemen,3,Both,13,40-44 years,1,Number,2023,1907530.1663116023,2257775.626856691,1533320.5287080703
44,Population,36,Kazakhstan,3,Both,32,90-94 years,1,Number,2023,18610.793816458543,20190.122530284356,17194.96672626915
44,Population,95,United Kingdom,3,Both,235,95+ years,1,Number,2023,142039.7971439889,151572.02285695396,131923.05194723236
44,Population,97,Argentina,3,Both,11,30-34 years,1,Number,2023,3629490.0349930623,3908832.2540561855,3365236.689087894
44,Population,97,Argentina,3,Both,12,35-39 years,1,Number,2023,3515056.0523135876,3785590.9066092866,3259134.3349613985
44,Population,97,Argentina,3,Both,13,40-44 years,1,Number,2023,3365819.2938045403,3624868.2018968402,3120763.1009166264
44,Population,97,Argentina,3,Both,14,45-49 years,1,Number,2023,3071142.2294234014,3307511.437536475,2847540.6760229818
44,Population,97,Argentina,3,Both,15,50-54 years,1,Number,2023,2616780.042065363,2818179.449889341,2426259.3697541733
44,Population,97,Argentina,3,Both,16,55-59 years,1,Number,2023,2281023.3968650615,2456581.4315398717,2114948.2571352124
44,Population,97,Argentina,3,Both,17,60-64 years,1,Number,2023,2058365.922720153,2216787.2157814135,1908501.871040226
44,Population,97,Argentina,3,Both,18,65-69 years,1,Number,2023,1789404.7997384635,1927125.60975361,1659123.079455255
44,Population,97,Argentina,3,Both,19,70-74 years,1,Number,2023,1467878.3968255257,1580853.058480671,1361006.1436981517
44,Population,97,Argentina,3,Both,20,75-79 years,1,Number,2023,1091345.723194965,1175340.7013167092,1011887.7949149341
44,Population,97,Argentina,3,Both,30,80-84 years,1,Number,2023,711860.7758426768,766648.849889082,660032.1194690724
44,Population,97,Argentina,3,Both,31,85-89 years,1,Number,2023,400339.2662532173,431151.21447047975,371191.64783171227
44,Population,97,Argentina,3,Both,32,90-94 years,1,Number,2023,204381.29011738917,220111.41268720763,189500.84156036805
44,Population,93,Sweden,3,Both,235,95+ years,1,Number,2023,24500.560913765436,26317.313876604276,22740.830489256557
44,Population,216,Senegal,3,Both,235,95+ years,1,Number,2023,10351.865634379865,11064.434424887686,9606.150497050407
44,Population,217,Sierra Leone,3,Both,1,<5 years,1,Number,2023,1096701.9211949678,1183527.1153737216,1012223.5131743479
44,Population,183,Mauritius,3,Both,235,95+ years,1,Number,2023,1264.841065832116,1359.2980961070298,1173.0571456815787
44,Population,184,Mozambique,3,Both,1,<5 years,1,Number,2023,5596219.382083313,6180776.433150999,4998082.997917556
44,Population,185,Rwanda,3,Both,1,<5 years,1,Number,2023,1770029.3762539164,1902232.2667138188,1633387.560449016
44,Population,36,Kazakhstan,3,Both,235,95+ years,1,Number,2023,5603.093374398537,6078.576921188948,5176.834749077646
44,Population,37,Kyrgyzstan,3,Both,1,<5 years,1,Number,2023,792060.6418350604,850247.2313950523,733692.9784039477
44,Population,37,Kyrgyzstan,3,Both,6,5-9 years,1,Number,2023,822507.8281278178,882931.1377550621,761896.4840640672
44,Population,37,Kyrgyzstan,3,Both,7,10-14 years,1,Number,2023,754119.1106261782,809518.428369944,698547.3928672685
44,Population,37,Kyrgyzstan,3,Both,8,15-19 years,1,Number,2023,600194.7479122328,644286.429291478,555965.8553389318
44,Population,38,Mongolia,3,Both,6,5-9 years,1,Number,2023,404003.2757386325,438321.15752488916,368306.2780699702
44,Population,160,Afghanistan,3,Both,235,95+ years,1,Number,2023,1362.2927607583024,1817.5009693864033,896.0771967466162
44,Population,161,Bangladesh,3,Both,235,95+ years,1,Number,2023,20828.43936637816,22302.17952575585,19294.76322015313
44,Population,217,Sierra Leone,3,Both,6,5-9 years,1,Number,2023,973911.0814985968,1051015.0029286048,898891.1912908772
44,Population,217,Sierra Leone,3,Both,7,10-14 years,1,Number,2023,869435.9205590825,938268.6098884428,802463.7004641785
44,Population,217,Sierra Leone,3,Both,8,15-19 years,1,Number,2023,862661.5678517286,930957.9359821525,796211.1728042942
44,Population,217,Sierra Leone,3,Both,9,20-24 years,1,Number,2023,834398.85894283,900457.6863690678,770125.5264215305
44,Population,217,Sierra Leone,3,Both,10,25-29 years,1,Number,2023,735034.6040030811,793226.8265088403,678415.2510264867
44,Population,217,Sierra Leone,3,Both,11,30-34 years,1,Number,2023,612674.7237824589,661179.7923273051,565480.6920229268
44,Population,217,Sierra Leone,3,Both,12,35-39 years,1,Number,2023,507447.02913054265,547621.2879589434,468358.6347844909
44,Population,217,Sierra Leone,3,Both,13,40-44 years,1,Number,2023,415382.1021059922,448267.6391664493,383385.42367586977
44,Population,217,Sierra Leone,3,Both,14,45-49 years,1,Number,2023,324043.1140798666,349697.4015015722,299082.232842708
44,Population,217,Sierra Leone,3,Both,15,50-54 years,1,Number,2023,240512.38708513428,259553.59993202044,221985.8365452641
44,Population,217,Sierra Leone,3,Both,16,55-59 years,1,Number,2023,173896.22539356322,187663.4790519657,160501.08492910923
44,Population,217,Sierra Leone,3,Both,17,60-64 years,1,Number,2023,123209.64452197975,132964.07378263053,113718.86637994625
44,Population,217,Sierra Leone,3,Both,18,65-69 years,1,Number,2023,87994.41339220753,94960.8751825719,81216.24713351953
44,Population,217,Sierra Leone,3,Both,19,70-74 years,1,Number,2023,63065.50085014183,68058.3564761515,58207.596427910124
44,Population,218,Togo,3,Both,16,55-59 years,1,Number,2023,233067.28971587837,250782.1961862477,216255.7135894656
44,Population,218,Togo,3,Both,17,60-64 years,1,Number,2023,174400.3066782468,187656.07124724792,161820.48891074592
44,Population,218,Togo,3,Both,18,65-69 years,1,Number,2023,121486.15675594257,130720.03898368758,112723.13481881183
44,Population,218,Togo,3,Both,19,70-74 years,1,Number,2023,87184.67609095601,93811.3819855649,80895.88360983809
44,Population,218,Togo,3,Both,20,75-79 years,1,Number,2023,48941.026239229155,52660.92062444614,45410.81919332163
44,Population,218,Togo,3,Both,30,80-84 years,1,Number,2023,28273.80554262793,30422.832209388624,26234.3634791675
44,Population,218,Togo,3,Both,31,85-89 years,1,Number,2023,11410.431207142417,12277.71173315499,10587.37562903912
44,Population,218,Togo,3,Both,32,90-94 years,1,Number,2023,4857.963762785332,5227.206369927223,4507.5498213138335
44,Population,94,Switzerland,3,Both,1,<5 years,1,Number,2023,434327.0657144637,468307.81382737367,401010.53539855557
44,Population,94,Switzerland,3,Both,6,5-9 years,1,Number,2023,459296.997144418,495231.3351145987,424065.0635687482
44,Population,94,Switzerland,3,Both,7,10-14 years,1,Number,2023,453096.4132906916,488545.63187799475,418340.1165248052
44,Population,94,Switzerland,3,Both,8,15-19 years,1,Number,2023,444780.587204063,479579.1947336931,410662.18407591525
44,Population,94,Switzerland,3,Both,9,20-24 years,1,Number,2023,475897.4740292379,513130.595032084,439392.1445843012
44,Population,94,Switzerland,3,Both,10,25-29 years,1,Number,2023,564888.5364980955,609084.1130252824,521556.84585065953
44,Population,94,Switzerland,3,Both,11,30-34 years,1,Number,2023,644401.5685707035,694818.0613792841,594970.5611809432
44,Population,94,Switzerland,3,Both,12,35-39 years,1,Number,2023,655408.4991886497,706686.1488680539,605133.1678629295
44,Population,94,Switzerland,3,Both,13,40-44 years,1,Number,2023,641353.8602180643,691531.9073528015,592156.6376318316
44,Population,94,Switzerland,3,Both,14,45-49 years,1,Number,2023,605256.630066191,652610.5131499341,558828.3679192457
44,Population,94,Switzerland,3,Both,15,50-54 years,1,Number,2023,628772.3244170321,677966.0212022807,580540.2111965863
44,Population,94,Switzerland,3,Both,16,55-59 years,1,Number,2023,663180.7582874015,715066.4915967507,612309.2294729047
44,Population,94,Switzerland,3,Both,17,60-64 years,1,Number,2023,585074.695557592,630849.5906226175,540194.5571311505
44,Population,94,Switzerland,3,Both,18,65-69 years,1,Number,2023,469546.66907684255,506282.9177444437,433528.49966044055
44,Population,94,Switzerland,3,Both,19,70-74 years,1,Number,2023,399631.8637950518,430898.1393129586,368976.7465887853
44,Population,94,Switzerland,3,Both,20,75-79 years,1,Number,2023,358822.88096756657,386896.3557699026,331298.1551664425
44,Population,95,United Kingdom,3,Both,19,70-74 years,1,Number,2023,3178893.0311143436,3387545.253708497,2958897.7276558867
44,Population,95,United Kingdom,3,Both,20,75-79 years,1,Number,2023,2827735.337763991,3015303.9933538428,2629465.368181737
44,Population,95,United Kingdom,3,Both,30,80-84 years,1,Number,2023,1774447.9899864749,1892033.3333377945,1650177.1287746383
44,Population,95,United Kingdom,3,Both,31,85-89 years,1,Number,2023,1084985.4354282597,1156903.2696765354,1009167.1201787882
44,Population,95,United Kingdom,3,Both,32,90-94 years,1,Number,2023,510130.99998611654,544447.7398376046,473979.63771821704
44,Population,38,Mongolia,3,Both,235,95+ years,1,Number,2023,671.4669392143942,728.5044050646634,612.1373367009066
44,Population,39,Tajikistan,3,Both,1,<5 years,1,Number,2023,1349135.7638343798,1476129.7179000159,1237471.9983903267
44,Population,40,Turkmenistan,3,Both,1,<5 years,1,Number,2023,596989.0550738928,678108.9146009735,515332.0696115922
44,Population,40,Turkmenistan,3,Both,6,5-9 years,1,Number,2023,583201.1347712061,662447.4688984181,503430.0800443902
44,Population,40,Turkmenistan,3,Both,7,10-14 years,1,Number,2023,535491.8290154075,608255.3438209725,462246.51886197506
44,Population,40,Turkmenistan,3,Both,8,15-19 years,1,Number,2023,473365.26650043204,537686.9213065847,408617.71316346264
44,Population,40,Turkmenistan,3,Both,9,20-24 years,1,Number,2023,445600.5018012753,506149.4344895673,384650.6512331157
44,Population,40,Turkmenistan,3,Both,10,25-29 years,1,Number,2023,451605.66333307937,512970.5872958463,389834.4184969116
44,Population,40,Turkmenistan,3,Both,11,30-34 years,1,Number,2023,453374.4361358006,514979.7038704887,391361.2561187273
44,Population,40,Turkmenistan,3,Both,12,35-39 years,1,Number,2023,404338.4818757341,459280.66309728567,349032.5072422648
44,Population,40,Turkmenistan,3,Both,13,40-44 years,1,Number,2023,337349.80864049477,383189.4582217041,291206.63702664146
44,Population,40,Turkmenistan,3,Both,14,45-49 years,1,Number,2023,300584.15318214335,341428.02473215683,259469.8385762346
44,Population,40,Turkmenistan,3,Both,15,50-54 years,1,Number,2023,263826.6063397265,299675.8016706795,227740.039634103
44,Population,40,Turkmenistan,3,Both,16,55-59 years,1,Number,2023,238572.89274690408,270990.571734675,205940.56378013323
44,Population,40,Turkmenistan,3,Both,17,60-64 years,1,Number,2023,209185.03155796338,237609.43939413308,180572.41473411684
44,Population,40,Turkmenistan,3,Both,18,65-69 years,1,Number,2023,141526.99362916066,160757.91544407824,122168.73644994144
44,Population,40,Turkmenistan,3,Both,19,70-74 years,1,Number,2023,80472.25949358511,91406.96312083739,69465.15296836948
44,Population,40,Turkmenistan,3,Both,20,75-79 years,1,Number,2023,41129.80644601909,46718.59252663511,35504.014853216584
44,Population,38,Mongolia,3,Both,7,10-14 years,1,Number,2023,349805.17284844216,379519.22045878926,318897.0213815337
44,Population,38,Mongolia,3,Both,8,15-19 years,1,Number,2023,246223.70109764097,267139.0658352033,224467.8208563675
44,Population,38,Mongolia,3,Both,9,20-24 years,1,Number,2023,225781.2038335542,244960.08957043962,205831.58562281396
44,Population,38,Mongolia,3,Both,10,25-29 years,1,Number,2023,242269.53561884156,262849.01549701346,220863.03827705112
44,Population,38,Mongolia,3,Both,11,30-34 years,1,Number,2023,285847.30132927164,310128.47548065335,260590.35154219676
44,Population,38,Mongolia,3,Both,12,35-39 years,1,Number,2023,277342.01295543293,300900.7091010664,252836.57504334755
44,Population,38,Mongolia,3,Both,13,40-44 years,1,Number,2023,230541.06321950874,250124.27313279532,210170.87245501153
44,Population,38,Mongolia,3,Both,14,45-49 years,1,Number,2023,209193.6499589485,226963.51317751114,190709.67796334857
44,Population,38,Mongolia,3,Both,15,50-54 years,1,Number,2023,176995.9956834678,192030.84322375277,161356.95009968188
44,Population,38,Mongolia,3,Both,16,55-59 years,1,Number,2023,150711.7093467897,163513.84966535945,137395.095694694
44,Population,38,Mongolia,3,Both,17,60-64 years,1,Number,2023,117426.9635700503,127401.74569761685,107051.32976575902
44,Population,38,Mongolia,3,Both,18,65-69 years,1,Number,2023,72722.7556212447,78900.15833170014,66297.1046580834
44,Population,38,Mongolia,3,Both,19,70-74 years,1,Number,2023,40465.033713417855,43902.318326803914,36889.61662926353
44,Population,38,Mongolia,3,Both,20,75-79 years,1,Number,2023,24149.091672817107,26200.42571647809,22015.321674123927
44,Population,38,Mongolia,3,Both,30,80-84 years,1,Number,2023,15873.087319061458,17221.41978790731,14470.570074647872
44,Population,38,Mongolia,3,Both,31,85-89 years,1,Number,2023,7396.239879984334,8024.510245862034,6742.721521080047
44,Population,38,Mongolia,3,Both,32,90-94 years,1,Number,2023,2559.3217475485512,2776.722215465026,2333.18471366296
44,Population,185,Rwanda,3,Both,6,5-9 years,1,Number,2023,1762374.5676269152,1894005.7230410702,1626323.6837943676
44,Population,185,Rwanda,3,Both,7,10-14 years,1,Number,2023,1698799.6947830054,1825682.4646260836,1567656.6312281883
44,Population,185,Rwanda,3,Both,8,15-19 years,1,Number,2023,1544523.245858621,1659883.160346124,1425289.9361190626
44,Population,185,Rwanda,3,Both,9,20-24 years,1,Number,2023,1235494.2885805005,1327772.93564043,1140117.2370620032
44,Population,185,Rwanda,3,Both,10,25-29 years,1,Number,2023,1080955.6910507919,1161691.902965218,997508.6305605186
44,Population,185,Rwanda,3,Both,11,30-34 years,1,Number,2023,1031371.9669221935,1108404.7873915352,951752.645219872
44,Population,185,Rwanda,3,Both,12,35-39 years,1,Number,2023,890918.4432503517,957460.8379370469,822141.7803017137
44,Population,185,Rwanda,3,Both,13,40-44 years,1,Number,2023,741870.7919985157,797280.8684445642,684600.2328364769
44,Population,185,Rwanda,3,Both,14,45-49 years,1,Number,2023,562634.6803699882,604657.6727653559,519200.6982045214
44,Population,185,Rwanda,3,Both,15,50-54 years,1,Number,2023,423461.13787736004,455089.30584783066,390771.0031379967
44,Population,185,Rwanda,3,Both,16,55-59 years,1,Number,2023,334585.2441659611,359575.30194544676,308756.1048772556
44,Population,185,Rwanda,3,Both,17,60-64 years,1,Number,2023,302554.06276285223,325151.7225272842,279197.6501124809
44,Population,185,Rwanda,3,Both,18,65-69 years,1,Number,2023,245002.7529007389,263301.92495892313,226089.1566165867
44,Population,185,Rwanda,3,Both,19,70-74 years,1,Number,2023,154717.83391530986,166273.6561653271,142774.0062889393
44,Population,185,Rwanda,3,Both,20,75-79 years,1,Number,2023,81174.09255846606,87236.95784796814,74907.65678496582
44,Population,185,Rwanda,3,Both,30,80-84 years,1,Number,2023,43572.01469034334,46826.39360772373,40208.36475015601
44,Population,185,Rwanda,3,Both,31,85-89 years,1,Number,2023,20860.957695452613,22419.055511285107,19250.544231598924
44,Population,185,Rwanda,3,Both,32,90-94 years,1,Number,2023,7808.80947442512,8392.046790946119,7205.989023999504
44,Population,99,Uruguay,3,Both,235,95+ years,1,Number,2023,6652.208655618934,7579.312497224235,5684.879433834927
44,Population,101,Canada,3,Both,1,<5 years,1,Number,2023,1855325.9278502627,2008218.0322200619,1703507.6326504098
44,Population,101,Canada,3,Both,6,5-9 years,1,Number,2023,2103093.199204632,2276403.0959109105,1931000.5122234258
44,Population,101,Canada,3,Both,7,10-14 years,1,Number,2023,2218414.524158637,2401227.721490569,2036885.2812106896
44,Population,101,Canada,3,Both,8,15-19 years,1,Number,2023,2159117.2751312675,2337043.9557326115,1982440.2293753289
44,Population,101,Canada,3,Both,9,20-24 years,1,Number,2023,2221455.861456282,2404519.6866981443,2039677.7508367707
44,Population,101,Canada,3,Both,10,25-29 years,1,Number,2023,2469591.1997741843,2673103.1486984952,2267508.5790538993
44,Population,101,Canada,3,Both,11,30-34 years,1,Number,2023,2670572.415504839,2890646.6517074094,2452043.829640965
44,Population,101,Canada,3,Both,12,35-39 years,1,Number,2023,2625801.4132314734,2842186.199160339,2410936.3654756485
44,Population,162,Bhutan,3,Both,1,<5 years,1,Number,2023,50915.50747097205,56009.307476936374,45510.988730704375
44,Population,162,Bhutan,3,Both,6,5-9 years,1,Number,2023,55089.323316936396,60600.689291249146,49241.7673355924
44,Population,162,Bhutan,3,Both,7,10-14 years,1,Number,2023,63976.62860728978,70377.11771892603,57185.713512426606
44,Population,162,Bhutan,3,Both,8,15-19 years,1,Number,2023,66044.1065282729,72651.43476553781,59033.73524561836
44,Population,162,Bhutan,3,Both,9,20-24 years,1,Number,2023,66675.6592921883,73346.17070551077,59598.250697767886
44,Population,162,Bhutan,3,Both,10,25-29 years,1,Number,2023,67471.27733907968,74221.3857045549,60309.41642633619
44,Population,162,Bhutan,3,Both,11,30-34 years,1,Number,2023,71226.25191505278,78352.02361901861,63665.81242629009
44,Population,162,Bhutan,3,Both,12,35-39 years,1,Number,2023,64604.89787303181,71068.2416658555,57747.29399926228
44,Population,162,Bhutan,3,Both,13,40-44 years,1,Number,2023,54075.1073681808,59485.00694330729,48335.207175298754
44,Population,162,Bhutan,3,Both,14,45-49 years,1,Number,2023,44676.45400550305,49146.073046606405,39934.190893245825
44,Population,162,Bhutan,3,Both,15,50-54 years,1,Number,2023,34604.76144153392,38066.76629610156,30931.576374687884
44,Population,162,Bhutan,3,Both,16,55-59 years,1,Number,2023,29143.488015576033,32059.124268680214,26049.999706012495
44,Population,162,Bhutan,3,Both,17,60-64 years,1,Number,2023,23748.49920785142,26124.398249524827,21227.671754737265
44,Population,162,Bhutan,3,Both,18,65-69 years,1,Number,2023,18944.875984680257,20840.20049772327,16933.937817175494
44,Population,162,Bhutan,3,Both,19,70-74 years,1,Number,2023,14035.738378715461,15439.93226361341,12545.88951205123
44,Population,162,Bhutan,3,Both,20,75-79 years,1,Number,2023,9761.05173768184,10737.58811862568,8724.947225297283
44,Population,162,Bhutan,3,Both,30,80-84 years,1,Number,2023,6393.913355866467,7033.587150904579,5715.21984436353
44,Population,162,Bhutan,3,Both,31,85-89 years,1,Number,2023,3413.413504426629,3754.9056468573003,3051.0905468586625
44,Population,162,Bhutan,3,Both,32,90-94 years,1,Number,2023,1263.107259211057,1389.4737845407128,1129.0324518988407
44,Population,40,Turkmenistan,3,Both,30,80-84 years,1,Number,2023,28525.765056345586,32401.893160548174,24623.97161020159
44,Population,40,Turkmenistan,3,Both,31,85-89 years,1,Number,2023,15671.298309644624,17800.740226009406,13527.756535520082
44,Population,40,Turkmenistan,3,Both,32,90-94 years,1,Number,2023,6029.988440174702,6849.353235993862,5205.198313434035
44,Population,101,Canada,3,Both,13,40-44 years,1,Number,2023,2557002.5076080654,2767717.7724564546,2347767.162109172
44,Population,101,Canada,3,Both,14,45-49 years,1,Number,2023,2386818.36839609,2583509.244977221,2191508.9134899904
44,Population,101,Canada,3,Both,15,50-54 years,1,Number,2023,2390096.3943511564,2587057.403677659,2194518.703926624
44,Population,101,Canada,3,Both,16,55-59 years,1,Number,2023,2530944.696288282,2739512.6114186784,2323841.618997268
44,Population,101,Canada,3,Both,17,60-64 years,1,Number,2023,2653791.3160277563,2872482.6698083356,2436635.900169188
44,Population,101,Canada,3,Both,18,65-69 years,1,Number,2023,2370428.9601898207,2565769.2325065383,2176460.6238310663
44,Population,101,Canada,3,Both,19,70-74 years,1,Number,2023,1922756.734015184,2081205.6183011958,1765420.6859061313
44,Population,101,Canada,3,Both,20,75-79 years,1,Number,2023,1459898.0785350895,1580204.1045772538,1340436.9994213257
44,Population,101,Canada,3,Both,30,80-84 years,1,Number,2023,920631.5094281235,996498.1195545198,845297.7342835091
44,Population,101,Canada,3,Both,31,85-89 years,1,Number,2023,542733.7510811909,587458.8875489733,498322.7332650169
44,Population,101,Canada,3,Both,32,90-94 years,1,Number,2023,257263.53238056772,278463.8844334538,236212.0770449734
44,Population,150,Oman,3,Both,235,95+ years,1,Number,2023,210.03548157146568,228.57912319519318,192.27938286881434
44,Population,151,Qatar,3,Both,1,<5 years,1,Number,2023,151523.300883721,164873.20205654224,138456.42839443882
44,Population,151,Qatar,3,Both,6,5-9 years,1,Number,2023,174924.9020015377,190336.59208990255,159839.9521864044
44,Population,151,Qatar,3,Both,7,10-14 years,1,Number,2023,164785.25955499965,179303.60041060913,150574.71924759942
44,Population,151,Qatar,3,Both,8,15-19 years,1,Number,2023,118179.79179992077,128591.9761435304,107988.35417116605
44,Population,151,Qatar,3,Both,9,20-24 years,1,Number,2023,187560.4863823049,204085.42969152934,171385.8852134319
44,Population,151,Qatar,3,Both,10,25-29 years,1,Number,2023,328117.8272848765,357026.52015090233,299822.0220484133
44,Population,151,Qatar,3,Both,11,30-34 years,1,Number,2023,497489.2786742534,541320.3770340761,454587.4349887729
44,Population,151,Qatar,3,Both,12,35-39 years,1,Number,2023,524829.6024419585,571069.5093361987,479570.01890785596
44,Population,151,Qatar,3,Both,13,40-44 years,1,Number,2023,380533.349994715,414060.09199257114,347717.40199661715
44,Population,151,Qatar,3,Both,14,45-49 years,1,Number,2023,247718.29232615867,269543.4156040105,226355.87928334458
44,Population,151,Qatar,3,Both,15,50-54 years,1,Number,2023,156056.4956639629,169805.7921902408,142598.6953251881
44,Population,151,Qatar,3,Both,16,55-59 years,1,Number,2023,82629.76016920127,89909.82287743961,75504.04066828112
44,Population,151,Qatar,3,Both,17,60-64 years,1,Number,2023,45632.864305595955,49653.32997100514,41697.63575840689
44,Population,151,Qatar,3,Both,18,65-69 years,1,Number,2023,23109.05421730913,25145.06840258081,21116.205176637737
44,Population,151,Qatar,3,Both,19,70-74 years,1,Number,2023,10343.164953964812,11254.445457651707,9451.20433272157
44,Population,151,Qatar,3,Both,20,75-79 years,1,Number,2023,5201.169587822966,5659.416600497301,4752.637781804761
44,Population,151,Qatar,3,Both,30,80-84 years,1,Number,2023,2555.9166492198447,2781.1046861359487,2335.502780502593
44,Population,151,Qatar,3,Both,31,85-89 years,1,Number,2023,1218.6638596473076,1326.0337624562842,1113.5702854680596
44,Population,151,Qatar,3,Both,32,90-94 years,1,Number,2023,330.6886869357678,359.82388438602874,302.17117919513447
44,Population,41,Uzbekistan,3,Both,235,95+ years,1,Number,2023,10752.603074565852,13843.287825263797,7551.349944948247
44,Population,105,Antigua and Barbuda,3,Both,1,<5 years,1,Number,2023,5184.211347679847,5907.9976899873245,4420.187175868843
44,Population,105,Antigua and Barbuda,3,Both,6,5-9 years,1,Number,2023,5382.64642773086,6134.137003362061,4589.377846784785
44,Population,105,Antigua and Barbuda,3,Both,7,10-14 years,1,Number,2023,5903.707016431348,6727.944729924682,5033.647028259291
44,Population,105,Antigua and Barbuda,3,Both,8,15-19 years,1,Number,2023,6293.8921151528575,7172.604969894612,5366.328520952642
44,Population,105,Antigua and Barbuda,3,Both,9,20-24 years,1,Number,2023,6897.061179905937,7859.984631379254,5880.605425596114
44,Population,105,Antigua and Barbuda,3,Both,10,25-29 years,1,Number,2023,7289.955760093511,8307.732633241789,6215.597089389051
44,Population,97,Argentina,3,Both,235,95+ years,1,Number,2023,64266.10121153753,69212.31545923707,59587.06032433435
44,Population,98,Chile,3,Both,1,<5 years,1,Number,2023,967571.9015276069,1068249.9258850578,866537.4545709522
44,Population,98,Chile,3,Both,6,5-9 years,1,Number,2023,1256084.2098539593,1386782.5863519032,1124923.1320330563
44,Population,98,Chile,3,Both,7,10-14 years,1,Number,2023,1326870.1725286443,1464933.9870504455,1188317.5813950459
44,Population,99,Uruguay,3,Both,6,5-9 years,1,Number,2023,231347.8295717868,263590.2730438333,197706.44405209678
44,Population,99,Uruguay,3,Both,7,10-14 years,1,Number,2023,233433.84534103263,265967.01229056413,199489.12237130795
44,Population,99,Uruguay,3,Both,8,15-19 years,1,Number,2023,238338.975986556,271555.76031799254,203680.9746974456
44,Population,99,Uruguay,3,Both,9,20-24 years,1,Number,2023,242041.2583136127,275774.0216748445,206844.89058597648
44,Population,99,Uruguay,3,Both,10,25-29 years,1,Number,2023,245352.46012646696,279546.6984774278,209674.59483334277
44,Population,99,Uruguay,3,Both,11,30-34 years,1,Number,2023,231228.10728662505,263453.86532436765,197604.13115243852
44,Population,99,Uruguay,3,Both,12,35-39 years,1,Number,2023,229142.86158889643,261078.00347234536,195822.11092499166
44,Population,99,Uruguay,3,Both,13,40-44 years,1,Number,2023,226412.98469478122,257967.6695771549,193489.19838185483
44,Population,99,Uruguay,3,Both,14,45-49 years,1,Number,2023,223760.46369129844,254945.47249470686,191222.39304228127
44,Population,99,Uruguay,3,Both,15,50-54 years,1,Number,2023,206491.51932931558,235269.7929433611,176464.60781187468
44,Population,99,Uruguay,3,Both,16,55-59 years,1,Number,2023,189493.346848886,215902.62216135772,161938.22023905703
44,Population,99,Uruguay,3,Both,17,60-64 years,1,Number,2023,184504.8801767516,210218.9237466728,157675.1501733227
44,Population,99,Uruguay,3,Both,18,65-69 years,1,Number,2023,162537.773285381,185190.30897990783,138902.38451719386
44,Population,99,Uruguay,3,Both,19,70-74 years,1,Number,2023,129731.48985610048,147811.88523293182,110866.6184096252
44,Population,99,Uruguay,3,Both,20,75-79 years,1,Number,2023,102790.15518513379,117115.79538748189,87842.95103538039
44,Population,43,Albania,3,Both,235,95+ years,1,Number,2023,1981.7515353133113,2132.980959573054,1841.8145977562692
44,Population,44,Bosnia and Herzegovina,3,Both,1,<5 years,1,Number,2023,141026.70383524217,157926.1917462063,123914.75729924838
44,Population,44,Bosnia and Herzegovina,3,Both,6,5-9 years,1,Number,2023,156316.639603402,175048.34848845418,137349.43759955585
44,Population,44,Bosnia and Herzegovina,3,Both,7,10-14 years,1,Number,2023,162424.44723787426,181888.06588522118,142716.13397743003
44,Population,44,Bosnia and Herzegovina,3,Both,8,15-19 years,1,Number,2023,164423.4432783016,184126.60527808152,144472.57515101865
44,Population,44,Bosnia and Herzegovina,3,Both,9,20-24 years,1,Number,2023,170207.2774144512,190603.52683955358,149554.60843797255
44,Population,44,Bosnia and Herzegovina,3,Both,10,25-29 years,1,Number,2023,198256.47814250767,222013.91460329216,174200.36563240862
44,Population,44,Bosnia and Herzegovina,3,Both,11,30-34 years,1,Number,2023,189680.2360020744,212409.9656780284,166664.75050087352
44,Population,44,Bosnia and Herzegovina,3,Both,12,35-39 years,1,Number,2023,216728.22995468078,242699.17022683448,190430.78569080745
44,Population,44,Bosnia and Herzegovina,3,Both,13,40-44 years,1,Number,2023,242502.48861884317,271562.0054574458,213077.6385213818
44,Population,44,Bosnia and Herzegovina,3,Both,14,45-49 years,1,Number,2023,235161.38021695233,263341.1986061339,206627.28804739978
44,Population,44,Bosnia and Herzegovina,3,Both,15,50-54 years,1,Number,2023,219485.35528659658,245786.6869310833,192853.366004016
44,Population,44,Bosnia and Herzegovina,3,Both,16,55-59 years,1,Number,2023,238229.50339074255,266776.98059257993,209323.1302397308
44,Population,44,Bosnia and Herzegovina,3,Both,17,60-64 years,1,Number,2023,243516.10661625164,272697.0871537688,213968.26579073755
44,Population,44,Bosnia and Herzegovina,3,Both,18,65-69 years,1,Number,2023,217596.29657891276,243671.25886266548,191193.52254940226
44,Population,44,Bosnia and Herzegovina,3,Both,19,70-74 years,1,Number,2023,170210.22920254103,190606.83234581008,149557.20206098718
44,Population,44,Bosnia and Herzegovina,3,Both,20,75-79 years,1,Number,2023,99603.51594232609,111539.18746963741,87517.79037936246
44,Population,165,Pakistan,3,Both,235,95+ years,1,Number,2023,55506.30079523988,59507.36148376662,51747.152094548466
44,Population,105,Antigua and Barbuda,3,Both,11,30-34 years,1,Number,2023,7042.330848124385,8025.535919068156,6004.46594775428
44,Population,105,Antigua and Barbuda,3,Both,12,35-39 years,1,Number,2023,6858.5392773607,7816.084547839444,5847.760696050756
44,Population,105,Antigua and Barbuda,3,Both,13,40-44 years,1,Number,2023,6571.674932651919,7489.170042967318,5603.1730408304
44,Population,105,Antigua and Barbuda,3,Both,14,45-49 years,1,Number,2023,6465.657756525823,7368.351428592681,5512.780166985833
44,Population,105,Antigua and Barbuda,3,Both,15,50-54 years,1,Number,2023,6257.214832095451,7130.807039786083,5335.056559733581
44,Population,105,Antigua and Barbuda,3,Both,16,55-59 years,1,Number,2023,5704.487865432757,6500.911878644869,4863.787839006609
44,Population,105,Antigua and Barbuda,3,Both,17,60-64 years,1,Number,2023,4866.526468869389,5545.959685692596,4149.321168850459
44,Population,105,Antigua and Barbuda,3,Both,18,65-69 years,1,Number,2023,3651.024429817337,4160.75704689426,3112.953982997815
44,Population,105,Antigua and Barbuda,3,Both,19,70-74 years,1,Number,2023,2626.6941153886696,2993.416302937715,2239.584551074935
44,Population,105,Antigua and Barbuda,3,Both,20,75-79 years,1,Number,2023,1849.4271125541063,2107.6322657369315,1576.8674263780506
44,Population,106,Bahamas,3,Both,30,80-84 years,1,Number,2023,3644.5757962612133,3943.9075729203287,3363.097488150219
44,Population,106,Bahamas,3,Both,31,85-89 years,1,Number,2023,1722.2784191770504,1863.7304530852975,1589.2632090054447
44,Population,106,Bahamas,3,Both,32,90-94 years,1,Number,2023,535.4858885189303,579.4657510177942,494.1291791668448
44,Population,99,Uruguay,3,Both,30,80-84 years,1,Number,2023,76803.89306391703,87507.88447429698,65635.47458011821
44,Population,99,Uruguay,3,Both,31,85-89 years,1,Number,2023,46983.317603523625,53531.280317350436,40151.25048009412
44,Population,99,Uruguay,3,Both,32,90-94 years,1,Number,2023,20520.900882941954,23380.85417465165,17536.85932485946
44,Population,45,Bulgaria,3,Both,30,80-84 years,1,Number,2023,166803.13601986817,179686.73843366123,151758.37582635146
44,Population,45,Bulgaria,3,Both,31,85-89 years,1,Number,2023,95309.83842228384,102671.41503082735,86713.39534956313
44,Population,45,Bulgaria,3,Both,32,90-94 years,1,Number,2023,30039.651054686554,32359.8647513377,27330.233490973304
44,Population,154,Tunisia,3,Both,235,95+ years,1,Number,2023,2906.783266793952,3263.1576527690786,2541.581349406375
44,Population,155,Türkiye,3,Both,1,<5 years,1,Number,2023,5418375.030179698,5838911.159591146,4990340.521302854
44,Population,155,Türkiye,3,Both,6,5-9 years,1,Number,2023,6534711.5246929815,7041889.834815164,6018489.959639916
44,Population,155,Türkiye,3,Both,7,10-14 years,1,Number,2023,6539462.3349043075,7047009.369473711,6022865.470853988
44,Population,155,Türkiye,3,Both,8,15-19 years,1,Number,2023,6283198.282045168,6770855.904697453,5786845.468544577
44,Population,155,Türkiye,3,Both,9,20-24 years,1,Number,2023,6576334.901576229,7086743.7252213815,6056825.221251927
44,Population,155,Türkiye,3,Both,10,25-29 years,1,Number,2023,6567397.261793117,7077112.408751156,6048593.626774607
44,Population,155,Türkiye,3,Both,11,30-34 years,1,Number,2023,6348084.295991721,6840777.914308026,5846605.692386553
44,Population,155,Türkiye,3,Both,12,35-39 years,1,Number,2023,6312629.993121304,6802571.898014845,5813952.167430581
44,Population,155,Türkiye,3,Both,13,40-44 years,1,Number,2023,6701342.347797057,7221453.369479168,6171957.47416276
44,Population,155,Türkiye,3,Both,14,45-49 years,1,Number,2023,5912110.966070698,6370967.40337417,5445072.87813983
44,Population,155,Türkiye,3,Both,15,50-54 years,1,Number,2023,5154495.1415037885,5554550.771430577,4747306.310145158
44,Population,155,Türkiye,3,Both,16,55-59 years,1,Number,2023,4679105.90564593,5042265.169393188,4309471.322002228
44,Population,155,Türkiye,3,Both,17,60-64 years,1,Number,2023,3973692.416133688,4282102.450294255,3659783.269518006
44,Population,155,Türkiye,3,Both,18,65-69 years,1,Number,2023,3351495.002478565,3611614.4530949993,3086737.4858063506
44,Population,45,Bulgaria,3,Both,235,95+ years,1,Number,2023,4838.355259176085,5212.061935101439,4401.9612180192435
44,Population,46,Croatia,3,Both,1,<5 years,1,Number,2023,176101.54086416296,190114.955697078,161970.1808282079
44,Population,155,Türkiye,3,Both,19,70-74 years,1,Number,2023,2383635.007432411,2568635.9780872627,2195335.3725667624
44,Population,155,Türkiye,3,Both,20,75-79 years,1,Number,2023,1551494.7013454721,1671910.79895261,1428931.5216437133
44,Population,156,United Arab Emirates,3,Both,17,60-64 years,1,Number,2023,232641.95333323895,274774.0313532084,189782.66501297458
44,Population,156,United Arab Emirates,3,Both,18,65-69 years,1,Number,2023,190881.56099637607,225450.7206223404,155715.7289503943
44,Population,156,United Arab Emirates,3,Both,19,70-74 years,1,Number,2023,57360.56055660768,67748.71100846725,46793.10800609479
44,Population,156,United Arab Emirates,3,Both,20,75-79 years,1,Number,2023,24908.439919364784,29419.424799788154,20319.59430138265
44,Population,156,United Arab Emirates,3,Both,30,80-84 years,1,Number,2023,7742.19119299241,9144.32266031822,6315.858582658091
44,Population,156,United Arab Emirates,3,Both,31,85-89 years,1,Number,2023,3257.5935122554765,3847.552382739584,2657.4518027677227
44,Population,156,United Arab Emirates,3,Both,32,90-94 years,1,Number,2023,661.6965247767063,781.5315296328646,539.7931374917015
44,Population,102,United States of America,3,Both,235,95+ years,1,Number,2023,628586.7918263477,679595.5077260728,573083.4155141065
44,Population,46,Croatia,3,Both,6,5-9 years,1,Number,2023,181113.96624919586,195526.24866665792,166580.38152274874
44,Population,46,Croatia,3,Both,7,10-14 years,1,Number,2023,196984.85863607712,212660.0794565454,181177.70586865576
44,Population,46,Croatia,3,Both,8,15-19 years,1,Number,2023,195613.59582457898,211179.69735779866,179916.48075698756
44,Population,46,Croatia,3,Both,9,20-24 years,1,Number,2023,196548.0591751294,212188.52134433875,180775.95760837253
44,Population,46,Croatia,3,Both,10,25-29 years,1,Number,2023,220262.04678358254,237789.5676580658,202587.0039072905
44,Population,46,Croatia,3,Both,11,30-34 years,1,Number,2023,220360.3367717632,237895.6791472483,202677.40656408208
44,Population,46,Croatia,3,Both,12,35-39 years,1,Number,2023,248482.30917838198,268255.47902158764,228542.7166209622
44,Population,46,Croatia,3,Both,13,40-44 years,1,Number,2023,270676.40984585154,292215.6922282804,248955.8400995487
44,Population,46,Croatia,3,Both,14,45-49 years,1,Number,2023,265213.0280012617,286317.5575938901,243930.8701818559
44,Population,46,Croatia,3,Both,15,50-54 years,1,Number,2023,256627.7715074297,277049.122746793,236034.54207513513
44,Population,46,Croatia,3,Both,16,55-59 years,1,Number,2023,275853.0145879894,297804.22925290506,253717.0454930152
44,Population,46,Croatia,3,Both,17,60-64 years,1,Number,2023,285000.788856054,307679.9446564486,262130.75184165497
44,Population,46,Croatia,3,Both,18,65-69 years,1,Number,2023,284411.7597750312,307044.04313569295,261588.98970659266
44,Population,46,Croatia,3,Both,19,70-74 years,1,Number,2023,241821.59974848694,261064.73854332932,222416.49929480936
44,Population,46,Croatia,3,Both,20,75-79 years,1,Number,2023,158176.00636704022,170762.98307921406,145483.09020030245
44,Population,47,Czechia,3,Both,17,60-64 years,1,Number,2023,603883.6670714571,649723.4352321776,556776.4034418337
44,Population,47,Czechia,3,Both,18,65-69 years,1,Number,2023,633730.5215750682,681835.913009568,584294.9889090671
44,Population,47,Czechia,3,Both,19,70-74 years,1,Number,2023,607172.9248932779,653262.3749450559,559809.075527349
44,Population,47,Czechia,3,Both,20,75-79 years,1,Number,2023,494898.9217764069,532465.8457954607,456293.25109947665
44,Population,47,Czechia,3,Both,30,80-84 years,1,Number,2023,288191.00570304244,310067.08814702934,265710.0372291375
44,Population,47,Czechia,3,Both,31,85-89 years,1,Number,2023,136616.08251654595,146986.37383433263,125959.04678917995
44,Population,47,Czechia,3,Both,32,90-94 years,1,Number,2023,53365.00118266449,57415.84642902293,49202.14777830263
44,Population,160,Afghanistan,3,Both,6,5-9 years,1,Number,2023,5468728.547033455,7296096.49398104,3597173.1534902886
44,Population,160,Afghanistan,3,Both,7,10-14 years,1,Number,2023,4662161.834203849,6220016.649273784,3066636.6492669387
44,Population,160,Afghanistan,3,Both,8,15-19 years,1,Number,2023,4040897.3844912504,5391157.558097646,2657986.671396607
44,Population,160,Afghanistan,3,Both,9,20-24 years,1,Number,2023,3323667.829175715,4434266.75634887,2186213.593050935
44,Population,160,Afghanistan,3,Both,10,25-29 years,1,Number,2023,2987603.7944730115,3985907.397448601,1965160.2873164683
44,Population,160,Afghanistan,3,Both,11,30-34 years,1,Number,2023,2182297.4638899453,2911509.0899416218,1435452.8264697266
44,Population,160,Afghanistan,3,Both,12,35-39 years,1,Number,2023,1485007.3758458241,1981220.5003889035,976795.3591379789
44,Population,108,Belize,3,Both,235,95+ years,1,Number,2023,114.61765791147837,123.30396083462858,105.89416103175245
44,Population,109,Cuba,3,Both,1,<5 years,1,Number,2023,514621.106457099,587395.796224398,444975.8094398101
44,Population,109,Cuba,3,Both,6,5-9 years,1,Number,2023,623747.3850495559,711954.0712320425,539333.6846582077
44,Population,109,Cuba,3,Both,7,10-14 years,1,Number,2023,664298.3612317946,758239.5279367382,574396.7693701645
44,Population,109,Cuba,3,Both,8,15-19 years,1,Number,2023,630796.5184271227,720000.0515874033,545428.8365887736
44,Population,109,Cuba,3,Both,9,20-24 years,1,Number,2023,677524.1285922555,773335.6055206147,585832.651930831
44,Population,109,Cuba,3,Both,10,25-29 years,1,Number,2023,721804.9182012021,823878.3239272885,624120.782657777
44,Population,109,Cuba,3,Both,11,30-34 years,1,Number,2023,811265.7088725574,925990.1333884996,701474.5624437801
44,Population,110,Dominica,3,Both,8,15-19 years,1,Number,2023,5598.410941762876,6385.46280525981,4794.234096939113
44,Population,110,Dominica,3,Both,9,20-24 years,1,Number,2023,5450.829311615379,6217.133431112489,4667.851648295179
44,Population,110,Dominica,3,Both,10,25-29 years,1,Number,2023,5036.377308864032,5744.415748244282,4312.933093047154
44,Population,110,Dominica,3,Both,11,30-34 years,1,Number,2023,5195.2319605208595,5925.602960142266,4448.969263909369
44,Population,110,Dominica,3,Both,12,35-39 years,1,Number,2023,4881.034830343097,5567.234467879046,4179.904593536259
44,Population,110,Dominica,3,Both,13,40-44 years,1,Number,2023,4255.803011143752,4854.1045158814195,3644.483428981145
44,Population,110,Dominica,3,Both,14,45-49 years,1,Number,2023,3745.717442965596,4272.308635410417,3207.6684740314054
44,Population,110,Dominica,3,Both,15,50-54 years,1,Number,2023,4345.718074267479,4956.660276289454,3721.4827536002954
44,Population,110,Dominica,3,Both,16,55-59 years,1,Number,2023,4446.593664499177,5071.717448062612,3807.8681939097883
44,Population,110,Dominica,3,Both,17,60-64 years,1,Number,2023,3898.1375395498267,4446.156691160007,3338.19437355974
44,Population,110,Dominica,3,Both,18,65-69 years,1,Number,2023,3080.7909668152474,3513.903558352327,2638.2545426357647
44,Population,110,Dominica,3,Both,19,70-74 years,1,Number,2023,2202.3564255122137,2511.974412975995,1886.001649153468
44,Population,110,Dominica,3,Both,20,75-79 years,1,Number,2023,1613.2040092803286,1839.996082051071,1381.4773061613193
44,Population,110,Dominica,3,Both,30,80-84 years,1,Number,2023,1254.651525834592,1431.036545033708,1074.428652613129
44,Population,110,Dominica,3,Both,31,85-89 years,1,Number,2023,764.762663179053,872.2767212661178,654.9092722951231
44,Population,110,Dominica,3,Both,32,90-94 years,1,Number,2023,291.24721483683095,332.1921661024911,249.41136735661013
44,Population,160,Afghanistan,3,Both,13,40-44 years,1,Number,2023,1199070.5871644125,1599738.3362156004,788714.3214719294
44,Population,160,Afghanistan,3,Both,14,45-49 years,1,Number,2023,1600397.8515032863,2135168.541079259,1052695.9121885889
44,Population,160,Afghanistan,3,Both,15,50-54 years,1,Number,2023,1533965.8365791717,2046538.3618689824,1008998.8336881537
44,Population,160,Afghanistan,3,Both,16,55-59 years,1,Number,2023,623752.5212105272,832178.548263226,410286.56010683207
44,Population,160,Afghanistan,3,Both,17,60-64 years,1,Number,2023,229263.7816539697,305871.9516129112,150803.1553112439
44,Population,160,Afghanistan,3,Both,18,65-69 years,1,Number,2023,222843.72464942108,297306.64159629773,146580.22552015612
44,Population,160,Afghanistan,3,Both,19,70-74 years,1,Number,2023,210492.80155837673,280828.67493787204,138456.14172593888
44,Population,160,Afghanistan,3,Both,20,75-79 years,1,Number,2023,142854.45515050206,190589.07027640654,93965.57289401788
44,Population,160,Afghanistan,3,Both,30,80-84 years,1,Number,2023,77246.51954007574,103058.33532262479,50810.55018553723
44,Population,160,Afghanistan,3,Both,31,85-89 years,1,Number,2023,30116.67854483182,40180.1242924185,19809.889374109258
44,Population,160,Afghanistan,3,Both,32,90-94 years,1,Number,2023,7459.454072692232,9952.020152162335,4906.61544072031
44,Population,49,North Macedonia,3,Both,235,95+ years,1,Number,2023,730.4040184730934,786.6230081680562,671.4426210304985
44,Population,47,Czechia,3,Both,235,95+ years,1,Number,2023,12531.055927403258,13482.266781154029,11553.543556531517
44,Population,48,Hungary,3,Both,1,<5 years,1,Number,2023,454808.7554192546,488905.4289085249,420484.9710284496
44,Population,48,Hungary,3,Both,6,5-9 years,1,Number,2023,465638.70663725806,500547.29349931417,430497.600886342
44,Population,48,Hungary,3,Both,7,10-14 years,1,Number,2023,467610.31040242873,502666.7069296029,432320.4104567364
44,Population,48,Hungary,3,Both,8,15-19 years,1,Number,2023,496798.7589327044,534043.3916961793,459306.04736098764
44,Population,48,Hungary,3,Both,9,20-24 years,1,Number,2023,505195.45492015267,543069.5817249388,467069.0563772986
44,Population,48,Hungary,3,Both,10,25-29 years,1,Number,2023,578102.1368031681,621442.023221706,534473.5723503925
44,Population,48,Hungary,3,Both,11,30-34 years,1,Number,2023,630691.6031879967,677974.0827139287,583094.1848292395
44,Population,48,Hungary,3,Both,12,35-39 years,1,Number,2023,618307.6396703016,664661.7026793249,571644.8218191647
44,Population,49,North Macedonia,3,Both,10,25-29 years,1,Number,2023,112540.42031885555,121202.6244827906,103455.66683591565
44,Population,49,North Macedonia,3,Both,11,30-34 years,1,Number,2023,120672.94724604988,129961.10969601643,110931.7007260518
44,Population,49,North Macedonia,3,Both,12,35-39 years,1,Number,2023,126794.88029482511,136554.24619148386,116559.4446432278
44,Population,49,North Macedonia,3,Both,13,40-44 years,1,Number,2023,130681.13980998406,140739.6299969108,120131.98834351847
44,Population,49,North Macedonia,3,Both,14,45-49 years,1,Number,2023,128350.17325541095,138229.2496091762,117989.18757387204
44,Population,49,North Macedonia,3,Both,15,50-54 years,1,Number,2023,125285.04267902879,134928.19680354948,115171.48770372463
44,Population,49,North Macedonia,3,Both,16,55-59 years,1,Number,2023,128589.06819180785,138486.53222092506,118208.79786925427
44,Population,49,North Macedonia,3,Both,17,60-64 years,1,Number,2023,125024.7236207446,134647.8410613411,114932.18273499799
44,Population,49,North Macedonia,3,Both,18,65-69 years,1,Number,2023,116585.1123493833,125558.63530926213,107173.85368805818
44,Population,49,North Macedonia,3,Both,19,70-74 years,1,Number,2023,90753.80630455576,97739.10098034405,83427.76330969743
44,Population,169,Central African Republic,3,Both,235,95+ years,1,Number,2023,789.9748286350498,940.3149464101565,643.4168383077425
44,Population,170,Congo,3,Both,1,<5 years,1,Number,2023,770025.1960850568,824823.6620485139,714873.4045781518
44,Population,170,Congo,3,Both,6,5-9 years,1,Number,2023,859901.1690024841,921095.6145623078,798312.158369473
44,Population,170,Congo,3,Both,7,10-14 years,1,Number,2023,745090.4931193701,798114.4931579186,691724.608809063
44,Population,170,Congo,3,Both,8,15-19 years,1,Number,2023,645684.3616443343,691634.1730201107,599438.2784333845
44,Population,170,Congo,3,Both,9,20-24 years,1,Number,2023,555062.5189487413,594563.2712706738,515307.0765632208
44,Population,171,Democratic Republic of the Congo,3,Both,7,10-14 years,1,Number,2023,12113092.03900897,15953605.800549483,8106889.285139269
44,Population,171,Democratic Republic of the Congo,3,Both,8,15-19 years,1,Number,2023,10396782.936577654,13693132.688985119,6958220.734807194
44,Population,171,Democratic Republic of the Congo,3,Both,9,20-24 years,1,Number,2023,8648173.846799351,11390118.724611491,5787934.87813499
44,Population,171,Democratic Republic of the Congo,3,Both,10,25-29 years,1,Number,2023,7197295.533361035,9479232.503106754,4816910.319304318
44,Population,171,Democratic Republic of the Congo,3,Both,11,30-34 years,1,Number,2023,6030222.862673875,7942133.860681118,4035827.4299393753
44,Population,171,Democratic Republic of the Congo,3,Both,12,35-39 years,1,Number,2023,5018531.179378467,6609680.490805643,3358735.8631652268
44,Population,171,Democratic Republic of the Congo,3,Both,13,40-44 years,1,Number,2023,4067588.5946809873,5357237.01176968,2722301.6458869306
44,Population,171,Democratic Republic of the Congo,3,Both,14,45-49 years,1,Number,2023,3267882.1485460275,4303979.812310697,2187084.741850368
44,Population,171,Democratic Republic of the Congo,3,Both,15,50-54 years,1,Number,2023,2698015.2556620836,3553433.895663123,1805691.7999822884
44,Population,171,Democratic Republic of the Congo,3,Both,16,55-59 years,1,Number,2023,2198795.195342889,2895933.7277117404,1471580.4314815847
44,Population,171,Democratic Republic of the Congo,3,Both,17,60-64 years,1,Number,2023,1713590.062238071,2256891.986674105,1146848.7872412396
44,Population,171,Democratic Republic of the Congo,3,Both,18,65-69 years,1,Number,2023,1210350.809958307,1594098.322729364,810047.5073508496
44,Population,171,Democratic Republic of the Congo,3,Both,19,70-74 years,1,Number,2023,760844.0141327435,1002073.2475318146,509207.57193715905
44,Population,171,Democratic Republic of the Congo,3,Both,20,75-79 years,1,Number,2023,433220.93852344906,570575.7089510767,289940.35323957354
44,Population,106,Bahamas,3,Both,235,95+ years,1,Number,2023,155.8510802920698,168.65124781936464,143.8143712619311
44,Population,107,Barbados,3,Both,1,<5 years,1,Number,2023,13216.061354905334,15258.073260585857,11234.884400819628
44,Population,107,Barbados,3,Both,6,5-9 years,1,Number,2023,14645.481455229698,16908.352873036958,12450.024763450552
44,Population,107,Barbados,3,Both,7,10-14 years,1,Number,2023,17205.361940389786,19863.76015604109,14626.161855914412
44,Population,107,Barbados,3,Both,8,15-19 years,1,Number,2023,18837.78489215625,21748.40856387174,16013.873570004918
44,Population,107,Barbados,3,Both,9,20-24 years,1,Number,2023,20322.54630538582,23462.58026822291,17276.059208560564
44,Population,107,Barbados,3,Both,10,25-29 years,1,Number,2023,19156.563977042464,22116.442163332224,16284.865514724239
44,Population,107,Barbados,3,Both,11,30-34 years,1,Number,2023,20684.36418969214,23880.302586354177,17583.638145671197
44,Population,107,Barbados,3,Both,12,35-39 years,1,Number,2023,19772.911275279937,22828.021201740743,16808.818185682852
44,Population,107,Barbados,3,Both,13,40-44 years,1,Number,2023,20196.024161455105,23316.509204436225,17168.503589451862
44,Population,107,Barbados,3,Both,14,45-49 years,1,Number,2023,20607.75135304837,23791.85231037403,17518.510091238233
44,Population,107,Barbados,3,Both,15,50-54 years,1,Number,2023,21196.411856964158,24471.466671503393,18018.926405541086
44,Population,107,Barbados,3,Both,16,55-59 years,1,Number,2023,21358.146013989117,24658.19035190686,18156.415518904272
44,Population,107,Barbados,3,Both,17,60-64 years,1,Number,2023,21009.48271387662,24255.655131047013,17860.01920487549
44,Population,107,Barbados,3,Both,18,65-69 years,1,Number,2023,18050.388158539005,20839.35126426873,15344.512930536544
44,Population,108,Belize,3,Both,16,55-59 years,1,Number,2023,16038.367290781958,17253.835476216977,14817.694581476635
44,Population,108,Belize,3,Both,17,60-64 years,1,Number,2023,12873.551252452646,13849.1737517526,11893.751226626817
44,Population,108,Belize,3,Both,18,65-69 years,1,Number,2023,9593.247613427995,10320.272195027635,8863.109978903909
44,Population,108,Belize,3,Both,19,70-74 years,1,Number,2023,6574.84571316115,7073.120608828634,6074.437249853187
44,Population,171,Democratic Republic of the Congo,3,Both,30,80-84 years,1,Number,2023,238172.13481859313,313685.74921536155,159400.68163946425
44,Population,171,Democratic Republic of the Congo,3,Both,31,85-89 years,1,Number,2023,113233.04395250227,149134.12207196528,75783.10705359321
44,Population,171,Democratic Republic of the Congo,3,Both,32,90-94 years,1,Number,2023,40743.811316870444,53661.83155118653,27268.47664797377
44,Population,49,North Macedonia,3,Both,20,75-79 years,1,Number,2023,60405.455753060996,65054.84651298598,55529.26395471519
44,Population,49,North Macedonia,3,Both,30,80-84 years,1,Number,2023,37512.545573919764,40399.87554433901,34484.36931430514
44,Population,49,North Macedonia,3,Both,31,85-89 years,1,Number,2023,18043.974289774305,19432.81386211623,16587.386000778548
44,Population,49,North Macedonia,3,Both,32,90-94 years,1,Number,2023,4358.428375574198,4693.895368821121,4006.5970313073253
44,Population,50,Montenegro,3,Both,1,<5 years,1,Number,2023,36816.280410112195,39494.11275735169,34197.06911312131
44,Population,51,Poland,3,Both,6,5-9 years,1,Number,2023,2079078.477710016,2253610.857244439,1901545.1116383271
44,Population,51,Poland,3,Both,7,10-14 years,1,Number,2023,2155358.3565388443,2336294.2022749167,1971311.4202497683
44,Population,51,Poland,3,Both,8,15-19 years,1,Number,2023,1993178.2868794566,2160499.6039797994,1822979.9734225909
44,Population,51,Poland,3,Both,9,20-24 years,1,Number,2023,1931935.6073901022,2094115.7859067232,1766966.831516142
44,Population,51,Poland,3,Both,10,25-29 years,1,Number,2023,2228435.934168128,2415506.4225600646,2038148.8734777926
44,Population,51,Poland,3,Both,11,30-34 years,1,Number,2023,2688850.423748934,2914571.3225511475,2459248.380483487
44,Population,51,Poland,3,Both,12,35-39 years,1,Number,2023,3152881.367982583,3417556.267676532,2883655.531592231
44,Population,51,Poland,3,Both,13,40-44 years,1,Number,2023,3279770.7827798887,3555097.6668696827,2999709.8070865492
44,Population,51,Poland,3,Both,14,45-49 years,1,Number,2023,3024167.4811100825,3278037.237469699,2765932.5764433923
44,Population,51,Poland,3,Both,15,50-54 years,1,Number,2023,2504054.07009225,2714261.871299172,2290231.863448738
44,Population,51,Poland,3,Both,16,55-59 years,1,Number,2023,2207231.8981067613,2392522.3715020544,2018755.4587742235
44,Population,51,Poland,3,Both,17,60-64 years,1,Number,2023,2388028.984786363,2588496.8293532515,2184114.207883452
44,Population,51,Poland,3,Both,18,65-69 years,1,Number,2023,2555661.884042434,2770202.0058749905,2337432.864945998
44,Population,51,Poland,3,Both,19,70-74 years,1,Number,2023,2147887.180407071,2328195.843397432,1964478.21091983
44,Population,51,Poland,3,Both,20,75-79 years,1,Number,2023,1309852.2884915748,1419810.4450498815,1198003.463001954
44,Population,51,Poland,3,Both,30,80-84 years,1,Number,2023,796213.4092687049,863053.1281281605,728224.4188701403
44,Population,51,Poland,3,Both,31,85-89 years,1,Number,2023,532187.932440633,576863.5073187273,486744.18606845
44,Population,51,Poland,3,Both,32,90-94 years,1,Number,2023,212239.72983376627,230056.61624607266,194116.49203610685
44,Population,108,Belize,3,Both,20,75-79 years,1,Number,2023,4137.12851476245,4450.6609334669365,3822.253578847875
44,Population,108,Belize,3,Both,30,80-84 years,1,Number,2023,2422.162365013981,2605.7260184243014,2237.812708788166
44,Population,108,Belize,3,Both,31,85-89 years,1,Number,2023,1312.9958910831588,1412.5013272839947,1213.06438168342
44,Population,108,Belize,3,Both,32,90-94 years,1,Number,2023,474.05709505070143,509.983527378077,437.9768290180399
44,Population,113,Guyana,3,Both,235,95+ years,1,Number,2023,411.2918409901452,467.02281683678376,354.9298230344035
44,Population,114,Haiti,3,Both,1,<5 years,1,Number,2023,1646631.0906479121,1963680.2783158983,1348411.1362760812
44,Population,163,India,3,Both,235,95+ years,1,Number,2023,306282.8185537681,349331.90199042944,260580.06703006956
44,Population,164,Nepal,3,Both,1,<5 years,1,Number,2023,2835483.529321486,3049223.454605959,2612331.948929651
44,Population,164,Nepal,3,Both,6,5-9 years,1,Number,2023,2847973.8064926313,3062655.254054252,2623839.2455750927
44,Population,164,Nepal,3,Both,7,10-14 years,1,Number,2023,2940382.7450940297,3162030.0168009973,2708975.6324307336
44,Population,164,Nepal,3,Both,8,15-19 years,1,Number,2023,2976815.3258201564,3201208.900583303,2742540.9815603043
44,Population,164,Nepal,3,Both,9,20-24 years,1,Number,2023,2887099.4703683616,3104730.2267117207,2659885.7331348755
44,Population,164,Nepal,3,Both,10,25-29 years,1,Number,2023,2665819.767964798,2866770.3685006485,2456020.6673494997
44,Population,305,Bermuda,3,Both,235,95+ years,1,Number,2023,108.18724830294222,119.69501006613918,96.29921942443234
44,Population,320,Cook Islands,3,Both,1,<5 years,1,Number,2023,1097.4831391660061,1188.7947176005148,1010.1055006482611
44,Population,349,Greenland,3,Both,1,<5 years,1,Number,2023,3949.1727383766547,4007.4227708723697,3893.907280160827
44,Population,349,Greenland,3,Both,6,5-9 years,1,Number,2023,3963.080811248367,4021.5359868842784,3907.6207208725723
44,Population,349,Greenland,3,Both,7,10-14 years,1,Number,2023,3747.9919016853078,3803.274530359734,3695.5418055365653
44,Population,349,Greenland,3,Both,8,15-19 years,1,Number,2023,3429.257609815346,3479.838929104517,3381.2679406613797
44,Population,349,Greenland,3,Both,9,20-24 years,1,Number,2023,3743.968932297905,3799.192222444222,3691.5751343314173
44,Population,349,Greenland,3,Both,10,25-29 years,1,Number,2023,4545.82065275757,4612.871201894011,4482.2055925956565
44,Population,349,Greenland,3,Both,11,30-34 years,1,Number,2023,4912.060635874588,4984.513200149664,4843.320345234092
44,Population,349,Greenland,3,Both,12,35-39 years,1,Number,2023,4110.9657780253965,4171.6022469829895,4053.436157904108
44,Population,349,Greenland,3,Both,13,40-44 years,1,Number,2023,3548.938032463486,3601.2846299438606,3499.2735332032444
44,Population,349,Greenland,3,Both,14,45-49 years,1,Number,2023,2915.881287120699,2958.890340150434,2875.0759017624673
44,Population,349,Greenland,3,Both,15,50-54 years,1,Number,2023,3543.040659788743,3595.300271418486,3493.4586894591744
44,Population,349,Greenland,3,Both,16,55-59 years,1,Number,2023,4796.039211576763,4866.780467640408,4728.922546338712
44,Population,349,Greenland,3,Both,17,60-64 years,1,Number,2023,3909.6183824904806,3967.284990895036,3854.906455291729
44,Population,349,Greenland,3,Both,18,65-69 years,1,Number,2023,2501.564220653644,2538.462124796244,2466.5568654252243
44,Population,349,Greenland,3,Both,19,70-74 years,1,Number,2023,1431.508379526728,1452.623031923421,1411.4755848693687
44,Population,349,Greenland,3,Both,20,75-79 years,1,Number,2023,913.9210310709443,927.4013048612171,901.1314500874652
44,Population,114,Haiti,3,Both,6,5-9 years,1,Number,2023,1526819.3334835707,1820799.4679205245,1250298.3844066653
44,Population,114,Haiti,3,Both,7,10-14 years,1,Number,2023,1423587.4458502976,1697690.883982019,1165762.73601882
44,Population,114,Haiti,3,Both,8,15-19 years,1,Number,2023,1307727.710253571,1559523.0337972727,1070886.2584568928
44,Population,114,Haiti,3,Both,9,20-24 years,1,Number,2023,1198789.1456169048,1429608.9855687227,981677.4644772939
44,Population,114,Haiti,3,Both,10,25-29 years,1,Number,2023,1102651.5377190276,1314960.643444169,902951.2568642492
44,Population,114,Haiti,3,Both,11,30-34 years,1,Number,2023,1067381.3225433326,1272899.354582425,874068.8003189599
44,Population,114,Haiti,3,Both,12,35-39 years,1,Number,2023,986975.2467652546,1177011.5590956667,808225.0004422326
44,Population,114,Haiti,3,Both,13,40-44 years,1,Number,2023,823011.3181692578,981477.3348436115,673956.439304216
44,Population,114,Haiti,3,Both,14,45-49 years,1,Number,2023,643988.621493939,767984.8647761793,527356.39074799
44,Population,114,Haiti,3,Both,15,50-54 years,1,Number,2023,501951.04865520884,598598.7878659437,411043.12175098114
44,Population,114,Haiti,3,Both,16,55-59 years,1,Number,2023,403409.93591671146,481084.16009843844,330348.7060119076
44,Population,114,Haiti,3,Both,17,60-64 years,1,Number,2023,318255.06402608205,379533.2155767061,260616.16044196632
44,Population,114,Haiti,3,Both,18,65-69 years,1,Number,2023,232766.39194983747,277584.1995955476,190610.26895372497
44,Population,114,Haiti,3,Both,19,70-74 years,1,Number,2023,153905.9771829271,183539.67310925297,126032.19673889043
44,Population,114,Haiti,3,Both,20,75-79 years,1,Number,2023,85219.43134654802,101627.9345233704,69785.41271778458
44,Population,114,Haiti,3,Both,30,80-84 years,1,Number,2023,43553.3976520077,51939.34968715142,35665.47889820275
44,Population,114,Haiti,3,Both,31,85-89 years,1,Number,2023,18444.44302478767,21995.8126735269,15103.985657921303
44,Population,114,Haiti,3,Both,32,90-94 years,1,Number,2023,5335.824673830815,6363.206513020552,4369.458011739069
44,Population,175,Burundi,3,Both,1,<5 years,1,Number,2023,2327164.912693106,2718927.6735777343,1960234.7984970573
44,Population,175,Burundi,3,Both,6,5-9 years,1,Number,2023,2086794.2946269233,2438092.2579995533,1757764.037830465
44,Population,175,Burundi,3,Both,7,10-14 years,1,Number,2023,1877586.1913218144,2193665.359626158,1581542.3175778773
44,Population,175,Burundi,3,Both,8,15-19 years,1,Number,2023,1573801.3046857219,1838740.3044294054,1325655.9801749885
44,Population,175,Burundi,3,Both,9,20-24 years,1,Number,2023,1280589.267058552,1496167.967169454,1078675.443316575
44,Population,175,Burundi,3,Both,10,25-29 years,1,Number,2023,1060123.3647258664,1238588.0940529695,892970.9703428646
44,Population,175,Burundi,3,Both,11,30-34 years,1,Number,2023,970670.2878721034,1134076.1856713197,817622.1916100093
44,Population,175,Burundi,3,Both,12,35-39 years,1,Number,2023,859745.3985636627,1004477.827779165,724187.1166585701
44,Population,175,Burundi,3,Both,13,40-44 years,1,Number,2023,638050.6506804908,745462.2411231946,537447.5533924173
44,Population,175,Burundi,3,Both,14,45-49 years,1,Number,2023,439845.26485114143,513890.2946555409,370493.72367752966
44,Population,175,Burundi,3,Both,15,50-54 years,1,Number,2023,328654.023108815,383980.74566581205,276834.2927697423
44,Population,175,Burundi,3,Both,16,55-59 years,1,Number,2023,266820.5501712813,311738.0181279846,224750.26352756383
44,Population,175,Burundi,3,Both,17,60-64 years,1,Number,2023,213687.52002317915,249660.39515302598,179994.8557445494
44,Population,175,Burundi,3,Both,18,65-69 years,1,Number,2023,153544.945123833,179393.2171107028,129335.11627104471
44,Population,175,Burundi,3,Both,19,70-74 years,1,Number,2023,93854.45527166744,109654.22963144875,79056.18042539211
44,Population,175,Burundi,3,Both,20,75-79 years,1,Number,2023,51525.38487970173,60199.341300243985,43401.244104467565
44,Population,51,Poland,3,Both,235,95+ years,1,Number,2023,63911.85384922645,69277.06158541926,58454.39437024012
44,Population,52,Romania,3,Both,235,95+ years,1,Number,2023,17149.743369691158,18597.392972670314,15776.286603348233
44,Population,53,Serbia,3,Both,1,<5 years,1,Number,2023,345896.0441692169,396005.64041244704,296248.82045017905
44,Population,53,Serbia,3,Both,6,5-9 years,1,Number,2023,392323.09150449495,449158.525281727,336012.0910683655
44,Population,53,Serbia,3,Both,7,10-14 years,1,Number,2023,496082.30375689775,567949.2255205608,424878.51425757207
44,Population,53,Serbia,3,Both,8,15-19 years,1,Number,2023,564574.2443570928,646363.5215429878,483539.6552425352
44,Population,53,Serbia,3,Both,9,20-24 years,1,Number,2023,532951.4701244155,610159.5892554498,456455.7676881292
44,Population,53,Serbia,3,Both,10,25-29 years,1,Number,2023,586645.0158920899,671631.6625450212,502442.56015829544
44,Population,53,Serbia,3,Both,11,30-34 years,1,Number,2023,640512.2948816536,733302.6376056739,548578.149537028
44,Population,53,Serbia,3,Both,12,35-39 years,1,Number,2023,671778.6433739649,769098.5091305855,575356.769925355
44,Population,53,Serbia,3,Both,13,40-44 years,1,Number,2023,675314.6073314584,773146.7244688837,578385.2091608421
44,Population,53,Serbia,3,Both,14,45-49 years,1,Number,2023,639235.804682806,731841.2236138225,547484.8767977196
44,Population,53,Serbia,3,Both,15,50-54 years,1,Number,2023,567500.4758467982,649713.6731119631,486045.8782589665
44,Population,53,Serbia,3,Both,16,55-59 years,1,Number,2023,575667.3335155614,659063.654864555,493040.5287961434
44,Population,164,Nepal,3,Both,11,30-34 years,1,Number,2023,2381908.5211937726,2561457.7741129845,2194453.138238203
44,Population,164,Nepal,3,Both,12,35-39 years,1,Number,2023,2167074.5704998435,2330429.5510506756,1996526.5457156133
44,Population,164,Nepal,3,Both,13,40-44 years,1,Number,2023,1901183.2686412493,2044495.2525019734,1751560.7980380324
44,Population,164,Nepal,3,Both,14,45-49 years,1,Number,2023,1620797.410081741,1742973.7915523949,1493241.210296203
44,Population,164,Nepal,3,Both,15,50-54 years,1,Number,2023,1424019.5059110373,1531362.6872942457,1311949.6596337468
44,Population,164,Nepal,3,Both,16,55-59 years,1,Number,2023,1227212.1807531896,1319719.9442827308,1130631.0034057351
44,Population,164,Nepal,3,Both,17,60-64 years,1,Number,2023,1004721.8521672379,1080458.2023851813,925650.5873029408
44,Population,164,Nepal,3,Both,18,65-69 years,1,Number,2023,813768.1797507963,875110.3628882304,749724.9033550305
44,Population,164,Nepal,3,Both,19,70-74 years,1,Number,2023,635947.4119187471,683885.3917739479,585898.568908989
44,Population,164,Nepal,3,Both,20,75-79 years,1,Number,2023,391349.98206046637,420850.10613478953,360550.8728150647
44,Population,164,Nepal,3,Both,30,80-84 years,1,Number,2023,203873.64679715998,219241.72690881745,187828.8607800394
44,Population,164,Nepal,3,Both,31,85-89 years,1,Number,2023,90126.2195864546,96919.97142503092,83033.3170435604
44,Population,164,Nepal,3,Both,32,90-94 years,1,Number,2023,35183.17124134342,37835.29329200299,32414.267742340875
44,Population,165,Pakistan,3,Both,31,85-89 years,1,Number,2023,546294.5591546881,585673.1099439585,509296.9128907663
44,Population,165,Pakistan,3,Both,32,90-94 years,1,Number,2023,178627.10603088187,191503.08374162772,166529.6352226337
44,Population,349,Greenland,3,Both,30,80-84 years,1,Number,2023,447.05758252369856,453.65165182241583,440.8013755193962
44,Population,349,Greenland,3,Both,31,85-89 years,1,Number,2023,151.79542530372865,154.03439762588584,149.6711718739014
44,Population,349,Greenland,3,Both,32,90-94 years,1,Number,2023,42.811269475534566,43.44273282326287,42.21216060359922
44,Population,110,Dominica,3,Both,235,95+ years,1,Number,2023,81.02073190759391,92.41102081155165,69.38260865645503
44,Population,111,Dominican Republic,3,Both,1,<5 years,1,Number,2023,1016191.4291244467,1090698.7141568968,943543.8789933419
44,Population,112,Grenada,3,Both,1,<5 years,1,Number,2023,7130.455533201476,8150.988259395077,6187.635062202047
44,Population,112,Grenada,3,Both,6,5-9 years,1,Number,2023,7783.032200434064,8896.963706293316,6753.925146775417
44,Population,112,Grenada,3,Both,7,10-14 years,1,Number,2023,8378.742777132375,9577.934212883838,7270.868227640277
44,Population,112,Grenada,3,Both,8,15-19 years,1,Number,2023,8478.66719796938,9692.160124156522,7357.580198153569
44,Population,112,Grenada,3,Both,9,20-24 years,1,Number,2023,9076.764181709517,10375.85858770428,7876.594144731838
44,Population,112,Grenada,3,Both,10,25-29 years,1,Number,2023,9129.912127887475,10436.613231399953,7922.714633629567
44,Population,112,Grenada,3,Both,11,30-34 years,1,Number,2023,8015.113744564851,9162.261474805307,6955.319839311828
44,Population,112,Grenada,3,Both,12,35-39 years,1,Number,2023,7139.57183405013,8161.409313259098,6195.545965300183
44,Population,112,Grenada,3,Both,13,40-44 years,1,Number,2023,6581.489905966753,7523.452983203173,5711.25610615852
44,Population,112,Grenada,3,Both,14,45-49 years,1,Number,2023,6806.553130965018,7780.727949162995,5906.560472860918
44,Population,112,Grenada,3,Both,15,50-54 years,1,Number,2023,7380.52633963527,8436.849968758284,6404.640396954924
44,Population,112,Grenada,3,Both,16,55-59 years,1,Number,2023,6971.685227089629,7969.494258761828,6049.858070485344
44,Population,112,Grenada,3,Both,17,60-64 years,1,Number,2023,6228.759512924662,7120.238731458583,5405.165290876259
44,Population,175,Burundi,3,Both,30,80-84 years,1,Number,2023,28101.777399949162,32832.525031937534,23670.89743341406
44,Population,175,Burundi,3,Both,31,85-89 years,1,Number,2023,14747.626403109303,17230.291385150074,12422.32998311847
44,Population,175,Burundi,3,Both,32,90-94 years,1,Number,2023,6373.961724906795,7446.975858758054,5368.962684725012
44,Population,53,Serbia,3,Both,17,60-64 years,1,Number,2023,617996.5351739887,707525.0434622592,529294.126584536
44,Population,53,Serbia,3,Both,18,65-69 years,1,Number,2023,607176.2894995837,695137.2801734238,520026.93468668504
44,Population,53,Serbia,3,Both,19,70-74 years,1,Number,2023,491852.88582594873,563107.0962607707,421256.15403011156
44,Population,53,Serbia,3,Both,20,75-79 years,1,Number,2023,256274.65695463397,293400.8970601341,219490.98902369346
44,Population,53,Serbia,3,Both,30,80-84 years,1,Number,2023,193407.15928265383,221425.85109938547,165647.0022423148
44,Population,53,Serbia,3,Both,31,85-89 years,1,Number,2023,94452.1140850769,108135.29254550269,80895.19339238509
44,Population,53,Serbia,3,Both,32,90-94 years,1,Number,2023,21448.42850757562,24555.63979456163,18369.88815856702
44,Population,54,Slovakia,3,Both,235,95+ years,1,Number,2023,6239.030142808058,6704.898497591851,5726.546164217083
44,Population,55,Slovenia,3,Both,1,<5 years,1,Number,2023,95411.87977856652,96697.11431007393,94114.44410497199
44,Population,55,Slovenia,3,Both,6,5-9 years,1,Number,2023,106662.44875069373,108099.23275146683,105212.02490029618
44,Population,55,Slovenia,3,Both,7,10-14 years,1,Number,2023,114514.18246273467,116056.73232120113,112956.98868556059
44,Population,55,Slovenia,3,Both,8,15-19 years,1,Number,2023,98861.94855309628,100193.65683122088,97517.59794275784
44,Population,55,Slovenia,3,Both,9,20-24 years,1,Number,2023,102105.03371347606,103480.4275897297,100716.58278366641
44,Population,55,Slovenia,3,Both,10,25-29 years,1,Number,2023,111702.07169022852,113206.7413404899,110183.1177301801
44,Population,55,Slovenia,3,Both,11,30-34 years,1,Number,2023,126162.15563813497,127861.60815255831,124446.56967795487
44,Population,55,Slovenia,3,Both,12,35-39 years,1,Number,2023,144670.1901874586,146618.95300965835,142702.92713708655
44,Population,55,Slovenia,3,Both,13,40-44 years,1,Number,2023,160632.1785885465,162795.95550262046,158447.86024882123
44,Population,55,Slovenia,3,Both,14,45-49 years,1,Number,2023,157610.74733451186,159733.82441339476,155467.51520651823
44,Population,55,Slovenia,3,Both,15,50-54 years,1,Number,2023,146837.75052751193,148815.71121694404,144841.01242522412
44,Population,55,Slovenia,3,Both,16,55-59 years,1,Number,2023,153245.9003352364,155310.18125476016,151162.0225373302
44,Population,55,Slovenia,3,Both,17,60-64 years,1,Number,2023,143898.6883146879,145837.05871143387,141941.91634838528
44,Population,55,Slovenia,3,Both,18,65-69 years,1,Number,2023,138621.5457040121,140488.83097040877,136736.53370191544
44,Population,55,Slovenia,3,Both,19,70-74 years,1,Number,2023,117081.53159228763,118658.66462596659,115489.42633076817
44,Population,55,Slovenia,3,Both,20,75-79 years,1,Number,2023,78088.09912808907,79139.9757050113,77026.23675070902
44,Population,55,Slovenia,3,Both,30,80-84 years,1,Number,2023,63222.05852473186,64073.68384599737,62362.34845216609
44,Population,55,Slovenia,3,Both,31,85-89 years,1,Number,2023,37965.03779090376,38476.44137787946,37448.77928626471
44,Population,112,Grenada,3,Both,18,65-69 years,1,Number,2023,5164.028088970101,5903.119671441664,4481.217380393806
44,Population,112,Grenada,3,Both,19,70-74 years,1,Number,2023,3764.89117166534,4303.733975375632,3267.080554769539
44,Population,112,Grenada,3,Both,20,75-79 years,1,Number,2023,2573.941137103921,2942.3315090064484,2233.6032184521046
44,Population,112,Grenada,3,Both,30,80-84 years,1,Number,2023,1829.690562974459,2091.561503705879,1587.7607577419096
44,Population,112,Grenada,3,Both,31,85-89 years,1,Number,2023,1211.5686018730783,1384.9720264485284,1051.3696251671367
44,Population,112,Grenada,3,Both,32,90-94 years,1,Number,2023,272.50938918353813,311.5117710877366,236.4769885233754
44,Population,117,Saint Vincent and the Grenadines,3,Both,235,95+ years,1,Number,2023,142.9381979152207,162.69809268633074,124.55328757838932
44,Population,55,Slovenia,3,Both,32,90-94 years,1,Number,2023,15278.80468710793,15484.616032923586,15071.039508422182
44,Population,118,Suriname,3,Both,1,<5 years,1,Number,2023,45422.61157767743,52030.95413572316,39222.547129910854
44,Population,118,Suriname,3,Both,6,5-9 years,1,Number,2023,49766.88345068137,57007.25564561837,42973.83756358951
44,Population,118,Suriname,3,Both,7,10-14 years,1,Number,2023,51354.93877846009,58826.35038840618,44345.1276056028
44,Population,118,Suriname,3,Both,8,15-19 years,1,Number,2023,47169.23631540608,54031.68787745588,40730.76228342918
44,Population,118,Suriname,3,Both,9,20-24 years,1,Number,2023,45765.90262459141,52424.18913689961,39518.97987120829
44,Population,118,Suriname,3,Both,10,25-29 years,1,Number,2023,42783.296650200915,49007.65650550173,36943.49159923988
44,Population,118,Suriname,3,Both,11,30-34 years,1,Number,2023,40541.91542163716,46440.18625547799,35008.05288667049
44,Population,118,Suriname,3,Both,12,35-39 years,1,Number,2023,41031.161829769466,47000.61104257035,35430.51847450427
44,Population,118,Suriname,3,Both,13,40-44 years,1,Number,2023,37853.47602193469,43360.61724251232,32686.578242254393
44,Population,118,Suriname,3,Both,14,45-49 years,1,Number,2023,35944.62415410371,41174.05463553502,31038.27952605259
44,Population,118,Suriname,3,Both,15,50-54 years,1,Number,2023,36703.66600095747,42043.526252181386,31693.714200055947
44,Population,118,Suriname,3,Both,16,55-59 years,1,Number,2023,34748.86901825715,39804.33417099523,30005.74175372812
44,Population,118,Suriname,3,Both,17,60-64 years,1,Number,2023,28963.399890179106,33177.161747368955,25009.973618366133
44,Population,118,Suriname,3,Both,18,65-69 years,1,Number,2023,20985.57690292236,24038.67922654296,18121.102035615895
44,Population,118,Suriname,3,Both,19,70-74 years,1,Number,2023,14061.227214947723,16106.935354471674,12141.907477061724
44,Population,118,Suriname,3,Both,20,75-79 years,1,Number,2023,9727.635078023173,11142.86733003289,8399.839024179842
44,Population,119,Trinidad and Tobago,3,Both,20,75-79 years,1,Number,2023,33554.82424963803,38234.99248936928,28704.59732206154
44,Population,119,Trinidad and Tobago,3,Both,30,80-84 years,1,Number,2023,18449.373204113523,21022.659533091162,15782.583891024966
44,Population,119,Trinidad and Tobago,3,Both,31,85-89 years,1,Number,2023,8391.88622082927,9562.371843700237,7178.869808685096
44,Population,119,Trinidad and Tobago,3,Both,32,90-94 years,1,Number,2023,1858.8408227943016,2118.1086919041104,1590.1521911471664
44,Population,168,Angola,3,Both,1,<5 years,1,Number,2023,5906389.314396404,6658907.6306975605,5158132.5205677
44,Population,168,Angola,3,Both,6,5-9 years,1,Number,2023,5538063.311620094,6243654.131492328,4836468.263106651
44,Population,168,Angola,3,Both,7,10-14 years,1,Number,2023,4799511.081807672,5411004.805993336,4191480.2557215416
44,Population,168,Angola,3,Both,8,15-19 years,1,Number,2023,3953715.3110301066,4457448.307725489,3452834.9618238714
44,Population,178,Eritrea,3,Both,235,95+ years,1,Number,2023,1795.8193857583651,2351.8268716302337,1262.929249549431
44,Population,179,Ethiopia,3,Both,1,<5 years,1,Number,2023,16402035.087166872,19065332.777950116,13670103.124002865
44,Population,179,Ethiopia,3,Both,6,5-9 years,1,Number,2023,14953593.995626217,17381699.54142045,12462915.175362516
44,Population,179,Ethiopia,3,Both,7,10-14 years,1,Number,2023,14153355.897963267,16451521.941356974,11795965.174300302
44,Population,179,Ethiopia,3,Both,8,15-19 years,1,Number,2023,13049833.457520705,15168813.884511374,10876246.036990078
44,Population,179,Ethiopia,3,Both,9,20-24 years,1,Number,2023,11158898.759887168,12970836.677404756,9300266.460063655
44,Population,179,Ethiopia,3,Both,10,25-29 years,1,Number,2023,9469526.989406165,11007151.389650717,7892277.37855489
44,Population,179,Ethiopia,3,Both,11,30-34 years,1,Number,2023,7961454.864146758,9254204.467611946,6635390.573888798
44,Population,179,Ethiopia,3,Both,12,35-39 years,1,Number,2023,6550171.240248229,7613762.1815965455,5459171.124693502
44,Population,179,Ethiopia,3,Both,13,40-44 years,1,Number,2023,5248695.916143701,6100958.433495963,4374470.24463173
44,Population,179,Ethiopia,3,Both,14,45-49 years,1,Number,2023,3992930.6851227097,4641287.002898503,3327865.9594704676
44,Population,179,Ethiopia,3,Both,15,50-54 years,1,Number,2023,3001059.7870923816,3488360.0250439015,2501201.622410209
44,Population,179,Ethiopia,3,Both,16,55-59 years,1,Number,2023,2265241.8019611747,2633062.8210095465,1887941.8845920858
44,Population,179,Ethiopia,3,Both,17,60-64 years,1,Number,2023,1703636.647258859,1980266.4388954008,1419877.992584016
44,Population,179,Ethiopia,3,Both,18,65-69 years,1,Number,2023,1283596.3096097487,1492021.6098309562,1069799.8040306384
44,Population,179,Ethiopia,3,Both,19,70-74 years,1,Number,2023,904771.3694951356,1051684.5718055333,754072.1537854112
44,Population,179,Ethiopia,3,Both,20,75-79 years,1,Number,2023,622543.9127507563,723630.135065785,518852.6570816559
44,Population,367,Monaco,3,Both,1,<5 years,1,Number,2023,1607.8010524433398,1791.0698794484636,1427.0522952603478
44,Population,367,Monaco,3,Both,6,5-9 years,1,Number,2023,1746.118627278605,1945.1538948241982,1549.820228732929
44,Population,367,Monaco,3,Both,7,10-14 years,1,Number,2023,1739.2792686339678,1937.5349364682872,1543.7497497783932
44,Population,367,Monaco,3,Both,8,15-19 years,1,Number,2023,1757.276968493995,1957.5841447143337,1559.7241508746158
44,Population,367,Monaco,3,Both,9,20-24 years,1,Number,2023,1847.8781532729492,2058.5127097587006,1640.1399638233822
44,Population,367,Monaco,3,Both,10,25-29 years,1,Number,2023,1872.3442465373303,2085.7676258112906,1661.8555824914567
44,Population,367,Monaco,3,Both,11,30-34 years,1,Number,2023,1954.8074490180863,2177.63058230189,1735.0482839117271
44,Population,367,Monaco,3,Both,12,35-39 years,1,Number,2023,2069.2887779986386,2305.1613236113926,1836.6596387730026
44,Population,367,Monaco,3,Both,13,40-44 years,1,Number,2023,2228.437053112053,2482.450473589642,1977.916488270759
44,Population,367,Monaco,3,Both,14,45-49 years,1,Number,2023,2416.40106978301,2691.8399923786055,2144.749617910159
44,Population,367,Monaco,3,Both,15,50-54 years,1,Number,2023,2941.51841557765,3276.814022467348,2610.833349139506
44,Population,367,Monaco,3,Both,16,55-59 years,1,Number,2023,3434.9330971336076,3826.471688675198,3048.778424968095
44,Population,367,Monaco,3,Both,17,60-64 years,1,Number,2023,3046.7735158456258,3394.0668625882145,2704.2556865593074
44,Population,367,Monaco,3,Both,18,65-69 years,1,Number,2023,2698.8059449183534,3006.4354237571665,2395.4065786343504
44,Population,367,Monaco,3,Both,19,70-74 years,1,Number,2023,2363.8974329253865,2633.351610128648,2098.14843216437
44,Population,367,Monaco,3,Both,20,75-79 years,1,Number,2023,2426.909955368071,2703.546756974492,2154.077096127691
44,Population,57,Belarus,3,Both,1,<5 years,1,Number,2023,436477.6310569734,479884.9472130297,392858.0061436868
44,Population,57,Belarus,3,Both,6,5-9 years,1,Number,2023,569630.9077276094,626280.2000272328,512704.5390751687
44,Population,57,Belarus,3,Both,7,10-14 years,1,Number,2023,578053.1314042975,635540.0064340731,520285.08333560976
44,Population,57,Belarus,3,Both,8,15-19 years,1,Number,2023,506210.70319599094,556552.911986846,455622.2665170493
44,Population,57,Belarus,3,Both,9,20-24 years,1,Number,2023,456084.817143639,501442.0506948514,410505.7376286715
44,Population,57,Belarus,3,Both,10,25-29 years,1,Number,2023,481060.55208237364,528901.6004858847,432985.50917216163
44,Population,57,Belarus,3,Both,11,30-34 years,1,Number,2023,681891.2081413342,749704.6884888815,613746.0464780316
44,Population,57,Belarus,3,Both,12,35-39 years,1,Number,2023,816624.0034695007,897836.5417005792,735014.2480273565
44,Population,57,Belarus,3,Both,13,40-44 years,1,Number,2023,740196.4013201924,813808.2818004701,666224.4790717028
44,Population,57,Belarus,3,Both,14,45-49 years,1,Number,2023,669066.8696644547,735604.9808403674,602203.315108412
44,Population,115,Jamaica,3,Both,235,95+ years,1,Number,2023,6663.843097263208,7580.648384777981,5633.336229116207
44,Population,116,Saint Lucia,3,Both,1,<5 years,1,Number,2023,9365.05208701091,10838.534082553124,7992.198903816814
44,Population,116,Saint Lucia,3,Both,6,5-9 years,1,Number,2023,10389.733289354373,12024.436951236034,8866.668784607939
44,Population,116,Saint Lucia,3,Both,7,10-14 years,1,Number,2023,10948.948370939452,12671.638020159522,9343.906724185552
44,Population,116,Saint Lucia,3,Both,8,15-19 years,1,Number,2023,11897.280105579282,13769.178720623602,10153.219451933792
44,Population,116,Saint Lucia,3,Both,9,20-24 years,1,Number,2023,12929.381174368527,14963.668885416924,11034.021497022934
44,Population,116,Saint Lucia,3,Both,10,25-29 years,1,Number,2023,13738.599247460117,15900.208008096868,11724.613683443502
44,Population,116,Saint Lucia,3,Both,11,30-34 years,1,Number,2023,13330.859610132593,15428.315282362679,11376.645914314757
44,Population,116,Saint Lucia,3,Both,12,35-39 years,1,Number,2023,13022.467921122241,15071.401748827635,11113.462357410328
44,Population,116,Saint Lucia,3,Both,13,40-44 years,1,Number,2023,13395.590504019328,15503.230829341708,11431.88769774084
44,Population,116,Saint Lucia,3,Both,14,45-49 years,1,Number,2023,13144.543676650921,15212.684704294177,11217.642634300848
44,Population,168,Angola,3,Both,9,20-24 years,1,Number,2023,3080842.415549022,3473364.855898024,2690542.83564641
44,Population,168,Angola,3,Both,10,25-29 years,1,Number,2023,2622164.0569082117,2956247.432746709,2289972.600220342
44,Population,168,Angola,3,Both,11,30-34 years,1,Number,2023,2222916.8980791853,2506133.1901956983,1941304.4640579177
44,Population,168,Angola,3,Both,12,35-39 years,1,Number,2023,1905971.1844647604,2148806.2145153526,1664511.3328187906
44,Population,168,Angola,3,Both,13,40-44 years,1,Number,2023,1503007.333609705,1694501.745486592,1312597.3574493781
44,Population,168,Angola,3,Both,14,45-49 years,1,Number,2023,1314281.2664121126,1481730.561252182,1147780.2394314425
44,Population,168,Angola,3,Both,15,50-54 years,1,Number,2023,985714.5293649103,1111301.956557233,860838.3056498246
44,Population,168,Angola,3,Both,16,55-59 years,1,Number,2023,778965.2138535805,878211.2269393556,680281.2324232546
44,Population,168,Angola,3,Both,17,60-64 years,1,Number,2023,578142.5798787407,651802.2825556238,504900.0131990448
44,Population,169,Central African Republic,3,Both,14,45-49 years,1,Number,2023,235579.37956778216,280412.4937200419,191874.13836197875
44,Population,169,Central African Republic,3,Both,15,50-54 years,1,Number,2023,190173.27677638977,226365.15503868903,154891.88267619567
44,Population,169,Central African Republic,3,Both,16,55-59 years,1,Number,2023,150763.96370288508,179455.85518820834,122793.87815946125
44,Population,169,Central African Republic,3,Both,17,60-64 years,1,Number,2023,112110.23004863439,133445.92908404313,91311.27618899119
44,Population,169,Central African Republic,3,Both,18,65-69 years,1,Number,2023,77809.34456946797,92617.24173600138,63373.97175070389
44,Population,169,Central African Republic,3,Both,19,70-74 years,1,Number,2023,47276.23009009702,56273.36992553821,38505.43256452562
44,Population,169,Central African Republic,3,Both,20,75-79 years,1,Number,2023,27516.755463812326,32753.469479581934,22411.782197673812
44,Population,169,Central African Republic,3,Both,30,80-84 years,1,Number,2023,14795.219036394967,17610.897323617588,12050.375163112394
44,Population,169,Central African Republic,3,Both,31,85-89 years,1,Number,2023,6518.3274457754915,7758.830409126645,5309.031989616699
44,Population,169,Central African Republic,3,Both,32,90-94 years,1,Number,2023,2201.4227311956056,2620.3755138464076,1793.009602511058
44,Population,369,Nauru,3,Both,30,80-84 years,1,Number,2023,14.796820875100991,16.012172919744103,13.603254200135863
44,Population,369,Nauru,3,Both,31,85-89 years,1,Number,2023,3.280178992435582,3.5495998551264507,3.015587539559385
44,Population,369,Nauru,3,Both,32,90-94 years,1,Number,2023,0.7815734113957215,0.845768744406536,0.7185287894627435
44,Population,209,Guinea-Bissau,3,Both,235,95+ years,1,Number,2023,380.47404339457285,440.2253175325481,322.00310477853117
44,Population,210,Liberia,3,Both,235,95+ years,1,Number,2023,1539.690674040643,1650.092603313282,1434.9122165986107
44,Population,211,Mali,3,Both,1,<5 years,1,Number,2023,4600201.221757102,4943819.247805354,4247591.895058411
44,Population,211,Mali,3,Both,6,5-9 years,1,Number,2023,3771586.589530416,4053310.165628569,3482491.2774318373
44,Population,211,Mali,3,Both,7,10-14 years,1,Number,2023,3086183.4480970413,3316709.9432082353,2849624.868321159
44,Population,211,Mali,3,Both,8,15-19 years,1,Number,2023,2550399.414672909,2740904.823079759,2354909.135646147
44,Population,211,Mali,3,Both,9,20-24 years,1,Number,2023,2039532.9134543994,2191878.4827019023,1883200.9851918607
44,Population,211,Mali,3,Both,10,25-29 years,1,Number,2023,1696876.2976410845,1823626.6843602082,1566809.2897084083
44,Population,211,Mali,3,Both,11,30-34 years,1,Number,2023,1440732.260069843,1548349.634050745,1330298.9099429836
44,Population,211,Mali,3,Both,12,35-39 years,1,Number,2023,1205015.2136032195,1295025.395570498,1112649.7750826816
44,Population,211,Mali,3,Both,13,40-44 years,1,Number,2023,942217.4621880811,1012597.6235892813,869995.6942848528
44,Population,211,Mali,3,Both,14,45-49 years,1,Number,2023,753830.4355239174,810138.7824294219,696048.6930518915
44,Population,211,Mali,3,Both,15,50-54 years,1,Number,2023,584250.5969141072,627891.9567484618,539467.2929519161
44,Population,211,Mali,3,Both,16,55-59 years,1,Number,2023,465166.9764605178,499913.23005443,429511.53304285835
44,Population,211,Mali,3,Both,17,60-64 years,1,Number,2023,378406.9786705189,406672.58114866045,349401.7626951768
44,Population,211,Mali,3,Both,18,65-69 years,1,Number,2023,289271.4485702988,310878.9564505472,267098.5466043783
44,Population,211,Mali,3,Both,19,70-74 years,1,Number,2023,190268.1104636808,204480.43496554,175683.89836323605
44,Population,211,Mali,3,Both,20,75-79 years,1,Number,2023,118825.41725835897,127701.23667459779,109717.3482078149
44,Population,211,Mali,3,Both,30,80-84 years,1,Number,2023,68001.67212573811,73081.14565687672,62789.28626112958
44,Population,211,Mali,3,Both,31,85-89 years,1,Number,2023,32093.149800564464,34490.38945433959,29633.182638846523
44,Population,180,Kenya,3,Both,18,65-69 years,1,Number,2023,780850.8233170543,852255.0070895149,708969.1524596928
44,Population,180,Kenya,3,Both,19,70-74 years,1,Number,2023,554064.4287132533,604730.3396763268,503059.7096180584
44,Population,180,Kenya,3,Both,20,75-79 years,1,Number,2023,340510.9777981284,371648.6902896799,309165.0442362898
44,Population,180,Kenya,3,Both,30,80-84 years,1,Number,2023,194159.56201993092,211914.30419815923,176286.09206360957
44,Population,180,Kenya,3,Both,31,85-89 years,1,Number,2023,101015.28335493246,110252.53282834956,91716.26344888048
44,Population,180,Kenya,3,Both,32,90-94 years,1,Number,2023,41953.05364040463,45789.411959436606,38091.041200652966
44,Population,57,Belarus,3,Both,15,50-54 years,1,Number,2023,628878.4272521603,691419.8332100172,566031.1261284604
44,Population,57,Belarus,3,Both,16,55-59 years,1,Number,2023,620723.0634092614,682453.4256125069,558690.7729219535
44,Population,57,Belarus,3,Both,17,60-64 years,1,Number,2023,693921.179085264,762931.0294526145,624573.7958578889
44,Population,57,Belarus,3,Both,18,65-69 years,1,Number,2023,592926.9538819744,651893.0174630028,533672.4824290414
44,Population,57,Belarus,3,Both,19,70-74 years,1,Number,2023,451509.6772997472,496411.91722120345,406387.8168258407
44,Population,57,Belarus,3,Both,20,75-79 years,1,Number,2023,230727.64299109188,253673.30396575175,207669.75289938992
44,Population,58,Estonia,3,Both,30,80-84 years,1,Number,2023,42425.06589696341,43020.83571532471,41854.046989183706
44,Population,58,Estonia,3,Both,31,85-89 years,1,Number,2023,25121.47872941753,25474.256468312302,24783.35693649629
44,Population,58,Estonia,3,Both,32,90-94 years,1,Number,2023,9926.850996006187,10066.252505226088,9793.240841405648
44,Population,121,Bolivia (Plurinational State of),3,Both,235,95+ years,1,Number,2023,2567.7359366261867,2927.6192347926485,2209.5208935060205
44,Population,116,Saint Lucia,3,Both,15,50-54 years,1,Number,2023,13105.432815348348,15167.420203970265,11184.265160270212
44,Population,116,Saint Lucia,3,Both,16,55-59 years,1,Number,2023,11916.643731939637,13791.588988320842,10169.744501867663
44,Population,116,Saint Lucia,3,Both,17,60-64 years,1,Number,2023,9860.03735000165,11411.39951815787,8414.622681017901
44,Population,116,Saint Lucia,3,Both,18,65-69 years,1,Number,2023,7413.589371406263,8580.03141140957,6326.807400215167
44,Population,116,Saint Lucia,3,Both,19,70-74 years,1,Number,2023,5302.018708349715,6136.229669932824,4524.77868944921
44,Population,116,Saint Lucia,3,Both,20,75-79 years,1,Number,2023,4090.478586080186,4734.067804136938,3490.8421403335356
44,Population,116,Saint Lucia,3,Both,30,80-84 years,1,Number,2023,2712.8116860694786,3139.641044793923,2315.1318735041937
44,Population,116,Saint Lucia,3,Both,31,85-89 years,1,Number,2023,1658.3373927625235,1919.2574888887484,1415.2363670222087
44,Population,116,Saint Lucia,3,Both,32,90-94 years,1,Number,2023,454.9205623284652,526.4970203945816,388.23229019815835
44,Population,117,Saint Vincent and the Grenadines,3,Both,30,80-84 years,1,Number,2023,1841.276919349536,2095.816564465254,1604.449314403821
44,Population,117,Saint Vincent and the Grenadines,3,Both,31,85-89 years,1,Number,2023,1279.5746412243868,1456.464098564344,1114.993966560036
44,Population,117,Saint Vincent and the Grenadines,3,Both,32,90-94 years,1,Number,2023,356.4538933846028,405.73037459650294,310.6062965583345
44,Population,58,Estonia,3,Both,235,95+ years,1,Number,2023,2262.031221485448,2293.796638968239,2231.5854797960124
44,Population,59,Latvia,3,Both,1,<5 years,1,Number,2023,88970.54021628898,96468.29698606157,81010.52571319249
44,Population,59,Latvia,3,Both,6,5-9 years,1,Number,2023,108236.92041286067,117358.3003751719,98553.1817937359
44,Population,59,Latvia,3,Both,7,10-14 years,1,Number,2023,101543.87776664992,110101.21927658119,92458.95215241602
44,Population,59,Latvia,3,Both,8,15-19 years,1,Number,2023,99100.53402348419,107451.96920704421,90234.20943813433
44,Population,59,Latvia,3,Both,9,20-24 years,1,Number,2023,86806.67191752099,94122.07441422137,79040.25433986871
44,Population,59,Latvia,3,Both,10,25-29 years,1,Number,2023,91170.2025213502,98853.33000932785,83013.38867537421
44,Population,59,Latvia,3,Both,11,30-34 years,1,Number,2023,130223.2823668049,141197.50478440645,118572.46835847525
44,Population,59,Latvia,3,Both,12,35-39 years,1,Number,2023,139560.11778603692,151321.17729378783,127073.95597415975
44,Population,59,Latvia,3,Both,13,40-44 years,1,Number,2023,125647.7333498166,136236.36348558922,114406.28446893605
44,Population,59,Latvia,3,Both,14,45-49 years,1,Number,2023,128063.02083500328,138855.1929302715,116605.48106196341
44,Population,59,Latvia,3,Both,15,50-54 years,1,Number,2023,130911.05308570972,141943.2355601029,119198.70562053044
44,Population,59,Latvia,3,Both,16,55-59 years,1,Number,2023,127271.71985493529,137997.2071546992,115884.97618206909
44,Population,60,Lithuania,3,Both,14,45-49 years,1,Number,2023,189604.00671893635,192145.2031573255,186828.0666864461
44,Population,60,Lithuania,3,Both,15,50-54 years,1,Number,2023,206580.65060899736,209349.37909027826,203556.16020983894
44,Population,60,Lithuania,3,Both,16,55-59 years,1,Number,2023,207732.23067796306,210516.39338566366,204690.88031223865
44,Population,60,Lithuania,3,Both,17,60-64 years,1,Number,2023,221632.41530303206,224602.87734202543,218387.55616327137
44,Population,60,Lithuania,3,Both,18,65-69 years,1,Number,2023,168455.35316279376,170713.10156638865,165989.0447412367
44,Population,60,Lithuania,3,Both,19,70-74 years,1,Number,2023,139908.34004823247,141783.48278167978,137859.98058189027
44,Population,60,Lithuania,3,Both,20,75-79 years,1,Number,2023,101221.57005182627,102578.20748663091,99739.61292802506
44,Population,211,Mali,3,Both,32,90-94 years,1,Number,2023,11468.904126095335,12325.588868081526,10589.802894012786
44,Population,122,Ecuador,3,Both,1,<5 years,1,Number,2023,1487188.2332113562,1602505.7928623257,1377412.7174832267
44,Population,122,Ecuador,3,Both,6,5-9 years,1,Number,2023,1469076.8811698877,1582990.0745995808,1360638.2392594006
44,Population,122,Ecuador,3,Both,7,10-14 years,1,Number,2023,1626202.7611361025,1752299.5992659617,1506166.0080233219
44,Population,122,Ecuador,3,Both,8,15-19 years,1,Number,2023,1601664.625156299,1725858.759985807,1483439.1333701182
44,Population,123,Peru,3,Both,6,5-9 years,1,Number,2023,3035368.9100796566,3264906.1423298023,2801416.331545369
44,Population,123,Peru,3,Both,7,10-14 years,1,Number,2023,3064935.413365052,3296708.4902629144,2828703.9817862823
44,Population,123,Peru,3,Both,8,15-19 years,1,Number,2023,2969111.679273276,3193638.4822061323,2740265.909977963
44,Population,123,Peru,3,Both,9,20-24 years,1,Number,2023,2738048.6496038847,2945102.2656270633,2527012.1790121295
44,Population,123,Peru,3,Both,10,25-29 years,1,Number,2023,2918415.493071375,3139108.606389838,2693477.1577108316
44,Population,123,Peru,3,Both,11,30-34 years,1,Number,2023,2818572.595383162,3031715.5020960676,2601329.701352642
44,Population,123,Peru,3,Both,12,35-39 years,1,Number,2023,2639932.711559866,2839566.7151651066,2436458.576018879
44,Population,123,Peru,3,Both,13,40-44 years,1,Number,2023,2425294.7598727653,2608697.655225399,2238363.9519259185
44,Population,123,Peru,3,Both,14,45-49 years,1,Number,2023,2229460.7317386344,2398054.487863072,2057623.9295630774
44,Population,123,Peru,3,Both,15,50-54 years,1,Number,2023,1921224.7393832114,2066509.4221590385,1773145.3806502484
44,Population,123,Peru,3,Both,16,55-59 years,1,Number,2023,1678663.9013502975,1805605.922965742,1549280.0406573894
44,Population,123,Peru,3,Both,17,60-64 years,1,Number,2023,1386747.7731601985,1491614.843723919,1279863.4942080905
44,Population,123,Peru,3,Both,18,65-69 years,1,Number,2023,1107412.6041088402,1191156.1066735417,1022058.2231727074
44,Population,123,Peru,3,Both,19,70-74 years,1,Number,2023,832841.6552352333,895821.8642669944,768649.9676594604
44,Population,123,Peru,3,Both,20,75-79 years,1,Number,2023,603807.7103814987,649468.173658969,557268.9287811662
44,Population,123,Peru,3,Both,30,80-84 years,1,Number,2023,390432.2200925279,419957.04354437214,360339.4612419681
44,Population,123,Peru,3,Both,31,85-89 years,1,Number,2023,181294.18575706752,195003.80948139736,167320.84561699635
44,Population,60,Lithuania,3,Both,30,80-84 years,1,Number,2023,86771.69617573338,87934.66698574177,85501.29567487074
44,Population,60,Lithuania,3,Both,31,85-89 years,1,Number,2023,50674.779738130645,51353.95615436316,49932.86424727697
44,Population,60,Lithuania,3,Both,32,90-94 years,1,Number,2023,19137.57055391951,19394.064743955973,18857.382655232424
44,Population,123,Peru,3,Both,32,90-94 years,1,Number,2023,83863.60517046848,90205.44380280896,77399.77581198115
44,Population,171,Democratic Republic of the Congo,3,Both,235,95+ years,1,Number,2023,14133.780378089275,18614.96304142881,9459.268726485958
44,Population,172,Equatorial Guinea,3,Both,1,<5 years,1,Number,2023,203558.86172366788,228397.7656172987,179068.79751096055
44,Population,173,Gabon,3,Both,1,<5 years,1,Number,2023,236439.20157265506,266773.964655574,204508.92478265575
44,Population,376,Northern Mariana Islands,3,Both,235,95+ years,1,Number,2023,3.079794148448149,3.3408495585049476,2.7994528411755573
44,Population,380,Palau,3,Both,1,<5 years,1,Number,2023,1027.3997140774397,1120.1311563342617,939.0669453132703
44,Population,380,Palau,3,Both,6,5-9 years,1,Number,2023,1047.732402038927,1142.2990399394616,957.6514892958886
44,Population,380,Palau,3,Both,7,10-14 years,1,Number,2023,1116.9873731343034,1217.8048531025681,1020.9521241541461
44,Population,380,Palau,3,Both,8,15-19 years,1,Number,2023,1133.5086569357509,1235.8173213513637,1036.0529571595455
44,Population,380,Palau,3,Both,9,20-24 years,1,Number,2023,1194.2104444904512,1301.9979544132084,1091.5357857344338
44,Population,380,Palau,3,Both,10,25-29 years,1,Number,2023,1295.6965841584597,1412.6440694749635,1184.296449246249
44,Population,380,Palau,3,Both,11,30-34 years,1,Number,2023,1372.490446115966,1496.3692216384297,1254.4878035741995
44,Population,380,Palau,3,Both,12,35-39 years,1,Number,2023,1396.5376171455762,1522.5868515665754,1276.4674704290608
44,Population,385,Puerto Rico,3,Both,9,20-24 years,1,Number,2023,193657.3111624055,210559.21723208358,177048.594947174
44,Population,385,Puerto Rico,3,Both,10,25-29 years,1,Number,2023,154041.26342010932,167485.58395494206,140830.15553978377
44,Population,385,Puerto Rico,3,Both,11,30-34 years,1,Number,2023,151883.17608680628,165139.14437622827,138857.15318918225
44,Population,385,Puerto Rico,3,Both,12,35-39 years,1,Number,2023,173092.84217439167,188199.93491571196,158247.80545821314
44,Population,385,Puerto Rico,3,Both,13,40-44 years,1,Number,2023,207175.30711057092,225257.02868215158,189407.24112871257
44,Population,385,Puerto Rico,3,Both,14,45-49 years,1,Number,2023,228525.59066651925,248470.7094166397,208926.45102900066
44,Population,385,Puerto Rico,3,Both,15,50-54 years,1,Number,2023,242870.6000271077,264067.71385722794,222041.1831119342
44,Population,182,Malawi,3,Both,235,95+ years,1,Number,2023,4552.206387370261,5002.806564111127,4067.1856805099337
44,Population,183,Mauritius,3,Both,1,<5 years,1,Number,2023,63518.440906072035,68261.93276268174,58909.18867217645
44,Population,183,Mauritius,3,Both,6,5-9 years,1,Number,2023,65422.93215009005,70308.64945458727,60675.47941259733
44,Population,184,Mozambique,3,Both,6,5-9 years,1,Number,2023,5134967.856547267,5671344.55349391,4586131.062129253
44,Population,184,Mozambique,3,Both,7,10-14 years,1,Number,2023,4425211.850290097,4887450.481934372,3952235.3576647104
44,Population,184,Mozambique,3,Both,8,15-19 years,1,Number,2023,3748738.229736631,4140315.331201829,3348064.7434366923
44,Population,184,Mozambique,3,Both,9,20-24 years,1,Number,2023,3121752.3285765396,3447837.174570738,2788092.4909987133
44,Population,184,Mozambique,3,Both,10,25-29 years,1,Number,2023,2544345.697177497,2810117.1253671385,2272400.3656113674
44,Population,184,Mozambique,3,Both,11,30-34 years,1,Number,2023,1939066.1108069154,2141612.631979324,1731814.4087221709
44,Population,184,Mozambique,3,Both,12,35-39 years,1,Number,2023,1553403.697070477,1715665.5782226624,1387372.4522107448
44,Population,184,Mozambique,3,Both,13,40-44 years,1,Number,2023,1307407.3425681742,1443973.5006360128,1167668.735640229
44,Population,184,Mozambique,3,Both,14,45-49 years,1,Number,2023,1050985.5993616418,1160767.042999174,938653.9191160344
44,Population,60,Lithuania,3,Both,235,95+ years,1,Number,2023,3624.0023342434997,3672.573574819366,3570.94431436538
44,Population,61,Republic of Moldova,3,Both,1,<5 years,1,Number,2023,147439.9386745124,174627.7664673425,119711.13150084582
44,Population,61,Republic of Moldova,3,Both,6,5-9 years,1,Number,2023,188086.3345762524,222769.33106021507,152713.22095213362
44,Population,61,Republic of Moldova,3,Both,7,10-14 years,1,Number,2023,193605.23527583474,229305.9134217331,157194.1903104179
44,Population,61,Republic of Moldova,3,Both,8,15-19 years,1,Number,2023,176171.53935206463,208657.45542718927,143039.22331817396
44,Population,61,Republic of Moldova,3,Both,9,20-24 years,1,Number,2023,164535.77354284673,194876.06204987332,133591.77845742044
44,Population,62,Russian Federation,3,Both,6,5-9 years,1,Number,2023,8092536.928924651,8743993.221022459,7432142.440945223
44,Population,62,Russian Federation,3,Both,7,10-14 years,1,Number,2023,8698798.037205234,9399058.878125293,7988929.3858452495
44,Population,62,Russian Federation,3,Both,8,15-19 years,1,Number,2023,7948348.145289563,8588197.114347141,7299720.23666311
44,Population,119,Trinidad and Tobago,3,Both,235,95+ years,1,Number,2023,99.97193066517357,113.91584082494164,85.52135430373531
44,Population,173,Gabon,3,Both,6,5-9 years,1,Number,2023,230814.02783935942,260427.09032709448,199643.41083970483
44,Population,173,Gabon,3,Both,7,10-14 years,1,Number,2023,210921.2564185093,237982.10884928083,182437.08774621785
44,Population,173,Gabon,3,Both,8,15-19 years,1,Number,2023,184782.35810460604,208489.63260783115,159828.15507505558
44,Population,173,Gabon,3,Both,9,20-24 years,1,Number,2023,166281.4990041082,187615.14352587858,143825.77147270876
44,Population,173,Gabon,3,Both,10,25-29 years,1,Number,2023,153795.63610834922,173527.36482973883,133026.08014059826
44,Population,173,Gabon,3,Both,11,30-34 years,1,Number,2023,138118.18602356248,155838.52352512444,119465.81416588735
44,Population,173,Gabon,3,Both,12,35-39 years,1,Number,2023,119239.685413782,134537.9421455337,103136.78820261652
44,Population,173,Gabon,3,Both,13,40-44 years,1,Number,2023,103236.01230980619,116481.02394160596,89294.35447209372
44,Population,173,Gabon,3,Both,14,45-49 years,1,Number,2023,87378.11616297359,98588.58564013884,75578.01103694135
44,Population,173,Gabon,3,Both,15,50-54 years,1,Number,2023,74637.60566069117,84213.48846580065,64558.06135569843
44,Population,173,Gabon,3,Both,16,55-59 years,1,Number,2023,62596.77639618738,70627.84048836288,54143.30343909074
44,Population,173,Gabon,3,Both,17,60-64 years,1,Number,2023,49852.724182075835,56248.74720635707,43120.29034165777
44,Population,173,Gabon,3,Both,18,65-69 years,1,Number,2023,36886.693048525645,41619.195472390995,31905.275791687032
44,Population,173,Gabon,3,Both,19,70-74 years,1,Number,2023,24595.45283083488,27751.009225789196,21273.924034254997
44,Population,173,Gabon,3,Both,20,75-79 years,1,Number,2023,15324.839840747427,17290.991742634556,13255.27449531079
44,Population,173,Gabon,3,Both,30,80-84 years,1,Number,2023,9899.502109236051,11169.592048320255,8562.609409850254
44,Population,173,Gabon,3,Both,31,85-89 years,1,Number,2023,5683.431695896973,6412.606692455268,4915.904374031605
44,Population,173,Gabon,3,Both,32,90-94 years,1,Number,2023,2358.059381827786,2660.594546078962,2039.6118137079154
44,Population,184,Mozambique,3,Both,15,50-54 years,1,Number,2023,829283.4877248482,915906.8805881746,740647.8226570766
44,Population,184,Mozambique,3,Both,16,55-59 years,1,Number,2023,606379.6148579495,669719.4261283515,541568.4118832841
44,Population,184,Mozambique,3,Both,17,60-64 years,1,Number,2023,465415.9952126988,514031.3519573422,415671.2976762351
44,Population,184,Mozambique,3,Both,18,65-69 years,1,Number,2023,354649.33375253616,391694.48058241716,316743.62354812905
44,Population,184,Mozambique,3,Both,19,70-74 years,1,Number,2023,258907.57258150983,285951.9460762098,231234.95492237387
44,Population,184,Mozambique,3,Both,20,75-79 years,1,Number,2023,170990.66201540217,188851.6124756082,152714.79945157122
44,Population,184,Mozambique,3,Both,30,80-84 years,1,Number,2023,102229.84664189197,112908.33753083198,91303.29307968376
44,Population,184,Mozambique,3,Both,31,85-89 years,1,Number,2023,55517.87947313133,61317.03881456935,49584.004937954174
44,Population,184,Mozambique,3,Both,32,90-94 years,1,Number,2023,24574.21855977623,27141.135928953398,21947.671380424646
44,Population,62,Russian Federation,3,Both,9,20-24 years,1,Number,2023,8156694.850051734,8813315.910846086,7491064.731040322
44,Population,62,Russian Federation,3,Both,10,25-29 years,1,Number,2023,7819071.688120535,8448513.78944522,7180993.432895699
44,Population,62,Russian Federation,3,Both,11,30-34 years,1,Number,2023,10631576.80800718,11487428.02837569,9763983.025710924
44,Population,62,Russian Federation,3,Both,12,35-39 years,1,Number,2023,13605547.916249696,14700806.408774966,12495262.114807548
44,Population,62,Russian Federation,3,Both,13,40-44 years,1,Number,2023,12484798.445002843,13489835.62605044,11465971.82128429
44,Population,62,Russian Federation,3,Both,14,45-49 years,1,Number,2023,10900349.507410534,11777837.16487019,10010822.428947175
44,Population,62,Russian Federation,3,Both,15,50-54 years,1,Number,2023,9686937.958792105,10466744.92659976,8896431.781363385
44,Population,62,Russian Federation,3,Both,16,55-59 years,1,Number,2023,8908338.307455555,9625467.323176837,8181370.04435473
44,Population,62,Russian Federation,3,Both,17,60-64 years,1,Number,2023,10360870.840834884,11194929.994368026,9515368.119741542
44,Population,62,Russian Federation,3,Both,18,65-69 years,1,Number,2023,9388889.964758188,10144703.808683205,8622706.104810627
44,Population,62,Russian Federation,3,Both,19,70-74 years,1,Number,2023,7191650.931636644,7770585.113974483,6604773.580759228
44,Population,62,Russian Federation,3,Both,20,75-79 years,1,Number,2023,3607702.0438620904,3898125.2099384405,3313294.1758518755
44,Population,62,Russian Federation,3,Both,30,80-84 years,1,Number,2023,2745923.585461495,2966972.8328211075,2521841.469287273
44,Population,62,Russian Federation,3,Both,31,85-89 years,1,Number,2023,1597520.972224219,1726122.8060192445,1467154.6787177152
44,Population,62,Russian Federation,3,Both,32,90-94 years,1,Number,2023,443476.01004503976,479176.2162567229,407285.9851916382
44,Population,214,Nigeria,3,Both,235,95+ years,1,Number,2023,60512.7999949145,68072.11948970635,52915.51568375514
44,Population,215,Sao Tome and Principe,3,Both,1,<5 years,1,Number,2023,22214.632630054653,25298.255488563078,19214.32427164023
44,Population,215,Sao Tome and Principe,3,Both,6,5-9 years,1,Number,2023,25028.612872658665,28502.845557761528,21648.248333127143
44,Population,215,Sao Tome and Principe,3,Both,7,10-14 years,1,Number,2023,27169.04493611395,30940.391930864473,23499.593634827266
44,Population,215,Sao Tome and Principe,3,Both,8,15-19 years,1,Number,2023,25559.792195784157,29107.758114743912,22107.686575068426
44,Population,215,Sao Tome and Principe,3,Both,9,20-24 years,1,Number,2023,21125.04559813598,24057.422404822995,18271.89686795069
44,Population,215,Sao Tome and Principe,3,Both,10,25-29 years,1,Number,2023,17921.788002075948,20409.51922270282,15501.27125368678
44,Population,215,Sao Tome and Principe,3,Both,11,30-34 years,1,Number,2023,16094.32665099684,18328.387163263484,13920.626838887049
44,Population,215,Sao Tome and Principe,3,Both,12,35-39 years,1,Number,2023,14680.54025769837,16718.352463183423,12697.78644066604
44,Population,215,Sao Tome and Principe,3,Both,13,40-44 years,1,Number,2023,12967.284463621841,14767.27888399804,11215.922979952491
44,Population,215,Sao Tome and Principe,3,Both,14,45-49 years,1,Number,2023,10672.980156521899,12154.501193900258,9231.487420356621
44,Population,215,Sao Tome and Principe,3,Both,15,50-54 years,1,Number,2023,8373.840243773986,9536.216665622365,7242.869352028009
44,Population,215,Sao Tome and Principe,3,Both,16,55-59 years,1,Number,2023,6377.507446868286,7262.772041199881,5516.161269448198
44,Population,215,Sao Tome and Principe,3,Both,17,60-64 years,1,Number,2023,4988.0499907462445,5680.443388692344,4314.363942065992
44,Population,215,Sao Tome and Principe,3,Both,18,65-69 years,1,Number,2023,3506.6935294914533,3993.4591900090095,3033.0794894961814
44,Population,215,Sao Tome and Principe,3,Both,19,70-74 years,1,Number,2023,2208.923649782114,2515.545306444244,1910.5864141451789
44,Population,215,Sao Tome and Principe,3,Both,20,75-79 years,1,Number,2023,1335.4016967544542,1520.769389571116,1155.042339058277
44,Population,121,Bolivia (Plurinational State of),3,Both,12,35-39 years,1,Number,2023,869908.5931685956,991831.4003962755,748550.964540346
44,Population,121,Bolivia (Plurinational State of),3,Both,13,40-44 years,1,Number,2023,794043.3199882193,905333.1628448328,683269.3661514432
44,Population,121,Bolivia (Plurinational State of),3,Both,14,45-49 years,1,Number,2023,677038.7065282246,771929.6644403052,582587.6198749413
44,Population,121,Bolivia (Plurinational State of),3,Both,15,50-54 years,1,Number,2023,552863.6092295684,630350.6967013347,475735.716600564
44,Population,121,Bolivia (Plurinational State of),3,Both,16,55-59 years,1,Number,2023,448744.6276459586,511638.8272901407,386141.976863515
44,Population,121,Bolivia (Plurinational State of),3,Both,17,60-64 years,1,Number,2023,385379.85703133774,439393.1112827028,331616.9836240706
44,Population,121,Bolivia (Plurinational State of),3,Both,18,65-69 years,1,Number,2023,297332.25858696765,339005.12390977715,255852.56968613318
44,Population,121,Bolivia (Plurinational State of),3,Both,19,70-74 years,1,Number,2023,222371.75414136166,253538.46375426883,191349.5191980294
44,Population,121,Bolivia (Plurinational State of),3,Both,20,75-79 years,1,Number,2023,137382.9826661544,156638.01594609686,118217.20694998193
44,Population,121,Bolivia (Plurinational State of),3,Both,30,80-84 years,1,Number,2023,81141.65276901817,92514.13278172567,69821.89039357462
44,Population,121,Bolivia (Plurinational State of),3,Both,31,85-89 years,1,Number,2023,37840.87264989755,43144.49357932833,32561.836891338105
44,Population,121,Bolivia (Plurinational State of),3,Both,32,90-94 years,1,Number,2023,13087.947995880479,14922.300907253975,11262.098309070823
44,Population,385,Puerto Rico,3,Both,16,55-59 years,1,Number,2023,258261.99466975164,280802.42936377233,236112.5588808165
44,Population,385,Puerto Rico,3,Both,17,60-64 years,1,Number,2023,256624.06691511223,279021.5475378837,234615.10543667208
44,Population,385,Puerto Rico,3,Both,18,65-69 years,1,Number,2023,240763.7402457383,261776.9728378462,220115.01486244667
44,Population,385,Puerto Rico,3,Both,19,70-74 years,1,Number,2023,214584.98830113903,233313.40756121656,196181.44260823436
44,Population,385,Puerto Rico,3,Both,20,75-79 years,1,Number,2023,177179.99612785294,192643.8050282434,161984.43104931337
44,Population,385,Puerto Rico,3,Both,30,80-84 years,1,Number,2023,112940.22331041188,122797.35204169017,103254.08181134696
44,Population,385,Puerto Rico,3,Both,31,85-89 years,1,Number,2023,68814.36963567097,74820.30870838082,62912.61291939382
44,Population,385,Puerto Rico,3,Both,32,90-94 years,1,Number,2023,26550.462279202355,28867.71752175436,24273.403433700398
44,Population,216,Senegal,3,Both,30,80-84 years,1,Number,2023,69081.58772851441,73836.806271014,64105.17212388971
44,Population,216,Senegal,3,Both,31,85-89 years,1,Number,2023,37707.67752624984,40303.27865910288,34991.33760086721
44,Population,216,Senegal,3,Both,32,90-94 years,1,Number,2023,17997.49204136372,19236.346136754706,16701.0105448653
44,Population,176,Comoros,3,Both,235,95+ years,1,Number,2023,1741.8682511560555,1934.390416768812,1557.1818647001978
44,Population,123,Peru,3,Both,235,95+ years,1,Number,2023,33144.61639388,35651.041061333155,30589.97849002318
44,Population,125,Colombia,3,Both,1,<5 years,1,Number,2023,3711292.7079764684,4074526.8174722455,3360704.9103883947
44,Population,125,Colombia,3,Both,6,5-9 years,1,Number,2023,3807055.0906082983,4179661.7197395405,3447421.0858195573
44,Population,177,Djibouti,3,Both,1,<5 years,1,Number,2023,170204.14475548404,197785.62393381333,145587.245451454
44,Population,177,Djibouti,3,Both,6,5-9 years,1,Number,2023,159269.3871511873,185078.89544351806,136233.99943282193
44,Population,177,Djibouti,3,Both,7,10-14 years,1,Number,2023,149310.7729096107,173506.4937601395,127715.71559180494
44,Population,177,Djibouti,3,Both,8,15-19 years,1,Number,2023,129307.99140957095,150262.2735616203,110605.96856336624
44,Population,177,Djibouti,3,Both,9,20-24 years,1,Number,2023,117770.13703877066,136854.716836932,100736.85263391583
44,Population,177,Djibouti,3,Both,10,25-29 years,1,Number,2023,110721.26249482803,128663.57641724522,94707.46815647103
44,Population,177,Djibouti,3,Both,11,30-34 years,1,Number,2023,111625.94713987656,129714.86466431654,95481.30680572402
44,Population,177,Djibouti,3,Both,12,35-39 years,1,Number,2023,105067.8923980082,122094.08110010932,89871.7540726805
44,Population,177,Djibouti,3,Both,13,40-44 years,1,Number,2023,90749.14266479667,105454.98659389802,77623.9481513747
44,Population,177,Djibouti,3,Both,14,45-49 years,1,Number,2023,70955.4367186371,82453.72251688168,60693.03774306873
44,Population,177,Djibouti,3,Both,15,50-54 years,1,Number,2023,55725.56665902887,64755.86118396336,47665.88829410979
44,Population,177,Djibouti,3,Both,16,55-59 years,1,Number,2023,40675.5514056117,47267.000020289415,34792.58096134712
44,Population,177,Djibouti,3,Both,17,60-64 years,1,Number,2023,29778.39550607627,34603.966568372234,25471.49825241792
44,Population,177,Djibouti,3,Both,18,65-69 years,1,Number,2023,20291.511577004854,23579.738810613126,17356.71760982331
44,Population,177,Djibouti,3,Both,19,70-74 years,1,Number,2023,13277.305464239123,15428.884820501713,11356.987412574925
44,Population,177,Djibouti,3,Both,20,75-79 years,1,Number,2023,7697.189976487461,8944.514977727147,6583.933005880836
44,Population,177,Djibouti,3,Both,30,80-84 years,1,Number,2023,4084.010120511123,4745.821501572301,3493.3331658594493
44,Population,178,Eritrea,3,Both,30,80-84 years,1,Number,2023,30934.00053528372,40511.54268789775,21754.66775300991
44,Population,178,Eritrea,3,Both,31,85-89 years,1,Number,2023,14239.848188532544,18648.678081612,10014.326011324749
44,Population,178,Eritrea,3,Both,32,90-94 years,1,Number,2023,4893.542280510002,6408.642385772012,3441.436109318445
44,Population,396,San Marino,3,Both,235,95+ years,1,Number,2023,78.15723638766545,79.25178269810051,76.98896576635106
44,Population,413,Tokelau,3,Both,235,95+ years,1,Number,2023,2.2129181438846026,2.4461020012551558,1.9661432623834898
44,Population,416,Tuvalu,3,Both,1,<5 years,1,Number,2023,1196.0119314007027,1322.5884990703728,1070.0118402186656
44,Population,416,Tuvalu,3,Both,6,5-9 years,1,Number,2023,1198.9768706996072,1325.867224402636,1072.664422581821
44,Population,416,Tuvalu,3,Both,7,10-14 years,1,Number,2023,1065.2255782558418,1177.9607391263992,953.0038549888463
44,Population,416,Tuvalu,3,Both,8,15-19 years,1,Number,2023,947.0427062766329,1047.270314421564,847.2715717158017
44,Population,416,Tuvalu,3,Both,9,20-24 years,1,Number,2023,927.8540265722828,1026.0508546293893,830.1044231759271
44,Population,416,Tuvalu,3,Both,10,25-29 years,1,Number,2023,972.8476162089856,1075.8062146078657,870.357929333536
44,Population,416,Tuvalu,3,Both,11,30-34 years,1,Number,2023,904.9663992647403,1000.7409794908417,809.6280118872027
44,Population,416,Tuvalu,3,Both,12,35-39 years,1,Number,2023,705.3703496583698,780.0212418874698,631.0594451927491
44,Population,522,Sudan,3,Both,1,<5 years,1,Number,2023,4184821.711078521,4882167.034191641,3516464.218077912
44,Population,522,Sudan,3,Both,6,5-9 years,1,Number,2023,4291189.797602935,5006259.958902095,3605844.2672251235
44,Population,522,Sudan,3,Both,7,10-14 years,1,Number,2023,4200815.005570592,4900825.400193377,3529903.2249683766
44,Population,522,Sudan,3,Both,8,15-19 years,1,Number,2023,3940895.272901417,4597593.473486921,3311495.249048185
44,Population,522,Sudan,3,Both,9,20-24 years,1,Number,2023,3542076.4908573856,4132316.803477955,2976371.7782339863
44,Population,522,Sudan,3,Both,10,25-29 years,1,Number,2023,3167065.732209136,3694815.4498377712,2661253.9535749853
44,Population,522,Sudan,3,Both,11,30-34 years,1,Number,2023,2746949.289788647,3204692.1453544903,2308234.2697765324
44,Population,522,Sudan,3,Both,12,35-39 years,1,Number,2023,2387065.050518457,2784837.945965614,2005827.1094682238
44,Population,522,Sudan,3,Both,13,40-44 years,1,Number,2023,2007010.8084650445,2341452.678955121,1686471.2956777448
44,Population,522,Sudan,3,Both,14,45-49 years,1,Number,2023,1680042.2443237847,1959999.117662057,1411722.851031884
44,Population,522,Sudan,3,Both,15,50-54 years,1,Number,2023,1397734.3057458664,1630648.2859248314,1174502.2875224438
44,Population,522,Sudan,3,Both,16,55-59 years,1,Number,2023,1190272.9188753273,1388616.1962026653,1000174.5397878689
44,Population,522,Sudan,3,Both,17,60-64 years,1,Number,2023,945444.2291628974,1102990.03564867,794447.4177330612
44,Population,522,Sudan,3,Both,18,65-69 years,1,Number,2023,721901.7387302157,842197.1386317338,606606.8780165057
44,Population,522,Sudan,3,Both,19,70-74 years,1,Number,2023,520284.20883705764,606982.7075476816,437189.6653955589
44,Population,522,Sudan,3,Both,20,75-79 years,1,Number,2023,327881.47484079935,382518.59651562845,275515.55446101306
44,Population,218,Togo,3,Both,235,95+ years,1,Number,2023,1593.5662815825106,1714.689574632265,1478.6193883999972
44,Population,416,Tuvalu,3,Both,13,40-44 years,1,Number,2023,479.33937208600685,530.0689098729123,428.8408753701388
44,Population,416,Tuvalu,3,Both,14,45-49 years,1,Number,2023,396.3272325178682,438.27141338183316,354.57408096135146
44,Population,416,Tuvalu,3,Both,15,50-54 years,1,Number,2023,467.88039292644737,517.3972017990881,418.589101908993
44,Population,416,Tuvalu,3,Both,16,55-59 years,1,Number,2023,559.8376012858739,619.0864433439938,500.85860036023837
44,Population,416,Tuvalu,3,Both,17,60-64 years,1,Number,2023,516.5089510290362,571.1722269341105,462.09463189278927
44,Population,416,Tuvalu,3,Both,18,65-69 years,1,Number,2023,342.93945524030596,379.23349046116476,306.81071647463904
44,Population,416,Tuvalu,3,Both,19,70-74 years,1,Number,2023,167.82367244536897,185.5848200344032,150.14341568918755
44,Population,416,Tuvalu,3,Both,20,75-79 years,1,Number,2023,85.93859945078815,95.03367004601195,76.88495116972592
44,Population,416,Tuvalu,3,Both,30,80-84 years,1,Number,2023,57.37415609532541,63.446188957894826,51.3297775153918
44,Population,416,Tuvalu,3,Both,31,85-89 years,1,Number,2023,24.653530953023864,27.262668242580094,22.056276639346404
44,Population,416,Tuvalu,3,Both,32,90-94 years,1,Number,2023,5.357738621225374,5.9247598585066035,4.793299808300398
44,Population,522,Sudan,3,Both,30,80-84 years,1,Number,2023,167579.36176217103,195504.25133769712,140815.2772112091
44,Population,522,Sudan,3,Both,31,85-89 years,1,Number,2023,60004.147923664226,70003.04747323932,50420.890942911705
44,Population,522,Sudan,3,Both,32,90-94 years,1,Number,2023,12791.043524018081,14922.502160737771,10748.187131846682
44,Population,180,Kenya,3,Both,235,95+ years,1,Number,2023,18410.891177389683,20094.45815047761,16716.066019644448
44,Population,181,Madagascar,3,Both,1,<5 years,1,Number,2023,4628293.229229466,5070436.871429822,4181519.0202566404
44,Population,181,Madagascar,3,Both,6,5-9 years,1,Number,2023,4094304.055689226,4485435.390243736,3699076.40584576
44,Population,181,Madagascar,3,Both,7,10-14 years,1,Number,2023,3727971.0232488867,4084106.342382732,3368105.901811253
44,Population,181,Madagascar,3,Both,8,15-19 years,1,Number,2023,3593463.212167525,3936748.9190252246,3246582.2768910066
44,Population,181,Madagascar,3,Both,9,20-24 years,1,Number,2023,3173031.3349933214,3476152.931181248,2866735.1487912983
44,Population,181,Madagascar,3,Both,10,25-29 years,1,Number,2023,2464224.0646289494,2699632.8749981667,2226349.819701367
44,Population,181,Madagascar,3,Both,11,30-34 years,1,Number,2023,2007859.1376499033,2199671.131440451,1814038.298406807
44,Population,181,Madagascar,3,Both,12,35-39 years,1,Number,2023,1582317.9268242903,1733477.712221354,1429575.0462228945
44,Population,181,Madagascar,3,Both,13,40-44 years,1,Number,2023,1408841.8514111375,1543429.3627497214,1272844.8061597906
44,Population,181,Madagascar,3,Both,14,45-49 years,1,Number,2023,1173385.4388444268,1285479.657153475,1060117.2586977622
44,Population,182,Malawi,3,Both,11,30-34 years,1,Number,2023,1284912.156386473,1412099.1939449129,1148009.5317442687
44,Population,182,Malawi,3,Both,12,35-39 years,1,Number,2023,1086420.8184840956,1193960.1897617434,970666.70970931
44,Population,182,Malawi,3,Both,13,40-44 years,1,Number,2023,927233.908683926,1019016.1627338055,828440.5747387699
44,Population,182,Malawi,3,Both,14,45-49 years,1,Number,2023,724691.1890659374,796424.7507914418,647478.0306837969
44,Population,182,Malawi,3,Both,15,50-54 years,1,Number,2023,529824.7198049097,582269.4228939732,473373.8609807554
44,Population,182,Malawi,3,Both,16,55-59 years,1,Number,2023,383341.79896974633,421286.8892554517,342498.1520689247
44,Population,182,Malawi,3,Both,17,60-64 years,1,Number,2023,291066.7530323453,319877.99733876414,260054.67003651217
44,Population,182,Malawi,3,Both,18,65-69 years,1,Number,2023,226461.66524681108,248877.97454868193,202333.01474020982
44,Population,182,Malawi,3,Both,19,70-74 years,1,Number,2023,170856.96377361612,187769.24136441186,152652.78797627037
44,Population,182,Malawi,3,Both,20,75-79 years,1,Number,2023,106254.26923791504,116771.848720012,94933.27093790774
44,Population,182,Malawi,3,Both,30,80-84 years,1,Number,2023,57832.11351608284,63556.625621672734,51670.31631492362
44,Population,182,Malawi,3,Both,31,85-89 years,1,Number,2023,28034.79869709695,30809.823415408122,25047.79487440604
44,Population,182,Malawi,3,Both,32,90-94 years,1,Number,2023,11667.953464496117,12822.905908632416,10424.776298218176
44,Population,298,American Samoa,3,Both,1,<5 years,1,Number,2023,3651.119425222059,3972.5754738147466,3336.9217326987314
44,Population,298,American Samoa,3,Both,6,5-9 years,1,Number,2023,4648.288725357021,5057.5386984061315,4248.279462006084
44,Population,298,American Samoa,3,Both,7,10-14 years,1,Number,2023,5296.628855916612,5762.960735154283,4840.82657424234
44,Population,298,American Samoa,3,Both,8,15-19 years,1,Number,2023,4839.467650202233,5265.549617661169,4423.006452512884
44,Population,305,Bermuda,3,Both,6,5-9 years,1,Number,2023,2620.4987873315763,2899.238437506579,2332.548351872994
44,Population,305,Bermuda,3,Both,7,10-14 years,1,Number,2023,2967.2544194491416,3282.8780949325806,2641.2011480920387
44,Population,305,Bermuda,3,Both,8,15-19 years,1,Number,2023,3083.738259614523,3411.7521964541984,2744.8852981138257
44,Population,305,Bermuda,3,Both,9,20-24 years,1,Number,2023,2946.6809824029997,3260.1162834163324,2622.8883990435233
44,Population,305,Bermuda,3,Both,10,25-29 years,1,Number,2023,3267.799847384321,3615.392218235733,2908.721494211726
44,Population,305,Bermuda,3,Both,11,30-34 years,1,Number,2023,3734.3032356815906,4131.517072449363,3323.9637048841482
44,Population,305,Bermuda,3,Both,12,35-39 years,1,Number,2023,4146.5051182970965,4587.564427963835,3690.871267132177
44,Population,305,Bermuda,3,Both,13,40-44 years,1,Number,2023,4542.400198770567,5025.570444252526,4043.2638810640287
44,Population,305,Bermuda,3,Both,14,45-49 years,1,Number,2023,4691.331342336685,5190.343234095479,4175.829900612333
44,Population,305,Bermuda,3,Both,15,50-54 years,1,Number,2023,4817.626595769287,5330.072378408228,4288.247348263045
44,Population,305,Bermuda,3,Both,16,55-59 years,1,Number,2023,4887.126835111237,5406.965283793338,4350.110635327153
44,Population,305,Bermuda,3,Both,17,60-64 years,1,Number,2023,5070.439969275851,5609.777239761095,4513.280620766357
44,Population,305,Bermuda,3,Both,18,65-69 years,1,Number,2023,4388.10423607771,4854.862185216568,3905.9225492459104
44,Population,305,Bermuda,3,Both,19,70-74 years,1,Number,2023,3390.6013214415375,3751.2559536018125,3018.0290723355893
44,Population,305,Bermuda,3,Both,20,75-79 years,1,Number,2023,2756.349763547618,3049.5397366036905,2453.4715029177382
44,Population,305,Bermuda,3,Both,30,80-84 years,1,Number,2023,1898.3789738119403,2100.3075126145677,1689.7778270313306
44,Population,305,Bermuda,3,Both,31,85-89 years,1,Number,2023,1080.5356703727552,1195.4710926737937,961.8022756783823
44,Population,305,Bermuda,3,Both,32,90-94 years,1,Number,2023,248.98855829029188,275.47320463736634,221.62874262065685
44,Population,184,Mozambique,3,Both,235,95+ years,1,Number,2023,15464.048828971045,17079.356979679178,13811.216868748628
44,Population,185,Rwanda,3,Both,235,95+ years,1,Number,2023,2904.183992089545,3121.0965040130413,2679.9882926088417
44,Population,186,Seychelles,3,Both,1,<5 years,1,Number,2023,7423.890777631199,7969.63392088265,6880.82678286031
44,Population,186,Seychelles,3,Both,6,5-9 years,1,Number,2023,7677.8716663125015,8242.285387117756,7116.228751116444
44,Population,186,Seychelles,3,Both,7,10-14 years,1,Number,2023,7567.577446032301,8123.88324657564,7014.002647900409
44,Population,186,Seychelles,3,Both,8,15-19 years,1,Number,2023,7337.045471156701,7876.404464647376,6800.334285239524
44,Population,186,Seychelles,3,Both,9,20-24 years,1,Number,2023,7046.7255269633215,7564.742595627992,6531.251494632828
44,Population,186,Seychelles,3,Both,10,25-29 years,1,Number,2023,7523.233208182833,8076.279186555569,6972.902229184727
44,Population,186,Seychelles,3,Both,11,30-34 years,1,Number,2023,7973.3699652345795,8559.506280742478,7390.111095350159
44,Population,186,Seychelles,3,Both,12,35-39 years,1,Number,2023,8244.471310603127,8850.536758259213,7641.381144163644
44,Population,186,Seychelles,3,Both,13,40-44 years,1,Number,2023,8133.431909284145,8731.334657122074,7538.464370542654
44,Population,186,Seychelles,3,Both,14,45-49 years,1,Number,2023,7729.904508744149,8298.143254436152,7164.455346377087
44,Population,186,Seychelles,3,Both,15,50-54 years,1,Number,2023,7236.720865337275,7768.704822291808,6707.348510612803
44,Population,186,Seychelles,3,Both,16,55-59 years,1,Number,2023,6583.814737976132,7067.802428166098,6102.203027953422
44,Population,186,Seychelles,3,Both,17,60-64 years,1,Number,2023,5336.36288286129,5728.648214159272,4946.003348822126
44,Population,186,Seychelles,3,Both,18,65-69 years,1,Number,2023,4078.63688178489,4378.464583824009,3780.281086341906
44,Population,186,Seychelles,3,Both,19,70-74 years,1,Number,2023,2661.952735505516,2857.637518131738,2467.228603680911
44,Population,186,Seychelles,3,Both,20,75-79 years,1,Number,2023,1623.835035541482,1743.2059776744702,1505.0501062282483
44,Population,351,Guam,3,Both,235,95+ years,1,Number,2023,80.84143624024637,87.8455075604889,73.73943783766732
44,Population,369,Nauru,3,Both,235,95+ years,1,Number,2023,0.15095866078914089,0.16335780507799247,0.13878177304168723
44,Population,374,Niue,3,Both,1,<5 years,1,Number,2023,115.54669246987952,124.27812108096798,107.04072164777111
44,Population,374,Niue,3,Both,6,5-9 years,1,Number,2023,133.32165139289367,143.39626674160152,123.50717680722884
44,Population,374,Niue,3,Both,7,10-14 years,1,Number,2023,137.43755843236036,147.82319738301464,127.32009131237143
44,Population,374,Niue,3,Both,8,15-19 years,1,Number,2023,128.63643984654388,138.35701139468628,119.16686715167998
44,Population,374,Niue,3,Both,9,20-24 years,1,Number,2023,114.11159031901894,122.73457366255354,105.71126455486102
44,Population,374,Niue,3,Both,10,25-29 years,1,Number,2023,105.50971703628169,113.48268919486239,97.74261825244179
44,Population,374,Niue,3,Both,11,30-34 years,1,Number,2023,102.61261786759044,110.36666714720371,95.05878906552924
44,Population,374,Niue,3,Both,12,35-39 years,1,Number,2023,101.44054016973794,109.10601994963908,93.97299387811535
44,Population,374,Niue,3,Both,13,40-44 years,1,Number,2023,105.2234304387771,113.17476899681945,97.47740664542877
44,Population,374,Niue,3,Both,14,45-49 years,1,Number,2023,101.84114376730825,109.53689565313267,94.34410703818953
44,Population,374,Niue,3,Both,15,50-54 years,1,Number,2023,102.45710637129208,110.19940423250378,94.91472554945204
44,Population,374,Niue,3,Both,16,55-59 years,1,Number,2023,101.53973994617814,109.21271587977881,94.06489106210634
44,Population,374,Niue,3,Both,17,60-64 years,1,Number,2023,100.54280421712123,108.14044547032529,93.14134476585458
44,Population,374,Niue,3,Both,18,65-69 years,1,Number,2023,91.0777169214827,97.96011715607315,84.3730299579824
44,Population,374,Niue,3,Both,19,70-74 years,1,Number,2023,56.002769265171594,60.23468773388562,51.88012489392752
44,Population,376,Northern Mariana Islands,3,Both,17,60-64 years,1,Number,2023,2643.2803326685953,2867.3351226575855,2402.6731270468713
44,Population,376,Northern Mariana Islands,3,Both,18,65-69 years,1,Number,2023,1540.3575442353736,1670.9242805047666,1400.1449758610445
44,Population,376,Northern Mariana Islands,3,Both,19,70-74 years,1,Number,2023,1257.7492354211154,1364.3609849651327,1143.2613677638803
44,Population,376,Northern Mariana Islands,3,Both,20,75-79 years,1,Number,2023,204.40181495058482,221.72771306139398,185.79593765810054
44,Population,376,Northern Mariana Islands,3,Both,30,80-84 years,1,Number,2023,183.27850149961907,198.81390486016096,166.59539469806396
44,Population,376,Northern Mariana Islands,3,Both,31,85-89 years,1,Number,2023,77.6942365275956,84.27990420476206,70.62204183345764
44,Population,376,Northern Mariana Islands,3,Both,32,90-94 years,1,Number,2023,29.6264044933595,32.13765453174912,26.92963173351775
44,Population,385,Puerto Rico,3,Both,235,95+ years,1,Number,2023,11962.091187902583,13006.111372016876,10936.18115802521
44,Population,393,Saint Kitts and Nevis,3,Both,1,<5 years,1,Number,2023,2979.56675271513,3397.1659993120893,2536.4971587039126
44,Population,396,San Marino,3,Both,6,5-9 years,1,Number,2023,1406.438289476854,1426.1346338174585,1385.4152772744062
44,Population,396,San Marino,3,Both,7,10-14 years,1,Number,2023,1714.9573015022734,1738.9742738732311,1689.3226408520932
44,Population,396,San Marino,3,Both,8,15-19 years,1,Number,2023,1751.1142044454816,1775.6375330611377,1724.9390813964424
44,Population,396,San Marino,3,Both,9,20-24 years,1,Number,2023,1823.3650769299709,1848.900236689596,1796.1099697925833
44,Population,396,San Marino,3,Both,10,25-29 years,1,Number,2023,1788.760478059849,1813.811020683967,1762.0226299517062
44,Population,396,San Marino,3,Both,11,30-34 years,1,Number,2023,1769.0351724163165,1793.8094736901492,1742.5921721833656
44,Population,396,San Marino,3,Both,12,35-39 years,1,Number,2023,1905.5937317515807,1932.280455651737,1877.1094956672353
44,Population,396,San Marino,3,Both,13,40-44 years,1,Number,2023,2269.884743978812,2301.6731501004356,2235.9551965341343
44,Population,396,San Marino,3,Both,14,45-49 years,1,Number,2023,2860.160666598854,2900.2155412281127,2817.407854019189
44,Population,396,San Marino,3,Both,15,50-54 years,1,Number,2023,3179.378864330655,3223.9042028184103,3131.854475126284
44,Population,396,San Marino,3,Both,16,55-59 years,1,Number,2023,3266.898045501221,3312.649038851789,3218.065446169563
44,Population,396,San Marino,3,Both,17,60-64 years,1,Number,2023,2776.722029197313,2815.6083945888277,2735.2164320165552
44,Population,396,San Marino,3,Both,18,65-69 years,1,Number,2023,2057.0220885819213,2085.8294779114663,2026.2743474314384
44,Population,396,San Marino,3,Both,19,70-74 years,1,Number,2023,1754.9964031155791,1779.5740996493848,1728.763250140432
44,Population,396,San Marino,3,Both,20,75-79 years,1,Number,2023,1467.987708759358,1488.5460166608405,1446.0446745393704
44,Population,396,San Marino,3,Both,30,80-84 years,1,Number,2023,1092.1765372542063,1107.4718298521418,1075.851014235018
44,Population,396,San Marino,3,Both,31,85-89 years,1,Number,2023,723.2248462933954,733.3531865944649,712.4143010440941
44,Population,396,San Marino,3,Both,32,90-94 years,1,Number,2023,322.60849393188806,327.126436902603,317.78624018973056
44,Population,422,United States Virgin Islands,3,Both,235,95+ years,1,Number,2023,168.86252362020065,184.0350226147172,154.12796179098845
44,Population,522,Sudan,3,Both,235,95+ years,1,Number,2023,1649.514993220093,1924.384902942137,1386.0711044118962
