measure_id,measure_name,location_id,location_name,sex_id,sex_name,age_id,age_name,cause_id,cause_name,metric_id,metric_name,year,val,upper,lower
5,Prevalence,25,Micronesia (Federated States of),3,Both,1,<5 years,976,Diabetes mellitus type 2,1,Number,2023,0.0,0.0,0.0
5,Prevalence,25,Micronesia (Federated States of),3,Both,6,5-9 years,976,Diabetes mellitus type 2,1,Number,2023,0.0,0.0,0.0
5,Prevalence,25,Micronesia (Federated States of),3,Both,7,10-14 years,976,Diabetes mellitus type 2,1,Number,2023,0.0,0.0,0.0
5,Prevalence,25,Micronesia (Federated States of),3,Both,8,15-19 years,976,Diabetes mellitus type 2,1,Number,2023,171.9717110323274,217.6708260735685,137.72085049548792
5,Prevalence,25,Micronesia (Federated States of),3,Both,9,20-24 years,976,Diabetes mellitus type 2,1,Number,2023,513.3316093243754,629.2486444157616,408.1648479476775
5,Prevalence,25,Micronesia (Federated States of),3,Both,10,25-29 years,976,Diabetes mellitus type 2,1,Number,2023,714.6307476016678,852.2419564033636,587.2293344196765
5,Prevalence,25,Micronesia (Federated States of),3,Both,11,30-34 years,976,Diabetes mellitus type 2,1,Number,2023,835.4141144055682,985.1695511749998,699.6718670834684
5,Prevalence,25,Micronesia (Federated States of),3,Both,12,35-39 years,976,Diabetes mellitus type 2,1,Number,2023,1029.2339441918075,1185.0091910111591,878.3365902327562
5,Prevalence,25,Micronesia (Federated States of),3,Both,13,40-44 years,976,Diabetes mellitus type 2,1,Number,2023,1385.1033688186385,1600.1757020040495,1188.8234870865945
5,Prevalence,25,Micronesia (Federated States of),3,Both,14,45-49 years,976,Diabetes mellitus type 2,1,Number,2023,2089.052326477229,2308.221363133332,1871.451485062861
5,Prevalence,25,Micronesia (Federated States of),3,Both,15,50-54 years,976,Diabetes mellitus type 2,1,Number,2023,2673.400525103648,2900.7457433389327,2368.478993996443
5,Prevalence,25,Micronesia (Federated States of),3,Both,16,55-59 years,976,Diabetes mellitus type 2,1,Number,2023,2766.229537169048,2927.42386618671,2524.580549545933
5,Prevalence,25,Micronesia (Federated States of),3,Both,17,60-64 years,976,Diabetes mellitus type 2,1,Number,2023,2622.456926247159,2744.174558095291,2493.3055093961225
5,Prevalence,25,Micronesia (Federated States of),3,Both,18,65-69 years,976,Diabetes mellitus type 2,1,Number,2023,1636.0680748076234,1717.348470942046,1558.0583960447616
5,Prevalence,25,Micronesia (Federated States of),3,Both,19,70-74 years,976,Diabetes mellitus type 2,1,Number,2023,920.2160877807528,970.2770461754416,873.1668044223338
5,Prevalence,25,Micronesia (Federated States of),3,Both,20,75-79 years,976,Diabetes mellitus type 2,1,Number,2023,424.9306488457046,452.5845606246789,403.248096373349
5,Prevalence,25,Micronesia (Federated States of),3,Both,30,80-84 years,976,Diabetes mellitus type 2,1,Number,2023,175.90280220480653,189.61048067582783,164.1932200893108
5,Prevalence,25,Micronesia (Federated States of),3,Both,31,85-89 years,976,Diabetes mellitus type 2,1,Number,2023,64.75708181836438,71.05537215912477,59.50155400201924
5,Prevalence,25,Micronesia (Federated States of),3,Both,32,90-94 years,976,Diabetes mellitus type 2,1,Number,2023,14.068986621184202,15.809440604473558,12.428504725060003
5,Prevalence,25,Micronesia (Federated States of),3,Both,235,95+ years,976,Diabetes mellitus type 2,1,Number,2023,1.7608181921152075,2.047859474748793,1.500222296055949
5,Prevalence,202,Cameroon,3,Both,1,<5 years,976,Diabetes mellitus type 2,1,Number,2023,0.0,0.0,0.0
5,Prevalence,202,Cameroon,3,Both,6,5-9 years,976,Diabetes mellitus type 2,1,Number,2023,0.0,0.0,0.0
5,Prevalence,202,Cameroon,3,Both,7,10-14 years,976,Diabetes mellitus type 2,1,Number,2023,0.0,0.0,0.0
5,Prevalence,202,Cameroon,3,Both,8,15-19 years,976,Diabetes mellitus type 2,1,Number,2023,49628.56633680082,60834.95915781835,39244.65637804275
5,Prevalence,202,Cameroon,3,Both,9,20-24 years,976,Diabetes mellitus type 2,1,Number,2023,69903.28445335756,83959.48970020418,58313.54582656309
5,Prevalence,202,Cameroon,3,Both,10,25-29 years,976,Diabetes mellitus type 2,1,Number,2023,81906.01048382965,97254.5328396862,69129.05606103512
5,Prevalence,202,Cameroon,3,Both,11,30-34 years,976,Diabetes mellitus type 2,1,Number,2023,89688.86987828996,105178.76223507932,76899.58977989858
5,Prevalence,202,Cameroon,3,Both,12,35-39 years,976,Diabetes mellitus type 2,1,Number,2023,93408.33744679009,107111.38540182685,80514.4907440063
5,Prevalence,202,Cameroon,3,Both,13,40-44 years,976,Diabetes mellitus type 2,1,Number,2023,90725.86989006057,104540.1677098241,76651.56760055906
5,Prevalence,202,Cameroon,3,Both,14,45-49 years,976,Diabetes mellitus type 2,1,Number,2023,84940.69987006261,97610.61016183524,71184.13263212192
5,Prevalence,202,Cameroon,3,Both,15,50-54 years,976,Diabetes mellitus type 2,1,Number,2023,78165.51400590647,89643.24994587387,65309.07780391723
5,Prevalence,202,Cameroon,3,Both,16,55-59 years,976,Diabetes mellitus type 2,1,Number,2023,74285.0374574799,85241.9370262953,63357.93544049248
5,Prevalence,202,Cameroon,3,Both,17,60-64 years,976,Diabetes mellitus type 2,1,Number,2023,71182.35286609229,82236.40891158587,60512.965012087145
5,Prevalence,202,Cameroon,3,Both,18,65-69 years,976,Diabetes mellitus type 2,1,Number,2023,63889.46696865381,72653.45292154734,56343.7056262291
5,Prevalence,202,Cameroon,3,Both,19,70-74 years,976,Diabetes mellitus type 2,1,Number,2023,49578.7501542728,54672.98090628839,45403.03463276131
5,Prevalence,202,Cameroon,3,Both,20,75-79 years,976,Diabetes mellitus type 2,1,Number,2023,32060.016417938383,35476.269798358,29414.551328888872
5,Prevalence,202,Cameroon,3,Both,30,80-84 years,976,Diabetes mellitus type 2,1,Number,2023,15755.131941210584,17495.25907645766,14414.911974084958
5,Prevalence,202,Cameroon,3,Both,31,85-89 years,976,Diabetes mellitus type 2,1,Number,2023,6171.885209243358,6853.873323650126,5557.577529871332
5,Prevalence,202,Cameroon,3,Both,32,90-94 years,976,Diabetes mellitus type 2,1,Number,2023,1584.103100185188,1802.69144955976,1387.7870057095147
5,Prevalence,191,Zambia,3,Both,1,<5 years,976,Diabetes mellitus type 2,1,Number,2023,0.0,0.0,0.0
5,Prevalence,191,Zambia,3,Both,6,5-9 years,976,Diabetes mellitus type 2,1,Number,2023,0.0,0.0,0.0
5,Prevalence,191,Zambia,3,Both,7,10-14 years,976,Diabetes mellitus type 2,1,Number,2023,0.0,0.0,0.0
5,Prevalence,191,Zambia,3,Both,8,15-19 years,976,Diabetes mellitus type 2,1,Number,2023,30762.871377213112,38730.91766695492,24583.84628474127
5,Prevalence,191,Zambia,3,Both,9,20-24 years,976,Diabetes mellitus type 2,1,Number,2023,41897.62151863302,51580.92228137803,34502.83237125082
5,Prevalence,191,Zambia,3,Both,10,25-29 years,976,Diabetes mellitus type 2,1,Number,2023,48592.9085744048,56815.7139133086,40381.992381480086
5,Prevalence,191,Zambia,3,Both,11,30-34 years,976,Diabetes mellitus type 2,1,Number,2023,49722.56051804064,58086.68862705857,42110.13648121842
5,Prevalence,191,Zambia,3,Both,12,35-39 years,976,Diabetes mellitus type 2,1,Number,2023,50111.919730426416,57214.57696711528,43706.50091246843
5,Prevalence,191,Zambia,3,Both,13,40-44 years,976,Diabetes mellitus type 2,1,Number,2023,50647.58559525832,58173.17619866772,43593.837085815394
5,Prevalence,191,Zambia,3,Both,14,45-49 years,976,Diabetes mellitus type 2,1,Number,2023,49006.83407969401,55456.81038096248,42125.36065493285
5,Prevalence,191,Zambia,3,Both,15,50-54 years,976,Diabetes mellitus type 2,1,Number,2023,42106.02215112386,48085.35626084894,36334.42465425382
5,Prevalence,191,Zambia,3,Both,16,55-59 years,976,Diabetes mellitus type 2,1,Number,2023,35564.54378621611,40287.08780199333,30861.95450359537
5,Prevalence,191,Zambia,3,Both,17,60-64 years,976,Diabetes mellitus type 2,1,Number,2023,32388.11555634798,37491.48430469504,28125.539115600008
5,Prevalence,191,Zambia,3,Both,18,65-69 years,976,Diabetes mellitus type 2,1,Number,2023,30707.40758698058,34642.850258151695,27147.482351322666
5,Prevalence,191,Zambia,3,Both,19,70-74 years,976,Diabetes mellitus type 2,1,Number,2023,26220.1994663019,28954.08013845663,23625.759936310023
5,Prevalence,191,Zambia,3,Both,20,75-79 years,976,Diabetes mellitus type 2,1,Number,2023,17538.50816813625,19685.89331283171,15792.398689354208
5,Prevalence,191,Zambia,3,Both,30,80-84 years,976,Diabetes mellitus type 2,1,Number,2023,8634.05597631309,9816.456034398092,7772.518475625981
5,Prevalence,191,Zambia,3,Both,31,85-89 years,976,Diabetes mellitus type 2,1,Number,2023,3071.2264808560394,3528.90912196726,2718.94174376631
5,Prevalence,191,Zambia,3,Both,32,90-94 years,976,Diabetes mellitus type 2,1,Number,2023,774.6003277306056,903.5719218502874,671.7530057670621
5,Prevalence,191,Zambia,3,Both,235,95+ years,976,Diabetes mellitus type 2,1,Number,2023,148.97578172085852,181.5173233646213,120.97790129672568
5,Prevalence,37,Kyrgyzstan,3,Both,1,<5 years,976,Diabetes mellitus type 2,1,Number,2023,0.0,0.0,0.0
5,Prevalence,37,Kyrgyzstan,3,Both,6,5-9 years,976,Diabetes mellitus type 2,1,Number,2023,0.0,0.0,0.0
5,Prevalence,37,Kyrgyzstan,3,Both,7,10-14 years,976,Diabetes mellitus type 2,1,Number,2023,0.0,0.0,0.0
5,Prevalence,37,Kyrgyzstan,3,Both,8,15-19 years,976,Diabetes mellitus type 2,1,Number,2023,4286.15700208475,5696.912356754577,3272.971459590697
5,Prevalence,37,Kyrgyzstan,3,Both,9,20-24 years,976,Diabetes mellitus type 2,1,Number,2023,6348.83998513717,7694.586555780313,5080.706425855245
5,Prevalence,37,Kyrgyzstan,3,Both,10,25-29 years,976,Diabetes mellitus type 2,1,Number,2023,9022.67866652666,11011.31269718816,7468.680596045356
5,Prevalence,37,Kyrgyzstan,3,Both,11,30-34 years,976,Diabetes mellitus type 2,1,Number,2023,11947.738445646395,14371.322428797648,9782.057685833775
5,Prevalence,37,Kyrgyzstan,3,Both,12,35-39 years,976,Diabetes mellitus type 2,1,Number,2023,14800.307649047196,17024.82378591012,12455.452459644132
5,Prevalence,37,Kyrgyzstan,3,Both,13,40-44 years,976,Diabetes mellitus type 2,1,Number,2023,17202.915200952462,19894.508835699336,14508.584877380745
5,Prevalence,37,Kyrgyzstan,3,Both,14,45-49 years,976,Diabetes mellitus type 2,1,Number,2023,21380.44042247055,24884.59296670167,18314.07887952712
5,Prevalence,37,Kyrgyzstan,3,Both,15,50-54 years,976,Diabetes mellitus type 2,1,Number,2023,27451.473341664077,32035.26961105418,23248.384259253173
5,Prevalence,37,Kyrgyzstan,3,Both,16,55-59 years,976,Diabetes mellitus type 2,1,Number,2023,33867.56798280404,38508.29639178071,30107.41666788245
5,Prevalence,37,Kyrgyzstan,3,Both,17,60-64 years,976,Diabetes mellitus type 2,1,Number,2023,38599.91609423784,44108.69704496776,34761.552585861056
5,Prevalence,37,Kyrgyzstan,3,Both,18,65-69 years,976,Diabetes mellitus type 2,1,Number,2023,29814.60818114335,33380.686504176134,26540.799266279377
5,Prevalence,37,Kyrgyzstan,3,Both,19,70-74 years,976,Diabetes mellitus type 2,1,Number,2023,19135.528118494705,21220.201031031247,17197.099470300138
5,Prevalence,37,Kyrgyzstan,3,Both,20,75-79 years,976,Diabetes mellitus type 2,1,Number,2023,7233.073410767539,8040.3101496181425,6528.188611544862
5,Prevalence,37,Kyrgyzstan,3,Both,30,80-84 years,976,Diabetes mellitus type 2,1,Number,2023,5435.698634549748,6060.746493132408,4918.639868833527
5,Prevalence,37,Kyrgyzstan,3,Both,31,85-89 years,976,Diabetes mellitus type 2,1,Number,2023,2382.998271869827,2666.392969766169,2144.7687619275043
5,Prevalence,37,Kyrgyzstan,3,Both,32,90-94 years,976,Diabetes mellitus type 2,1,Number,2023,740.501586860517,830.2100069215837,663.4440313951229
5,Prevalence,37,Kyrgyzstan,3,Both,235,95+ years,976,Diabetes mellitus type 2,1,Number,2023,203.40967893468024,228.9292892239968,182.1460757683499
5,Prevalence,72,New Zealand,3,Both,1,<5 years,976,Diabetes mellitus type 2,1,Number,2023,0.0,0.0,0.0
5,Prevalence,72,New Zealand,3,Both,6,5-9 years,976,Diabetes mellitus type 2,1,Number,2023,0.0,0.0,0.0
5,Prevalence,72,New Zealand,3,Both,7,10-14 years,976,Diabetes mellitus type 2,1,Number,2023,0.0,0.0,0.0
5,Prevalence,72,New Zealand,3,Both,8,15-19 years,976,Diabetes mellitus type 2,1,Number,2023,1066.7392410110592,1560.58291931625,529.1452470556617
5,Prevalence,72,New Zealand,3,Both,9,20-24 years,976,Diabetes mellitus type 2,1,Number,2023,1958.2961172318355,2465.743433790373,1457.6281241898992
5,Prevalence,72,New Zealand,3,Both,10,25-29 years,976,Diabetes mellitus type 2,1,Number,2023,3837.0917029954735,4636.957189474057,3156.086326865936
5,Prevalence,72,New Zealand,3,Both,11,30-34 years,976,Diabetes mellitus type 2,1,Number,2023,7309.524508808653,8440.992384891744,6304.760235941258
5,Prevalence,72,New Zealand,3,Both,12,35-39 years,976,Diabetes mellitus type 2,1,Number,2023,10161.885742465029,11490.331980508709,8972.737398689413
5,Prevalence,72,New Zealand,3,Both,13,40-44 years,976,Diabetes mellitus type 2,1,Number,2023,13259.426178929005,14780.344967767938,11682.60721448174
5,Prevalence,72,New Zealand,3,Both,14,45-49 years,976,Diabetes mellitus type 2,1,Number,2023,18105.041361744115,19863.074885929887,16309.780671685558
5,Prevalence,72,New Zealand,3,Both,15,50-54 years,976,Diabetes mellitus type 2,1,Number,2023,26901.774382961117,29658.53818143803,24037.077187741044
5,Prevalence,72,New Zealand,3,Both,16,55-59 years,976,Diabetes mellitus type 2,1,Number,2023,34592.16251062888,37814.23976884116,31438.15115247476
5,Prevalence,72,New Zealand,3,Both,17,60-64 years,976,Diabetes mellitus type 2,1,Number,2023,43873.49222398391,47827.99054271801,40416.7935981849
5,Prevalence,72,New Zealand,3,Both,18,65-69 years,976,Diabetes mellitus type 2,1,Number,2023,44549.20112133318,48008.39869155861,41351.9238525893
5,Prevalence,72,New Zealand,3,Both,19,70-74 years,976,Diabetes mellitus type 2,1,Number,2023,42112.887760406455,45145.32822190535,39419.21253015995
5,Prevalence,72,New Zealand,3,Both,20,75-79 years,976,Diabetes mellitus type 2,1,Number,2023,33215.97354892203,35658.627357852805,31265.495500992685
5,Prevalence,72,New Zealand,3,Both,30,80-84 years,976,Diabetes mellitus type 2,1,Number,2023,21053.69881291097,22758.932711050977,19678.612508696548
5,Prevalence,72,New Zealand,3,Both,31,85-89 years,976,Diabetes mellitus type 2,1,Number,2023,10488.174363031552,11412.87426060568,9694.156205906424
5,Prevalence,72,New Zealand,3,Both,32,90-94 years,976,Diabetes mellitus type 2,1,Number,2023,4623.492031763847,5070.828993594892,4233.702602868883
5,Prevalence,72,New Zealand,3,Both,235,95+ years,976,Diabetes mellitus type 2,1,Number,2023,1202.7347893229771,1336.6420429385005,1092.1942246045237
5,Prevalence,84,Ireland,3,Both,1,<5 years,976,Diabetes mellitus type 2,1,Number,2023,0.0,0.0,0.0
5,Prevalence,84,Ireland,3,Both,6,5-9 years,976,Diabetes mellitus type 2,1,Number,2023,0.0,0.0,0.0
5,Prevalence,84,Ireland,3,Both,7,10-14 years,976,Diabetes mellitus type 2,1,Number,2023,0.0,0.0,0.0
5,Prevalence,84,Ireland,3,Both,8,15-19 years,976,Diabetes mellitus type 2,1,Number,2023,561.6434404874615,937.841789882648,116.29963369134464
5,Prevalence,84,Ireland,3,Both,9,20-24 years,976,Diabetes mellitus type 2,1,Number,2023,1588.909347329732,2217.274223171484,1025.9205797822972
5,Prevalence,84,Ireland,3,Both,10,25-29 years,976,Diabetes mellitus type 2,1,Number,2023,3265.680171675156,4256.839779361719,2390.958139529579
5,Prevalence,84,Ireland,3,Both,11,30-34 years,976,Diabetes mellitus type 2,1,Number,2023,6114.49101518888,7512.454918790963,4794.050212141161
5,Prevalence,84,Ireland,3,Both,12,35-39 years,976,Diabetes mellitus type 2,1,Number,2023,10159.156026549388,12022.056675099262,8351.454839307493
5,Prevalence,84,Ireland,3,Both,13,40-44 years,976,Diabetes mellitus type 2,1,Number,2023,15483.925578544804,18125.922099181887,12619.992429323094
5,Prevalence,84,Ireland,3,Both,14,45-49 years,976,Diabetes mellitus type 2,1,Number,2023,18224.79859636997,21246.26351046216,15172.707009134425
5,Prevalence,84,Ireland,3,Both,15,50-54 years,976,Diabetes mellitus type 2,1,Number,2023,21229.17355043016,24698.54851080339,18161.423598463687
5,Prevalence,84,Ireland,3,Both,16,55-59 years,976,Diabetes mellitus type 2,1,Number,2023,23652.92863422707,27092.083019188474,20454.76875264819
5,Prevalence,84,Ireland,3,Both,17,60-64 years,976,Diabetes mellitus type 2,1,Number,2023,26240.971477123865,30074.478812401725,22759.11717760921
5,Prevalence,84,Ireland,3,Both,18,65-69 years,976,Diabetes mellitus type 2,1,Number,2023,27716.004323898047,31363.750130855973,24493.73720541803
5,Prevalence,84,Ireland,3,Both,19,70-74 years,976,Diabetes mellitus type 2,1,Number,2023,27876.6909360498,31246.79420248181,25092.03941383234
5,Prevalence,84,Ireland,3,Both,20,75-79 years,976,Diabetes mellitus type 2,1,Number,2023,22978.22190706134,25499.83718341696,20775.160236679694
5,Prevalence,84,Ireland,3,Both,30,80-84 years,976,Diabetes mellitus type 2,1,Number,2023,13978.801870740044,15506.510982655873,12537.242125557168
5,Prevalence,84,Ireland,3,Both,31,85-89 years,976,Diabetes mellitus type 2,1,Number,2023,7257.455422139873,8110.181699242573,6440.456465917385
5,Prevalence,84,Ireland,3,Both,32,90-94 years,976,Diabetes mellitus type 2,1,Number,2023,2614.6740433269056,2956.223699062075,2287.139769421501
5,Prevalence,84,Ireland,3,Both,235,95+ years,976,Diabetes mellitus type 2,1,Number,2023,524.1714175155064,603.6322772022656,439.6688185523987
5,Prevalence,422,United States Virgin Islands,3,Both,1,<5 years,976,Diabetes mellitus type 2,1,Number,2023,0.0,0.0,0.0
5,Prevalence,422,United States Virgin Islands,3,Both,6,5-9 years,976,Diabetes mellitus type 2,1,Number,2023,0.0,0.0,0.0
5,Prevalence,422,United States Virgin Islands,3,Both,7,10-14 years,976,Diabetes mellitus type 2,1,Number,2023,0.0,0.0,0.0
5,Prevalence,422,United States Virgin Islands,3,Both,8,15-19 years,976,Diabetes mellitus type 2,1,Number,2023,64.3230313014166,82.23878272211213,50.44358207819968
5,Prevalence,422,United States Virgin Islands,3,Both,9,20-24 years,976,Diabetes mellitus type 2,1,Number,2023,100.84167181297242,122.46457202823578,81.84894840380414
5,Prevalence,422,United States Virgin Islands,3,Both,10,25-29 years,976,Diabetes mellitus type 2,1,Number,2023,163.2453280704254,193.6891679446469,134.90141986242423
5,Prevalence,422,United States Virgin Islands,3,Both,11,30-34 years,976,Diabetes mellitus type 2,1,Number,2023,263.35517990378395,312.5103126214533,220.75513357860692
5,Prevalence,422,United States Virgin Islands,3,Both,12,35-39 years,976,Diabetes mellitus type 2,1,Number,2023,371.4842712116428,441.2785442659144,315.1082420779124
5,Prevalence,422,United States Virgin Islands,3,Both,13,40-44 years,976,Diabetes mellitus type 2,1,Number,2023,529.3186825671819,622.6800269762803,448.0793516615942
5,Prevalence,422,United States Virgin Islands,3,Both,14,45-49 years,976,Diabetes mellitus type 2,1,Number,2023,705.929753986017,829.1825429850489,609.162700492355
5,Prevalence,422,United States Virgin Islands,3,Both,15,50-54 years,976,Diabetes mellitus type 2,1,Number,2023,1057.0555691902628,1209.3091561743454,897.611769031443
5,Prevalence,422,United States Virgin Islands,3,Both,16,55-59 years,976,Diabetes mellitus type 2,1,Number,2023,1445.928802933692,1635.358503269102,1266.1989090913453
5,Prevalence,422,United States Virgin Islands,3,Both,17,60-64 years,976,Diabetes mellitus type 2,1,Number,2023,1607.5580641326274,1823.882995596805,1426.3515401633726
5,Prevalence,422,United States Virgin Islands,3,Both,18,65-69 years,976,Diabetes mellitus type 2,1,Number,2023,1628.7383343707302,1859.3129974341532,1450.6953031094995
5,Prevalence,422,United States Virgin Islands,3,Both,19,70-74 years,976,Diabetes mellitus type 2,1,Number,2023,1492.5868750149127,1662.5131684767132,1348.231016898641
5,Prevalence,422,United States Virgin Islands,3,Both,20,75-79 years,976,Diabetes mellitus type 2,1,Number,2023,1260.254077029534,1383.359347910652,1147.8641400540955
5,Prevalence,422,United States Virgin Islands,3,Both,30,80-84 years,976,Diabetes mellitus type 2,1,Number,2023,767.5111185187623,844.6970479527397,689.654281769457
5,Prevalence,422,United States Virgin Islands,3,Both,31,85-89 years,976,Diabetes mellitus type 2,1,Number,2023,331.2246964693447,365.7321168932593,296.93233124699134
5,Prevalence,422,United States Virgin Islands,3,Both,32,90-94 years,976,Diabetes mellitus type 2,1,Number,2023,123.46918306161857,137.9395098398955,109.23675820138568
5,Prevalence,422,United States Virgin Islands,3,Both,235,95+ years,976,Diabetes mellitus type 2,1,Number,2023,29.648470751809025,34.7523337427048,24.834651878599168
5,Prevalence,49,North Macedonia,3,Both,1,<5 years,976,Diabetes mellitus type 2,1,Number,2023,0.0,0.0,0.0
5,Prevalence,49,North Macedonia,3,Both,6,5-9 years,976,Diabetes mellitus type 2,1,Number,2023,0.0,0.0,0.0
5,Prevalence,49,North Macedonia,3,Both,7,10-14 years,976,Diabetes mellitus type 2,1,Number,2023,0.0,0.0,0.0
5,Prevalence,49,North Macedonia,3,Both,8,15-19 years,976,Diabetes mellitus type 2,1,Number,2023,423.88943546747686,587.5284009033267,281.7852842968503
5,Prevalence,49,North Macedonia,3,Both,9,20-24 years,976,Diabetes mellitus type 2,1,Number,2023,719.2829599175686,905.7193117016388,556.8607092753648
5,Prevalence,49,North Macedonia,3,Both,10,25-29 years,976,Diabetes mellitus type 2,1,Number,2023,1054.3953208294415,1290.7314791732565,850.616817762283
5,Prevalence,49,North Macedonia,3,Both,11,30-34 years,976,Diabetes mellitus type 2,1,Number,2023,1559.6102070344273,1883.7394423076596,1278.038049962793
5,Prevalence,49,North Macedonia,3,Both,12,35-39 years,976,Diabetes mellitus type 2,1,Number,2023,2490.989441905556,2948.711351099108,2110.378067729942
5,Prevalence,49,North Macedonia,3,Both,13,40-44 years,976,Diabetes mellitus type 2,1,Number,2023,4213.472191667377,5058.304616955774,3411.0028399296816
5,Prevalence,49,North Macedonia,3,Both,14,45-49 years,976,Diabetes mellitus type 2,1,Number,2023,7476.2268248847395,8766.44661619114,6110.807941495647
5,Prevalence,49,North Macedonia,3,Both,15,50-54 years,976,Diabetes mellitus type 2,1,Number,2023,12795.53100412686,14924.525612503989,10836.89443414897
5,Prevalence,49,North Macedonia,3,Both,16,55-59 years,976,Diabetes mellitus type 2,1,Number,2023,22419.75620072712,25678.54018320593,19814.77005372197
5,Prevalence,49,North Macedonia,3,Both,17,60-64 years,976,Diabetes mellitus type 2,1,Number,2023,32629.29363271565,38181.981451448286,28420.151629729666
5,Prevalence,49,North Macedonia,3,Both,18,65-69 years,976,Diabetes mellitus type 2,1,Number,2023,38051.86357897733,43411.005051928725,33361.33262036025
5,Prevalence,49,North Macedonia,3,Both,19,70-74 years,976,Diabetes mellitus type 2,1,Number,2023,33226.65584006775,37011.47140972224,29777.42674450129
5,Prevalence,49,North Macedonia,3,Both,20,75-79 years,976,Diabetes mellitus type 2,1,Number,2023,22390.439778854765,24940.544073875084,20148.043253423344
5,Prevalence,49,North Macedonia,3,Both,30,80-84 years,976,Diabetes mellitus type 2,1,Number,2023,13067.549364661689,14573.630990168507,11667.892580371114
5,Prevalence,49,North Macedonia,3,Both,31,85-89 years,976,Diabetes mellitus type 2,1,Number,2023,5726.776767101934,6503.884807460158,5050.276394411855
5,Prevalence,49,North Macedonia,3,Both,32,90-94 years,976,Diabetes mellitus type 2,1,Number,2023,1227.8614807421034,1402.828303047426,1068.2064354332
5,Prevalence,49,North Macedonia,3,Both,235,95+ years,976,Diabetes mellitus type 2,1,Number,2023,180.7741062910608,209.0770828914084,153.91860147265962
5,Prevalence,131,Nicaragua,3,Both,1,<5 years,976,Diabetes mellitus type 2,1,Number,2023,0.0,0.0,0.0
5,Prevalence,131,Nicaragua,3,Both,6,5-9 years,976,Diabetes mellitus type 2,1,Number,2023,0.0,0.0,0.0
5,Prevalence,131,Nicaragua,3,Both,7,10-14 years,976,Diabetes mellitus type 2,1,Number,2023,0.0,0.0,0.0
5,Prevalence,131,Nicaragua,3,Both,8,15-19 years,976,Diabetes mellitus type 2,1,Number,2023,5184.967748863033,6505.913479474357,3994.3163290560096
5,Prevalence,131,Nicaragua,3,Both,9,20-24 years,976,Diabetes mellitus type 2,1,Number,2023,8724.79977673625,10662.174728858396,7051.267592179812
5,Prevalence,131,Nicaragua,3,Both,10,25-29 years,976,Diabetes mellitus type 2,1,Number,2023,13325.095791079766,15755.457996300667,11044.329166089408
5,Prevalence,131,Nicaragua,3,Both,11,30-34 years,976,Diabetes mellitus type 2,1,Number,2023,18681.734561524816,21489.125606014244,15375.697196272067
5,Prevalence,131,Nicaragua,3,Both,12,35-39 years,976,Diabetes mellitus type 2,1,Number,2023,24358.125787467365,28071.309610872835,20489.029880865863
5,Prevalence,131,Nicaragua,3,Both,13,40-44 years,976,Diabetes mellitus type 2,1,Number,2023,29629.868357339696,34110.70506580048,24783.561230622905
5,Prevalence,131,Nicaragua,3,Both,14,45-49 years,976,Diabetes mellitus type 2,1,Number,2023,32729.53227978434,36791.70302065028,28120.223681092364
5,Prevalence,131,Nicaragua,3,Both,15,50-54 years,976,Diabetes mellitus type 2,1,Number,2023,34909.68506331103,39408.92105076438,30171.54167857262
5,Prevalence,131,Nicaragua,3,Both,16,55-59 years,976,Diabetes mellitus type 2,1,Number,2023,36662.34576660281,40799.53866080721,32502.517568994903
5,Prevalence,131,Nicaragua,3,Both,17,60-64 years,976,Diabetes mellitus type 2,1,Number,2023,35249.08148777163,39443.59337412735,31570.59425085792
5,Prevalence,131,Nicaragua,3,Both,18,65-69 years,976,Diabetes mellitus type 2,1,Number,2023,30164.31616779516,33313.061053572004,27310.7783376727
5,Prevalence,131,Nicaragua,3,Both,19,70-74 years,976,Diabetes mellitus type 2,1,Number,2023,23181.598615481296,25279.851039646484,21439.02566322637
5,Prevalence,131,Nicaragua,3,Both,20,75-79 years,976,Diabetes mellitus type 2,1,Number,2023,15550.7484845925,16891.171517911433,14444.692331164078
5,Prevalence,131,Nicaragua,3,Both,30,80-84 years,976,Diabetes mellitus type 2,1,Number,2023,8924.258243776269,9650.611413397866,8208.224389483541
5,Prevalence,131,Nicaragua,3,Both,31,85-89 years,976,Diabetes mellitus type 2,1,Number,2023,4015.724956212551,4400.554311296564,3651.695327670828
5,Prevalence,131,Nicaragua,3,Both,32,90-94 years,976,Diabetes mellitus type 2,1,Number,2023,986.5321246803724,1102.5117915120404,885.9398208894004
5,Prevalence,131,Nicaragua,3,Both,235,95+ years,976,Diabetes mellitus type 2,1,Number,2023,76.65777987575179,90.14040742284917,66.77397845151548
5,Prevalence,14,Maldives,3,Both,1,<5 years,976,Diabetes mellitus type 2,1,Number,2023,0.0,0.0,0.0
5,Prevalence,14,Maldives,3,Both,6,5-9 years,976,Diabetes mellitus type 2,1,Number,2023,0.0,0.0,0.0
5,Prevalence,14,Maldives,3,Both,7,10-14 years,976,Diabetes mellitus type 2,1,Number,2023,0.0,0.0,0.0
5,Prevalence,14,Maldives,3,Both,8,15-19 years,976,Diabetes mellitus type 2,1,Number,2023,234.3571829099584,313.4663677009252,173.145343632111
5,Prevalence,14,Maldives,3,Both,9,20-24 years,976,Diabetes mellitus type 2,1,Number,2023,769.2033944889628,968.964558324316,614.8689805506923
5,Prevalence,14,Maldives,3,Both,10,25-29 years,976,Diabetes mellitus type 2,1,Number,2023,1394.1605881479986,1693.1864603389474,1105.2762842092995
5,Prevalence,14,Maldives,3,Both,11,30-34 years,976,Diabetes mellitus type 2,1,Number,2023,2163.824234649805,2544.885858329364,1777.0951556610612
5,Prevalence,14,Maldives,3,Both,12,35-39 years,976,Diabetes mellitus type 2,1,Number,2023,2691.739094949898,3115.2522260975657,2272.3313734667727
5,Prevalence,14,Maldives,3,Both,13,40-44 years,976,Diabetes mellitus type 2,1,Number,2023,2934.366837685017,3355.212255398781,2508.180077962392
5,Prevalence,14,Maldives,3,Both,14,45-49 years,976,Diabetes mellitus type 2,1,Number,2023,3077.15991058038,3499.7278280247824,2663.502354473268
5,Prevalence,14,Maldives,3,Both,15,50-54 years,976,Diabetes mellitus type 2,1,Number,2023,2720.972748514538,3064.8975946100727,2373.2550347722954
5,Prevalence,14,Maldives,3,Both,16,55-59 years,976,Diabetes mellitus type 2,1,Number,2023,2390.436130624916,2693.248459085162,2131.014856294094
5,Prevalence,14,Maldives,3,Both,17,60-64 years,976,Diabetes mellitus type 2,1,Number,2023,1987.756659204402,2241.4036597780578,1768.496080405865
5,Prevalence,14,Maldives,3,Both,18,65-69 years,976,Diabetes mellitus type 2,1,Number,2023,1534.7044542494873,1715.6105614855237,1364.5679469832637
5,Prevalence,14,Maldives,3,Both,19,70-74 years,976,Diabetes mellitus type 2,1,Number,2023,1038.7995792542351,1162.378013260583,930.913726828675
5,Prevalence,14,Maldives,3,Both,20,75-79 years,976,Diabetes mellitus type 2,1,Number,2023,574.722570913699,638.3988657919264,515.9153957599633
5,Prevalence,14,Maldives,3,Both,30,80-84 years,976,Diabetes mellitus type 2,1,Number,2023,305.18059378512265,342.810097817936,273.4335123187107
5,Prevalence,14,Maldives,3,Both,31,85-89 years,976,Diabetes mellitus type 2,1,Number,2023,130.41864896600407,147.45089320208223,115.80923341952538
5,Prevalence,14,Maldives,3,Both,32,90-94 years,976,Diabetes mellitus type 2,1,Number,2023,35.54865303161271,41.09484532790291,30.97298171148202
5,Prevalence,14,Maldives,3,Both,235,95+ years,976,Diabetes mellitus type 2,1,Number,2023,4.896782838118609,5.9690708731346565,4.059896505351606
5,Prevalence,38,Mongolia,3,Both,1,<5 years,976,Diabetes mellitus type 2,1,Number,2023,0.0,0.0,0.0
5,Prevalence,38,Mongolia,3,Both,6,5-9 years,976,Diabetes mellitus type 2,1,Number,2023,0.0,0.0,0.0
5,Prevalence,38,Mongolia,3,Both,7,10-14 years,976,Diabetes mellitus type 2,1,Number,2023,0.0,0.0,0.0
5,Prevalence,38,Mongolia,3,Both,8,15-19 years,976,Diabetes mellitus type 2,1,Number,2023,2004.8007887860765,2612.279285596212,1537.8307148622362
5,Prevalence,38,Mongolia,3,Both,9,20-24 years,976,Diabetes mellitus type 2,1,Number,2023,3198.6452735068856,3893.7456149939626,2611.1513762915856
5,Prevalence,38,Mongolia,3,Both,10,25-29 years,976,Diabetes mellitus type 2,1,Number,2023,4635.275526166583,5487.364825199132,3843.186481521116
5,Prevalence,38,Mongolia,3,Both,11,30-34 years,976,Diabetes mellitus type 2,1,Number,2023,6978.181696137619,8258.225563701404,5856.962818431726
5,Prevalence,38,Mongolia,3,Both,12,35-39 years,976,Diabetes mellitus type 2,1,Number,2023,9053.950911330823,10668.654128302507,7783.550032539109
5,Prevalence,38,Mongolia,3,Both,13,40-44 years,976,Diabetes mellitus type 2,1,Number,2023,10415.240823598984,12230.338487722433,8740.93541923824
5,Prevalence,38,Mongolia,3,Both,14,45-49 years,976,Diabetes mellitus type 2,1,Number,2023,13528.301482139534,15467.411953385286,11533.310741871705
5,Prevalence,38,Mongolia,3,Both,15,50-54 years,976,Diabetes mellitus type 2,1,Number,2023,16081.269076146828,18552.81905740871,13965.906122845896
5,Prevalence,38,Mongolia,3,Both,16,55-59 years,976,Diabetes mellitus type 2,1,Number,2023,18337.977713551707,20744.51159865452,16337.084305013412
5,Prevalence,38,Mongolia,3,Both,17,60-64 years,976,Diabetes mellitus type 2,1,Number,2023,18017.549386861225,20558.85580094905,15964.217036969118
5,Prevalence,38,Mongolia,3,Both,18,65-69 years,976,Diabetes mellitus type 2,1,Number,2023,12729.301847474864,14645.2314197213,11241.31233232859
5,Prevalence,38,Mongolia,3,Both,19,70-74 years,976,Diabetes mellitus type 2,1,Number,2023,7483.362701201384,8537.546467282586,6638.321766918583
5,Prevalence,38,Mongolia,3,Both,20,75-79 years,976,Diabetes mellitus type 2,1,Number,2023,4474.082455365508,5051.249840890287,3965.2918351245953
5,Prevalence,38,Mongolia,3,Both,30,80-84 years,976,Diabetes mellitus type 2,1,Number,2023,2836.503095894494,3212.632376991012,2492.561938171736
5,Prevalence,38,Mongolia,3,Both,31,85-89 years,976,Diabetes mellitus type 2,1,Number,2023,1256.668006060488,1436.349674499476,1089.824357254588
5,Prevalence,38,Mongolia,3,Both,32,90-94 years,976,Diabetes mellitus type 2,1,Number,2023,413.7230793836397,469.2547288555047,359.2018033096072
5,Prevalence,38,Mongolia,3,Both,235,95+ years,976,Diabetes mellitus type 2,1,Number,2023,101.43983606258,114.49927195602108,87.34711611312275
5,Prevalence,119,Trinidad and Tobago,3,Both,1,<5 years,976,Diabetes mellitus type 2,1,Number,2023,0.0,0.0,0.0
5,Prevalence,119,Trinidad and Tobago,3,Both,6,5-9 years,976,Diabetes mellitus type 2,1,Number,2023,0.0,0.0,0.0
5,Prevalence,119,Trinidad and Tobago,3,Both,7,10-14 years,976,Diabetes mellitus type 2,1,Number,2023,0.0,0.0,0.0
5,Prevalence,119,Trinidad and Tobago,3,Both,8,15-19 years,976,Diabetes mellitus type 2,1,Number,2023,1700.4721144334858,2159.665610709914,1338.0872089711174
5,Prevalence,119,Trinidad and Tobago,3,Both,9,20-24 years,976,Diabetes mellitus type 2,1,Number,2023,2967.8145356995533,3566.643864209298,2453.4725132544595
5,Prevalence,119,Trinidad and Tobago,3,Both,10,25-29 years,976,Diabetes mellitus type 2,1,Number,2023,4746.365285567227,5585.009680985209,4084.7800726100672
5,Prevalence,119,Trinidad and Tobago,3,Both,11,30-34 years,976,Diabetes mellitus type 2,1,Number,2023,7904.682405616933,9359.525851298293,6714.469660923001
5,Prevalence,119,Trinidad and Tobago,3,Both,12,35-39 years,976,Diabetes mellitus type 2,1,Number,2023,13137.891157555514,15488.508848414524,11231.520999057204
5,Prevalence,119,Trinidad and Tobago,3,Both,13,40-44 years,976,Diabetes mellitus type 2,1,Number,2023,17089.541039916305,19831.80198245124,14284.242877854203
5,Prevalence,119,Trinidad and Tobago,3,Both,14,45-49 years,976,Diabetes mellitus type 2,1,Number,2023,19593.282099422504,22564.753299678618,16403.586626132226
5,Prevalence,119,Trinidad and Tobago,3,Both,15,50-54 years,976,Diabetes mellitus type 2,1,Number,2023,24253.336582559157,27868.507994241205,20847.15619282165
5,Prevalence,119,Trinidad and Tobago,3,Both,16,55-59 years,976,Diabetes mellitus type 2,1,Number,2023,36097.73245549718,39299.12052471846,32701.88346773785
5,Prevalence,119,Trinidad and Tobago,3,Both,17,60-64 years,976,Diabetes mellitus type 2,1,Number,2023,46940.24754763026,50426.70398002423,42074.30570610169
5,Prevalence,119,Trinidad and Tobago,3,Both,18,65-69 years,976,Diabetes mellitus type 2,1,Number,2023,43239.95032082113,46014.35161230213,39593.34144936681
5,Prevalence,119,Trinidad and Tobago,3,Both,19,70-74 years,976,Diabetes mellitus type 2,1,Number,2023,32376.14302159063,34126.84450397176,30566.901307330183
5,Prevalence,119,Trinidad and Tobago,3,Both,20,75-79 years,976,Diabetes mellitus type 2,1,Number,2023,20832.277863988253,21836.729220781566,19841.51924216156
5,Prevalence,119,Trinidad and Tobago,3,Both,30,80-84 years,976,Diabetes mellitus type 2,1,Number,2023,10833.308319857231,11295.92815493032,10351.02131773251
5,Prevalence,119,Trinidad and Tobago,3,Both,31,85-89 years,976,Diabetes mellitus type 2,1,Number,2023,4442.925592942504,4667.225155884153,4228.886677364282
5,Prevalence,119,Trinidad and Tobago,3,Both,32,90-94 years,976,Diabetes mellitus type 2,1,Number,2023,822.8804787458367,873.697058398028,767.8179508954252
5,Prevalence,119,Trinidad and Tobago,3,Both,235,95+ years,976,Diabetes mellitus type 2,1,Number,2023,31.698211437274782,34.386883299765735,29.031633083407147
5,Prevalence,178,Eritrea,3,Both,235,95+ years,976,Diabetes mellitus type 2,1,Number,2023,117.34574241030538,138.7231574781006,100.06277732438286
5,Prevalence,143,Iraq,3,Both,1,<5 years,976,Diabetes mellitus type 2,1,Number,2023,0.0,0.0,0.0
5,Prevalence,143,Iraq,3,Both,6,5-9 years,976,Diabetes mellitus type 2,1,Number,2023,0.0,0.0,0.0
5,Prevalence,143,Iraq,3,Both,7,10-14 years,976,Diabetes mellitus type 2,1,Number,2023,0.0,0.0,0.0
5,Prevalence,143,Iraq,3,Both,8,15-19 years,976,Diabetes mellitus type 2,1,Number,2023,51206.506546471945,66707.44933264052,39346.813713773045
5,Prevalence,143,Iraq,3,Both,9,20-24 years,976,Diabetes mellitus type 2,1,Number,2023,183061.9885009849,229210.91725105283,141073.07019769112
5,Prevalence,143,Iraq,3,Both,10,25-29 years,976,Diabetes mellitus type 2,1,Number,2023,261771.07273401253,311091.6557094293,215418.3767540176
5,Prevalence,143,Iraq,3,Both,11,30-34 years,976,Diabetes mellitus type 2,1,Number,2023,314610.03816096904,373791.2382028171,260268.31397884892
5,Prevalence,143,Iraq,3,Both,12,35-39 years,976,Diabetes mellitus type 2,1,Number,2023,363251.9684954743,421293.1559692365,311800.9376094675
5,Prevalence,143,Iraq,3,Both,13,40-44 years,976,Diabetes mellitus type 2,1,Number,2023,462596.9677436759,532113.1720455871,394189.7809737112
5,Prevalence,143,Iraq,3,Both,14,45-49 years,976,Diabetes mellitus type 2,1,Number,2023,585536.4616464413,656905.8828598245,516730.1658813524
5,Prevalence,143,Iraq,3,Both,15,50-54 years,976,Diabetes mellitus type 2,1,Number,2023,609925.2707908676,677777.4652699038,541461.8838124803
5,Prevalence,143,Iraq,3,Both,16,55-59 years,976,Diabetes mellitus type 2,1,Number,2023,506368.049582744,563766.2644331949,458309.4042338562
5,Prevalence,143,Iraq,3,Both,17,60-64 years,976,Diabetes mellitus type 2,1,Number,2023,400909.98126559576,443861.09539624926,367467.7689990196
5,Prevalence,143,Iraq,3,Both,18,65-69 years,976,Diabetes mellitus type 2,1,Number,2023,297598.29736481386,328437.8343704548,272664.37252221233
5,Prevalence,143,Iraq,3,Both,19,70-74 years,976,Diabetes mellitus type 2,1,Number,2023,207381.6909376442,228654.04876399908,189509.8024320877
5,Prevalence,143,Iraq,3,Both,20,75-79 years,976,Diabetes mellitus type 2,1,Number,2023,123972.34073251532,136551.76434661695,113127.12325523798
5,Prevalence,143,Iraq,3,Both,30,80-84 years,976,Diabetes mellitus type 2,1,Number,2023,57954.49317867781,64279.20870603524,52282.07860380689
5,Prevalence,143,Iraq,3,Both,31,85-89 years,976,Diabetes mellitus type 2,1,Number,2023,19922.679737581013,22250.270468891464,17746.66101463703
5,Prevalence,143,Iraq,3,Both,32,90-94 years,976,Diabetes mellitus type 2,1,Number,2023,4245.445401738233,4851.449558265051,3701.476682865172
5,Prevalence,143,Iraq,3,Both,235,95+ years,976,Diabetes mellitus type 2,1,Number,2023,562.0633157460621,661.5043415036357,475.8492324579579
5,Prevalence,155,Türkiye,3,Both,1,<5 years,976,Diabetes mellitus type 2,1,Number,2023,0.0,0.0,0.0
5,Prevalence,155,Türkiye,3,Both,6,5-9 years,976,Diabetes mellitus type 2,1,Number,2023,0.0,0.0,0.0
5,Prevalence,155,Türkiye,3,Both,7,10-14 years,976,Diabetes mellitus type 2,1,Number,2023,0.0,0.0,0.0
5,Prevalence,155,Türkiye,3,Both,8,15-19 years,976,Diabetes mellitus type 2,1,Number,2023,36214.387595438566,46948.03364268212,27102.886123748547
5,Prevalence,155,Türkiye,3,Both,9,20-24 years,976,Diabetes mellitus type 2,1,Number,2023,165209.23994470053,209361.47019761693,127292.21821551956
5,Prevalence,155,Türkiye,3,Both,10,25-29 years,976,Diabetes mellitus type 2,1,Number,2023,280997.94350422214,344867.369329432,228846.7296092697
5,Prevalence,155,Türkiye,3,Both,11,30-34 years,976,Diabetes mellitus type 2,1,Number,2023,375098.8567215388,445864.549716205,308525.7256913878
5,Prevalence,155,Türkiye,3,Both,12,35-39 years,976,Diabetes mellitus type 2,1,Number,2023,516966.2940558163,599325.837887889,430651.11844745686
5,Prevalence,155,Türkiye,3,Both,13,40-44 years,976,Diabetes mellitus type 2,1,Number,2023,755154.730940999,869899.3812651453,636175.7080874373
5,Prevalence,155,Türkiye,3,Both,14,45-49 years,976,Diabetes mellitus type 2,1,Number,2023,899571.4340682919,1016480.645153576,781558.2171466628
5,Prevalence,155,Türkiye,3,Both,15,50-54 years,976,Diabetes mellitus type 2,1,Number,2023,1014429.3064820524,1155234.1047042094,882275.4748655634
5,Prevalence,155,Türkiye,3,Both,16,55-59 years,976,Diabetes mellitus type 2,1,Number,2023,1106236.05382504,1231966.1537713865,986170.0331223364
5,Prevalence,155,Türkiye,3,Both,17,60-64 years,976,Diabetes mellitus type 2,1,Number,2023,1060991.7910683448,1184775.7610578912,956246.7675653844
5,Prevalence,155,Türkiye,3,Both,18,65-69 years,976,Diabetes mellitus type 2,1,Number,2023,953962.5356057222,1057605.2760411133,863143.8681959425
5,Prevalence,155,Türkiye,3,Both,19,70-74 years,976,Diabetes mellitus type 2,1,Number,2023,687048.5957980944,762955.6112652567,626363.4759088942
5,Prevalence,155,Türkiye,3,Both,20,75-79 years,976,Diabetes mellitus type 2,1,Number,2023,431989.472560282,479362.8266745004,395951.327999655
5,Prevalence,155,Türkiye,3,Both,30,80-84 years,976,Diabetes mellitus type 2,1,Number,2023,233052.24769229384,261192.2592081859,211040.96511569596
5,Prevalence,155,Türkiye,3,Both,31,85-89 years,976,Diabetes mellitus type 2,1,Number,2023,104374.4714289916,118122.29810985611,93322.0081697284
5,Prevalence,155,Türkiye,3,Both,32,90-94 years,976,Diabetes mellitus type 2,1,Number,2023,33327.01501015588,38466.01996548361,29193.143003624195
5,Prevalence,61,Republic of Moldova,3,Both,1,<5 years,976,Diabetes mellitus type 2,1,Number,2023,0.0,0.0,0.0
5,Prevalence,61,Republic of Moldova,3,Both,6,5-9 years,976,Diabetes mellitus type 2,1,Number,2023,0.0,0.0,0.0
5,Prevalence,61,Republic of Moldova,3,Both,7,10-14 years,976,Diabetes mellitus type 2,1,Number,2023,0.0,0.0,0.0
5,Prevalence,61,Republic of Moldova,3,Both,8,15-19 years,976,Diabetes mellitus type 2,1,Number,2023,612.5783419592772,877.5445620592805,345.5532333335125
5,Prevalence,61,Republic of Moldova,3,Both,9,20-24 years,976,Diabetes mellitus type 2,1,Number,2023,1332.8964648855028,1744.1450029782218,989.8434214551417
5,Prevalence,61,Republic of Moldova,3,Both,10,25-29 years,976,Diabetes mellitus type 2,1,Number,2023,2737.917459650396,3407.630114713059,2150.9432242633798
5,Prevalence,61,Republic of Moldova,3,Both,11,30-34 years,976,Diabetes mellitus type 2,1,Number,2023,5459.651469972323,6575.772592679875,4368.528324733084
5,Prevalence,61,Republic of Moldova,3,Both,12,35-39 years,976,Diabetes mellitus type 2,1,Number,2023,9285.949811985509,10842.593551366155,7703.043666548277
5,Prevalence,61,Republic of Moldova,3,Both,13,40-44 years,976,Diabetes mellitus type 2,1,Number,2023,12260.761304995644,14665.228955199684,10103.225891654683
5,Prevalence,61,Republic of Moldova,3,Both,14,45-49 years,976,Diabetes mellitus type 2,1,Number,2023,17052.627302386067,20487.211291806547,14233.69961461736
5,Prevalence,61,Republic of Moldova,3,Both,15,50-54 years,976,Diabetes mellitus type 2,1,Number,2023,21874.625875077007,25677.49949082164,18173.217836627096
5,Prevalence,61,Republic of Moldova,3,Both,16,55-59 years,976,Diabetes mellitus type 2,1,Number,2023,31823.92333057889,35961.19094281463,27675.41808769353
5,Prevalence,61,Republic of Moldova,3,Both,17,60-64 years,976,Diabetes mellitus type 2,1,Number,2023,48199.56802104287,53208.62387585764,42620.23731770301
5,Prevalence,61,Republic of Moldova,3,Both,18,65-69 years,976,Diabetes mellitus type 2,1,Number,2023,47713.738580220976,53016.54223509813,41710.94226742013
5,Prevalence,61,Republic of Moldova,3,Both,19,70-74 years,976,Diabetes mellitus type 2,1,Number,2023,39999.45270340467,44473.45890436534,35635.195568760784
5,Prevalence,61,Republic of Moldova,3,Both,20,75-79 years,976,Diabetes mellitus type 2,1,Number,2023,17274.288401773138,19358.55581108389,15398.74626362933
5,Prevalence,61,Republic of Moldova,3,Both,30,80-84 years,976,Diabetes mellitus type 2,1,Number,2023,16818.16733834338,18830.2944321124,15152.281254033527
5,Prevalence,61,Republic of Moldova,3,Both,31,85-89 years,976,Diabetes mellitus type 2,1,Number,2023,9472.792409785936,10692.3908715974,8452.90533577289
5,Prevalence,61,Republic of Moldova,3,Both,32,90-94 years,976,Diabetes mellitus type 2,1,Number,2023,3819.9167883598498,4293.731430024638,3391.3117355789554
5,Prevalence,61,Republic of Moldova,3,Both,235,95+ years,976,Diabetes mellitus type 2,1,Number,2023,1133.4781362871051,1283.7585983886402,990.0641242607132
5,Prevalence,50,Montenegro,3,Both,1,<5 years,976,Diabetes mellitus type 2,1,Number,2023,0.0,0.0,0.0
5,Prevalence,50,Montenegro,3,Both,6,5-9 years,976,Diabetes mellitus type 2,1,Number,2023,0.0,0.0,0.0
5,Prevalence,50,Montenegro,3,Both,7,10-14 years,976,Diabetes mellitus type 2,1,Number,2023,0.0,0.0,0.0
5,Prevalence,50,Montenegro,3,Both,8,15-19 years,976,Diabetes mellitus type 2,1,Number,2023,139.5572912422396,217.25876793889907,59.66263153496934
5,Prevalence,50,Montenegro,3,Both,9,20-24 years,976,Diabetes mellitus type 2,1,Number,2023,247.1766510634725,331.0653417882743,170.63647430448623
5,Prevalence,50,Montenegro,3,Both,10,25-29 years,976,Diabetes mellitus type 2,1,Number,2023,363.49599423732,455.45101929350267,271.8481254328806
5,Prevalence,50,Montenegro,3,Both,11,30-34 years,976,Diabetes mellitus type 2,1,Number,2023,518.836484570605,641.5864090575654,403.4270304983332
5,Prevalence,50,Montenegro,3,Both,12,35-39 years,976,Diabetes mellitus type 2,1,Number,2023,872.4740110858017,1043.5608153723151,722.5017512481904
5,Prevalence,50,Montenegro,3,Both,13,40-44 years,976,Diabetes mellitus type 2,1,Number,2023,1504.099403875544,1766.522970499718,1240.8477745940618
5,Prevalence,50,Montenegro,3,Both,14,45-49 years,976,Diabetes mellitus type 2,1,Number,2023,2552.6675589014794,3102.910907571447,2119.6870052537674
5,Prevalence,50,Montenegro,3,Both,15,50-54 years,976,Diabetes mellitus type 2,1,Number,2023,4207.115255531621,5035.328215556377,3436.9988360349307
5,Prevalence,50,Montenegro,3,Both,16,55-59 years,976,Diabetes mellitus type 2,1,Number,2023,7327.817436845894,8376.190357214531,6442.928425001638
5,Prevalence,50,Montenegro,3,Both,17,60-64 years,976,Diabetes mellitus type 2,1,Number,2023,11153.86224524828,13158.950418834664,9687.011735341051
5,Prevalence,50,Montenegro,3,Both,18,65-69 years,976,Diabetes mellitus type 2,1,Number,2023,12648.817848954994,14625.229235839091,11076.304470771109
5,Prevalence,50,Montenegro,3,Both,19,70-74 years,976,Diabetes mellitus type 2,1,Number,2023,11899.244494613413,13394.253385907992,10648.641576503354
5,Prevalence,50,Montenegro,3,Both,20,75-79 years,976,Diabetes mellitus type 2,1,Number,2023,6430.681244062223,7149.336278618715,5776.494140482838
5,Prevalence,50,Montenegro,3,Both,30,80-84 years,976,Diabetes mellitus type 2,1,Number,2023,4569.973920344018,5103.904951619832,4063.193096819964
5,Prevalence,50,Montenegro,3,Both,31,85-89 years,976,Diabetes mellitus type 2,1,Number,2023,2126.094812921749,2385.1406146281543,1866.1851560603625
5,Prevalence,50,Montenegro,3,Both,32,90-94 years,976,Diabetes mellitus type 2,1,Number,2023,512.8509299959213,580.367386271422,445.9352019305943
5,Prevalence,50,Montenegro,3,Both,235,95+ years,976,Diabetes mellitus type 2,1,Number,2023,138.96579403949826,159.23826243471393,119.048605143102
5,Prevalence,97,Argentina,3,Both,1,<5 years,976,Diabetes mellitus type 2,1,Number,2023,0.0,0.0,0.0
5,Prevalence,97,Argentina,3,Both,6,5-9 years,976,Diabetes mellitus type 2,1,Number,2023,0.0,0.0,0.0
5,Prevalence,97,Argentina,3,Both,7,10-14 years,976,Diabetes mellitus type 2,1,Number,2023,0.0,0.0,0.0
5,Prevalence,97,Argentina,3,Both,8,15-19 years,976,Diabetes mellitus type 2,1,Number,2023,6431.263284080291,10608.327906997283,1608.0723413459575
5,Prevalence,97,Argentina,3,Both,9,20-24 years,976,Diabetes mellitus type 2,1,Number,2023,15514.646085355234,21502.74850805836,10966.904855136969
5,Prevalence,97,Argentina,3,Both,10,25-29 years,976,Diabetes mellitus type 2,1,Number,2023,29520.367077790565,36993.32579266676,22748.322116954954
5,Prevalence,97,Argentina,3,Both,11,30-34 years,976,Diabetes mellitus type 2,1,Number,2023,51717.72051025116,62695.529445619,41267.43955023947
5,Prevalence,97,Argentina,3,Both,12,35-39 years,976,Diabetes mellitus type 2,1,Number,2023,87241.83652507859,101597.61343680292,71039.95400593331
5,Prevalence,97,Argentina,3,Both,13,40-44 years,976,Diabetes mellitus type 2,1,Number,2023,134674.04165789034,156457.33036911915,114723.41670561316
5,Prevalence,97,Argentina,3,Both,14,45-49 years,976,Diabetes mellitus type 2,1,Number,2023,182825.18706968427,207843.08986498456,160704.06517793765
5,Prevalence,97,Argentina,3,Both,15,50-54 years,976,Diabetes mellitus type 2,1,Number,2023,218078.36031802784,245644.37292729245,193327.1439133219
5,Prevalence,108,Belize,3,Both,1,<5 years,976,Diabetes mellitus type 2,1,Number,2023,0.0,0.0,0.0
5,Prevalence,108,Belize,3,Both,6,5-9 years,976,Diabetes mellitus type 2,1,Number,2023,0.0,0.0,0.0
5,Prevalence,108,Belize,3,Both,7,10-14 years,976,Diabetes mellitus type 2,1,Number,2023,0.0,0.0,0.0
5,Prevalence,108,Belize,3,Both,8,15-19 years,976,Diabetes mellitus type 2,1,Number,2023,487.4240176035205,622.0034561347372,385.8686601467098
5,Prevalence,108,Belize,3,Both,9,20-24 years,976,Diabetes mellitus type 2,1,Number,2023,818.2518471219284,1001.3162137283276,661.283405953282
5,Prevalence,108,Belize,3,Both,10,25-29 years,976,Diabetes mellitus type 2,1,Number,2023,1230.128691205358,1462.793568780491,1033.6143931574643
5,Prevalence,108,Belize,3,Both,11,30-34 years,976,Diabetes mellitus type 2,1,Number,2023,1763.263707185572,2059.221990950507,1492.5925459135535
5,Prevalence,108,Belize,3,Both,12,35-39 years,976,Diabetes mellitus type 2,1,Number,2023,2296.9282520069414,2661.6043666700893,1975.5115332444989
5,Prevalence,108,Belize,3,Both,13,40-44 years,976,Diabetes mellitus type 2,1,Number,2023,2820.0594288071693,3264.3397725345203,2410.3915780078896
5,Prevalence,108,Belize,3,Both,14,45-49 years,976,Diabetes mellitus type 2,1,Number,2023,3573.020037798159,4062.395050550209,3161.341372996911
5,Prevalence,108,Belize,3,Both,15,50-54 years,976,Diabetes mellitus type 2,1,Number,2023,4384.195640822984,4931.049578258406,3897.150921825049
5,Prevalence,108,Belize,3,Both,16,55-59 years,976,Diabetes mellitus type 2,1,Number,2023,4725.924883056015,5226.736843356441,4247.349912454124
5,Prevalence,108,Belize,3,Both,17,60-64 years,976,Diabetes mellitus type 2,1,Number,2023,4514.064548967817,4980.103739114013,4080.6112929579326
5,Prevalence,108,Belize,3,Both,18,65-69 years,976,Diabetes mellitus type 2,1,Number,2023,3760.6118852312247,4066.267638987776,3455.4998970608144
5,Prevalence,108,Belize,3,Both,19,70-74 years,976,Diabetes mellitus type 2,1,Number,2023,2733.806825946649,2893.945774017541,2597.846430748766
5,Prevalence,108,Belize,3,Both,20,75-79 years,976,Diabetes mellitus type 2,1,Number,2023,1708.458561047776,1792.426849901557,1633.296601954868
5,Prevalence,108,Belize,3,Both,30,80-84 years,976,Diabetes mellitus type 2,1,Number,2023,933.114770998246,984.6614031984844,889.9824104949229
5,Prevalence,108,Belize,3,Both,31,85-89 years,976,Diabetes mellitus type 2,1,Number,2023,450.65527783267873,477.3886647788148,427.5059745060908
5,Prevalence,108,Belize,3,Both,32,90-94 years,976,Diabetes mellitus type 2,1,Number,2023,134.24433295053123,144.30441081532751,125.3585196298603
5,Prevalence,108,Belize,3,Both,235,95+ years,976,Diabetes mellitus type 2,1,Number,2023,22.848338871594205,25.18482621783629,20.876047101828668
5,Prevalence,85,Israel,3,Both,1,<5 years,976,Diabetes mellitus type 2,1,Number,2023,0.0,0.0,0.0
5,Prevalence,85,Israel,3,Both,6,5-9 years,976,Diabetes mellitus type 2,1,Number,2023,0.0,0.0,0.0
5,Prevalence,85,Israel,3,Both,7,10-14 years,976,Diabetes mellitus type 2,1,Number,2023,0.0,0.0,0.0
5,Prevalence,85,Israel,3,Both,8,15-19 years,976,Diabetes mellitus type 2,1,Number,2023,1050.3995049289083,1586.0272891761988,526.0799516264913
5,Prevalence,85,Israel,3,Both,9,20-24 years,976,Diabetes mellitus type 2,1,Number,2023,3337.227282400278,4526.172901374563,2278.011393867406
5,Prevalence,85,Israel,3,Both,10,25-29 years,976,Diabetes mellitus type 2,1,Number,2023,6187.633429722377,7853.873305292155,4694.5289885810125
5,Prevalence,85,Israel,3,Both,11,30-34 years,976,Diabetes mellitus type 2,1,Number,2023,9946.559265322468,12249.109598070916,7796.955140850716
5,Prevalence,85,Israel,3,Both,12,35-39 years,976,Diabetes mellitus type 2,1,Number,2023,14429.103405823134,17291.999320063474,11758.209778625102
5,Prevalence,85,Israel,3,Both,13,40-44 years,976,Diabetes mellitus type 2,1,Number,2023,18991.01979956828,22546.5185709903,15957.98742593097
5,Prevalence,85,Israel,3,Both,14,45-49 years,976,Diabetes mellitus type 2,1,Number,2023,25421.69782673149,29374.769821772654,21640.671815711543
5,Prevalence,85,Israel,3,Both,15,50-54 years,976,Diabetes mellitus type 2,1,Number,2023,30270.858355333352,34487.377827034805,25882.67737437259
5,Prevalence,85,Israel,3,Both,16,55-59 years,976,Diabetes mellitus type 2,1,Number,2023,35611.98782687089,40241.05976738008,31525.098372440378
5,Prevalence,85,Israel,3,Both,17,60-64 years,976,Diabetes mellitus type 2,1,Number,2023,45595.05680463084,52200.98488900672,41015.260947341776
5,Prevalence,85,Israel,3,Both,18,65-69 years,976,Diabetes mellitus type 2,1,Number,2023,56734.15680715285,63022.79952501062,52432.99588570441
5,Prevalence,85,Israel,3,Both,19,70-74 years,976,Diabetes mellitus type 2,1,Number,2023,65130.31913829274,69466.39643925846,62205.77959943779
5,Prevalence,85,Israel,3,Both,20,75-79 years,976,Diabetes mellitus type 2,1,Number,2023,49374.6584205882,52035.64929635668,47308.93262527446
5,Prevalence,85,Israel,3,Both,30,80-84 years,976,Diabetes mellitus type 2,1,Number,2023,30135.711252147805,31627.584822560908,28780.038167239058
5,Prevalence,85,Israel,3,Both,31,85-89 years,976,Diabetes mellitus type 2,1,Number,2023,16255.092316041297,17253.55897446014,15347.867859883854
5,Prevalence,85,Israel,3,Both,32,90-94 years,976,Diabetes mellitus type 2,1,Number,2023,6289.720407742057,6723.187856957673,5908.7420225391015
5,Prevalence,85,Israel,3,Both,235,95+ years,976,Diabetes mellitus type 2,1,Number,2023,1870.2116051750088,2031.941886067587,1736.9370408234104
5,Prevalence,214,Nigeria,3,Both,1,<5 years,976,Diabetes mellitus type 2,1,Number,2023,0.0,0.0,0.0
5,Prevalence,214,Nigeria,3,Both,6,5-9 years,976,Diabetes mellitus type 2,1,Number,2023,0.0,0.0,0.0
5,Prevalence,214,Nigeria,3,Both,7,10-14 years,976,Diabetes mellitus type 2,1,Number,2023,0.0,0.0,0.0
5,Prevalence,214,Nigeria,3,Both,8,15-19 years,976,Diabetes mellitus type 2,1,Number,2023,288302.92636207386,359384.69443901506,233110.473742894
5,Prevalence,214,Nigeria,3,Both,9,20-24 years,976,Diabetes mellitus type 2,1,Number,2023,368654.3485431735,451542.7711560043,308754.97111568984
5,Prevalence,214,Nigeria,3,Both,10,25-29 years,976,Diabetes mellitus type 2,1,Number,2023,416464.7739468384,493780.384546501,348300.5649421354
5,Prevalence,214,Nigeria,3,Both,11,30-34 years,976,Diabetes mellitus type 2,1,Number,2023,432191.9602186005,512812.0106699675,364988.8842467919
5,Prevalence,214,Nigeria,3,Both,12,35-39 years,976,Diabetes mellitus type 2,1,Number,2023,450723.57554992073,525479.7231721057,386929.4739512381
5,Prevalence,214,Nigeria,3,Both,13,40-44 years,976,Diabetes mellitus type 2,1,Number,2023,466305.1763312236,548310.7833954497,396067.826224982
5,Prevalence,214,Nigeria,3,Both,14,45-49 years,976,Diabetes mellitus type 2,1,Number,2023,483978.1992401628,555967.2377786246,409732.1077582407
5,Prevalence,214,Nigeria,3,Both,15,50-54 years,976,Diabetes mellitus type 2,1,Number,2023,496199.33438637445,575659.4561231802,423513.3110408729
5,Prevalence,214,Nigeria,3,Both,16,55-59 years,976,Diabetes mellitus type 2,1,Number,2023,490755.0461844073,566491.7283855858,422918.8973178512
5,Prevalence,214,Nigeria,3,Both,17,60-64 years,976,Diabetes mellitus type 2,1,Number,2023,454812.5974760499,527774.2701810467,386351.43870142056
5,Prevalence,214,Nigeria,3,Both,18,65-69 years,976,Diabetes mellitus type 2,1,Number,2023,409072.24114875,457840.1622267947,359558.89126051
5,Prevalence,214,Nigeria,3,Both,19,70-74 years,976,Diabetes mellitus type 2,1,Number,2023,337296.5925707521,368500.213604657,305548.19362725137
5,Prevalence,214,Nigeria,3,Both,20,75-79 years,976,Diabetes mellitus type 2,1,Number,2023,216801.79682106897,237740.0010528792,195420.8698618429
5,Prevalence,214,Nigeria,3,Both,30,80-84 years,976,Diabetes mellitus type 2,1,Number,2023,131674.82171119642,145795.89896751443,118810.12473450832
5,Prevalence,214,Nigeria,3,Both,31,85-89 years,976,Diabetes mellitus type 2,1,Number,2023,54026.968356115176,60293.77631422012,47924.49778068488
5,Prevalence,214,Nigeria,3,Both,32,90-94 years,976,Diabetes mellitus type 2,1,Number,2023,17018.613038138243,19500.33020664901,14687.738805692186
5,Prevalence,214,Nigeria,3,Both,235,95+ years,976,Diabetes mellitus type 2,1,Number,2023,4878.41347302914,5770.062003872546,4047.30413385448
5,Prevalence,109,Cuba,3,Both,1,<5 years,976,Diabetes mellitus type 2,1,Number,2023,0.0,0.0,0.0
5,Prevalence,109,Cuba,3,Both,6,5-9 years,976,Diabetes mellitus type 2,1,Number,2023,0.0,0.0,0.0
5,Prevalence,109,Cuba,3,Both,7,10-14 years,976,Diabetes mellitus type 2,1,Number,2023,0.0,0.0,0.0
5,Prevalence,109,Cuba,3,Both,8,15-19 years,976,Diabetes mellitus type 2,1,Number,2023,5886.985911503249,7474.026937676772,4625.560537077545
5,Prevalence,109,Cuba,3,Both,9,20-24 years,976,Diabetes mellitus type 2,1,Number,2023,10354.403094267098,12528.796836692583,8390.283024845237
5,Prevalence,109,Cuba,3,Both,10,25-29 years,976,Diabetes mellitus type 2,1,Number,2023,16703.24057535133,20131.768698316453,14142.848369312092
5,Prevalence,109,Cuba,3,Both,11,30-34 years,976,Diabetes mellitus type 2,1,Number,2023,26633.715954070063,31239.233812476064,22183.91144735936
5,Prevalence,109,Cuba,3,Both,12,35-39 years,976,Diabetes mellitus type 2,1,Number,2023,35395.047429941755,41417.27903217408,30444.96022978075
5,Prevalence,109,Cuba,3,Both,13,40-44 years,976,Diabetes mellitus type 2,1,Number,2023,40534.63967002355,47997.01214068279,34633.04383071451
5,Prevalence,109,Cuba,3,Both,14,45-49 years,976,Diabetes mellitus type 2,1,Number,2023,53980.00458059403,61662.359557863136,47365.09432864794
5,Prevalence,109,Cuba,3,Both,15,50-54 years,976,Diabetes mellitus type 2,1,Number,2023,92723.69940655323,104666.93699414106,81123.93424927295
5,Prevalence,109,Cuba,3,Both,16,55-59 years,976,Diabetes mellitus type 2,1,Number,2023,113491.5139056775,127257.85001641716,100402.5036059234
5,Prevalence,109,Cuba,3,Both,17,60-64 years,976,Diabetes mellitus type 2,1,Number,2023,103184.69256614556,116534.58996102802,92105.42600166262
5,Prevalence,109,Cuba,3,Both,18,65-69 years,976,Diabetes mellitus type 2,1,Number,2023,86244.8175709235,97381.35121844278,77268.45829680924
5,Prevalence,109,Cuba,3,Both,19,70-74 years,976,Diabetes mellitus type 2,1,Number,2023,76547.3418875616,85785.60152685439,69155.05113663067
5,Prevalence,109,Cuba,3,Both,20,75-79 years,976,Diabetes mellitus type 2,1,Number,2023,59587.94201497416,66514.91764706161,53706.61316447478
5,Prevalence,109,Cuba,3,Both,30,80-84 years,976,Diabetes mellitus type 2,1,Number,2023,37068.521842166505,41621.37682800677,33564.338538464144
5,Prevalence,109,Cuba,3,Both,31,85-89 years,976,Diabetes mellitus type 2,1,Number,2023,19618.54447833593,21977.167941727137,17631.625097752116
5,Prevalence,109,Cuba,3,Both,32,90-94 years,976,Diabetes mellitus type 2,1,Number,2023,9043.632720622454,10197.83082991315,8071.8583945167
5,Prevalence,109,Cuba,3,Both,235,95+ years,976,Diabetes mellitus type 2,1,Number,2023,3720.931537162606,4291.263350689375,3286.659288973998
5,Prevalence,97,Argentina,3,Both,16,55-59 years,976,Diabetes mellitus type 2,1,Number,2023,256843.24454745272,282305.310127993,229003.45833330223
5,Prevalence,97,Argentina,3,Both,17,60-64 years,976,Diabetes mellitus type 2,1,Number,2023,294928.9181154715,323148.5469244544,264443.66832884995
5,Prevalence,97,Argentina,3,Both,18,65-69 years,976,Diabetes mellitus type 2,1,Number,2023,290843.94781289616,317991.5031820233,260940.63532882545
5,Prevalence,97,Argentina,3,Both,19,70-74 years,976,Diabetes mellitus type 2,1,Number,2023,247864.99629074495,272215.6476105073,221642.9601141373
5,Prevalence,97,Argentina,3,Both,20,75-79 years,976,Diabetes mellitus type 2,1,Number,2023,180540.4399579664,198464.24856597945,160056.74650787757
5,Prevalence,97,Argentina,3,Both,30,80-84 years,976,Diabetes mellitus type 2,1,Number,2023,109879.79262124326,121336.72702889483,97531.9268665052
5,Prevalence,97,Argentina,3,Both,31,85-89 years,976,Diabetes mellitus type 2,1,Number,2023,55826.31565017755,62360.49416844605,48868.70144413292
5,Prevalence,97,Argentina,3,Both,32,90-94 years,976,Diabetes mellitus type 2,1,Number,2023,24888.27860386538,28134.35864269471,21442.785478311143
5,Prevalence,97,Argentina,3,Both,235,95+ years,976,Diabetes mellitus type 2,1,Number,2023,6427.653144842014,7354.193863313701,5349.110486235629
5,Prevalence,1,Global,3,Both,1,<5 years,976,Diabetes mellitus type 2,1,Number,2023,0.0,0.0,0.0
5,Prevalence,1,Global,3,Both,6,5-9 years,976,Diabetes mellitus type 2,1,Number,2023,0.0,0.0,0.0
5,Prevalence,1,Global,3,Both,7,10-14 years,976,Diabetes mellitus type 2,1,Number,2023,0.0,0.0,0.0
5,Prevalence,1,Global,3,Both,8,15-19 years,976,Diabetes mellitus type 2,1,Number,2023,5032884.152135415,6383805.73309798,3952770.512895683
5,Prevalence,1,Global,3,Both,9,20-24 years,976,Diabetes mellitus type 2,1,Number,2023,10930796.965833103,13481789.235486742,8968962.765605466
5,Prevalence,1,Global,3,Both,10,25-29 years,976,Diabetes mellitus type 2,1,Number,2023,17275752.886248317,20479471.1215687,14274048.698321644
5,Prevalence,1,Global,3,Both,11,30-34 years,976,Diabetes mellitus type 2,1,Number,2023,25501683.741045102,30070553.131988145,21377231.81319546
5,Prevalence,1,Global,3,Both,12,35-39 years,976,Diabetes mellitus type 2,1,Number,2023,35005226.174889825,40701044.47392069,30729090.96419652
5,Prevalence,1,Global,3,Both,13,40-44 years,976,Diabetes mellitus type 2,1,Number,2023,42047411.14957154,48407354.69301754,36554052.27560516
5,Prevalence,1,Global,3,Both,14,45-49 years,976,Diabetes mellitus type 2,1,Number,2023,50471870.18252307,56332910.8945282,44371836.34682148
5,Prevalence,1,Global,3,Both,15,50-54 years,976,Diabetes mellitus type 2,1,Number,2023,60517911.44425339,67337887.77470124,53089042.74369959
5,Prevalence,1,Global,3,Both,16,55-59 years,976,Diabetes mellitus type 2,1,Number,2023,66448611.83174569,73557565.66775624,60163996.16498369
5,Prevalence,1,Global,3,Both,17,60-64 years,976,Diabetes mellitus type 2,1,Number,2023,65078857.4573872,71355043.67718054,59554821.06396283
5,Prevalence,1,Global,3,Both,18,65-69 years,976,Diabetes mellitus type 2,1,Number,2023,60408461.92721829,66098246.48875813,55509663.16809068
5,Prevalence,1,Global,3,Both,19,70-74 years,976,Diabetes mellitus type 2,1,Number,2023,48728263.62197252,52974297.98327381,45154084.85467703
5,Prevalence,1,Global,3,Both,20,75-79 years,976,Diabetes mellitus type 2,1,Number,2023,31895731.8252438,34478936.79651344,29443848.291137747
5,Prevalence,1,Global,3,Both,30,80-84 years,976,Diabetes mellitus type 2,1,Number,2023,19051784.48953661,20746298.861070275,17530438.78764903
5,Prevalence,1,Global,3,Both,31,85-89 years,976,Diabetes mellitus type 2,1,Number,2023,9550370.482927157,10381977.495246869,8704550.501127344
5,Prevalence,1,Global,3,Both,32,90-94 years,976,Diabetes mellitus type 2,1,Number,2023,3356031.6079635085,3680101.278627983,3042435.628698781
5,Prevalence,1,Global,3,Both,235,95+ years,976,Diabetes mellitus type 2,1,Number,2023,876622.9260049221,975011.7087869268,788561.4132273883
5,Prevalence,144,Jordan,3,Both,1,<5 years,976,Diabetes mellitus type 2,1,Number,2023,0.0,0.0,0.0
5,Prevalence,144,Jordan,3,Both,6,5-9 years,976,Diabetes mellitus type 2,1,Number,2023,0.0,0.0,0.0
5,Prevalence,144,Jordan,3,Both,7,10-14 years,976,Diabetes mellitus type 2,1,Number,2023,0.0,0.0,0.0
5,Prevalence,144,Jordan,3,Both,8,15-19 years,976,Diabetes mellitus type 2,1,Number,2023,12726.243894542136,16391.64791516604,9735.520619592804
5,Prevalence,144,Jordan,3,Both,9,20-24 years,976,Diabetes mellitus type 2,1,Number,2023,47353.613014225375,58988.41789182516,37147.7635892271
5,Prevalence,144,Jordan,3,Both,10,25-29 years,976,Diabetes mellitus type 2,1,Number,2023,69841.19799611912,83316.43115534523,57235.274242541
5,Prevalence,144,Jordan,3,Both,11,30-34 years,976,Diabetes mellitus type 2,1,Number,2023,81776.91761055219,95407.05507600418,67859.31791167981
5,Prevalence,144,Jordan,3,Both,12,35-39 years,976,Diabetes mellitus type 2,1,Number,2023,104015.22410358713,118025.48519822687,90875.67247527905
5,Prevalence,144,Jordan,3,Both,13,40-44 years,976,Diabetes mellitus type 2,1,Number,2023,134666.5533712861,156617.66318949685,115762.39316334168
5,Prevalence,144,Jordan,3,Both,14,45-49 years,976,Diabetes mellitus type 2,1,Number,2023,165987.41837948462,184916.31951909207,150761.55309669772
5,Prevalence,144,Jordan,3,Both,15,50-54 years,976,Diabetes mellitus type 2,1,Number,2023,206148.804775556,224654.093474968,183991.21671675448
5,Prevalence,144,Jordan,3,Both,16,55-59 years,976,Diabetes mellitus type 2,1,Number,2023,190043.31851344177,205849.62972526948,172598.1644829698
5,Prevalence,144,Jordan,3,Both,17,60-64 years,976,Diabetes mellitus type 2,1,Number,2023,146108.34904244312,158035.37546849542,134192.14601994914
5,Prevalence,144,Jordan,3,Both,18,65-69 years,976,Diabetes mellitus type 2,1,Number,2023,98359.79615296016,106862.75184515383,90466.73361517926
5,Prevalence,144,Jordan,3,Both,19,70-74 years,976,Diabetes mellitus type 2,1,Number,2023,62252.10449342745,67632.39873125036,57589.16983196988
5,Prevalence,144,Jordan,3,Both,20,75-79 years,976,Diabetes mellitus type 2,1,Number,2023,38652.364680598606,41894.22518605717,35611.32579814853
5,Prevalence,144,Jordan,3,Both,30,80-84 years,976,Diabetes mellitus type 2,1,Number,2023,26831.032804940874,29276.858480027306,24687.525936259317
5,Prevalence,144,Jordan,3,Both,31,85-89 years,976,Diabetes mellitus type 2,1,Number,2023,10107.421177034576,11128.872014640883,9179.18825215445
5,Prevalence,144,Jordan,3,Both,32,90-94 years,976,Diabetes mellitus type 2,1,Number,2023,2277.162640223565,2524.017429030244,2030.986997042224
5,Prevalence,144,Jordan,3,Both,235,95+ years,976,Diabetes mellitus type 2,1,Number,2023,328.11232592475653,374.6583527465961,283.0907461614273
5,Prevalence,155,Türkiye,3,Both,235,95+ years,976,Diabetes mellitus type 2,1,Number,2023,5363.4458703062965,6417.549554205989,4492.645434668944
5,Prevalence,204,Chad,3,Both,1,<5 years,976,Diabetes mellitus type 2,1,Number,2023,0.0,0.0,0.0
5,Prevalence,204,Chad,3,Both,6,5-9 years,976,Diabetes mellitus type 2,1,Number,2023,0.0,0.0,0.0
5,Prevalence,204,Chad,3,Both,7,10-14 years,976,Diabetes mellitus type 2,1,Number,2023,0.0,0.0,0.0
5,Prevalence,204,Chad,3,Both,8,15-19 years,976,Diabetes mellitus type 2,1,Number,2023,24957.6741518966,30869.802834248967,20252.20035154504
5,Prevalence,204,Chad,3,Both,9,20-24 years,976,Diabetes mellitus type 2,1,Number,2023,32151.961420223382,38174.09775441288,27134.123409887303
5,Prevalence,204,Chad,3,Both,10,25-29 years,976,Diabetes mellitus type 2,1,Number,2023,33868.69581654362,39793.96486460068,28328.24351474708
5,Prevalence,204,Chad,3,Both,11,30-34 years,976,Diabetes mellitus type 2,1,Number,2023,33861.57795764502,39376.40802762707,28936.47551571268
5,Prevalence,204,Chad,3,Both,12,35-39 years,976,Diabetes mellitus type 2,1,Number,2023,33540.33041213082,39261.63906360815,29360.266739492927
5,Prevalence,204,Chad,3,Both,13,40-44 years,976,Diabetes mellitus type 2,1,Number,2023,33386.870004021854,38651.96447606008,28153.96889315604
5,Prevalence,204,Chad,3,Both,14,45-49 years,976,Diabetes mellitus type 2,1,Number,2023,32928.108299132604,37645.59470391092,27876.2497713271
5,Prevalence,204,Chad,3,Both,15,50-54 years,976,Diabetes mellitus type 2,1,Number,2023,31035.283083404767,35514.53037791003,26486.59444621118
5,Prevalence,204,Chad,3,Both,16,55-59 years,976,Diabetes mellitus type 2,1,Number,2023,28742.394791138213,32304.762639095385,24888.675356428503
5,Prevalence,204,Chad,3,Both,17,60-64 years,976,Diabetes mellitus type 2,1,Number,2023,26506.719588554664,30073.952129788195,22828.35102159721
5,Prevalence,204,Chad,3,Both,18,65-69 years,976,Diabetes mellitus type 2,1,Number,2023,24069.326224601504,27406.03528423642,21142.87825353289
5,Prevalence,204,Chad,3,Both,19,70-74 years,976,Diabetes mellitus type 2,1,Number,2023,19857.69203525336,22266.701007920485,17854.621054381067
5,Prevalence,204,Chad,3,Both,20,75-79 years,976,Diabetes mellitus type 2,1,Number,2023,12859.044998600695,14419.20892638956,11485.183438165766
5,Prevalence,204,Chad,3,Both,30,80-84 years,976,Diabetes mellitus type 2,1,Number,2023,6210.26506262164,6942.192492617792,5513.787282280692
5,Prevalence,204,Chad,3,Both,31,85-89 years,976,Diabetes mellitus type 2,1,Number,2023,2328.537841369306,2642.003011209028,2040.836786540328
5,Prevalence,204,Chad,3,Both,32,90-94 years,976,Diabetes mellitus type 2,1,Number,2023,656.849463018575,762.5195828539253,563.9886970976754
5,Prevalence,204,Chad,3,Both,235,95+ years,976,Diabetes mellitus type 2,1,Number,2023,179.94709838178971,219.7627138973647,146.18503670512288
5,Prevalence,132,Panama,3,Both,1,<5 years,976,Diabetes mellitus type 2,1,Number,2023,0.0,0.0,0.0
5,Prevalence,132,Panama,3,Both,6,5-9 years,976,Diabetes mellitus type 2,1,Number,2023,0.0,0.0,0.0
5,Prevalence,132,Panama,3,Both,7,10-14 years,976,Diabetes mellitus type 2,1,Number,2023,0.0,0.0,0.0
5,Prevalence,132,Panama,3,Both,8,15-19 years,976,Diabetes mellitus type 2,1,Number,2023,3712.376736072454,4710.869803111888,2958.565530169717
5,Prevalence,132,Panama,3,Both,9,20-24 years,976,Diabetes mellitus type 2,1,Number,2023,6518.907421840588,8083.400537428088,5344.122002794322
5,Prevalence,132,Panama,3,Both,10,25-29 years,976,Diabetes mellitus type 2,1,Number,2023,9702.343999251323,11614.809341166798,8106.853687777918
5,Prevalence,132,Panama,3,Both,11,30-34 years,976,Diabetes mellitus type 2,1,Number,2023,13411.143164587194,15803.87221522335,11229.461867292785
5,Prevalence,132,Panama,3,Both,12,35-39 years,976,Diabetes mellitus type 2,1,Number,2023,18490.40043143491,21355.05875780864,15914.776823281318
5,Prevalence,132,Panama,3,Both,13,40-44 years,976,Diabetes mellitus type 2,1,Number,2023,24001.438912141723,27640.50910846491,21090.041889466396
5,Prevalence,132,Panama,3,Both,14,45-49 years,976,Diabetes mellitus type 2,1,Number,2023,28832.6772235458,32549.973229926465,25298.518065949705
5,Prevalence,132,Panama,3,Both,15,50-54 years,976,Diabetes mellitus type 2,1,Number,2023,35029.96931499199,39510.76138897085,30440.595537557776
5,Prevalence,132,Panama,3,Both,16,55-59 years,976,Diabetes mellitus type 2,1,Number,2023,38597.836352301885,42606.8190126909,34312.58798595982
5,Prevalence,132,Panama,3,Both,17,60-64 years,976,Diabetes mellitus type 2,1,Number,2023,40338.70770362201,44284.5387527827,36304.429513882365
5,Prevalence,132,Panama,3,Both,18,65-69 years,976,Diabetes mellitus type 2,1,Number,2023,36397.47591318333,39506.446564321326,33311.96003156336
5,Prevalence,132,Panama,3,Both,19,70-74 years,976,Diabetes mellitus type 2,1,Number,2023,30514.819891349944,32665.280667209267,28678.087308792678
5,Prevalence,132,Panama,3,Both,20,75-79 years,976,Diabetes mellitus type 2,1,Number,2023,22362.154832775825,24067.033187242687,21029.541601417077
5,Prevalence,132,Panama,3,Both,30,80-84 years,976,Diabetes mellitus type 2,1,Number,2023,13526.032561857905,14535.469025496855,12655.395446043372
5,Prevalence,132,Panama,3,Both,31,85-89 years,976,Diabetes mellitus type 2,1,Number,2023,7086.331003421625,7697.439554733485,6602.232981361363
5,Prevalence,132,Panama,3,Both,32,90-94 years,976,Diabetes mellitus type 2,1,Number,2023,2694.861838097846,2982.329347000233,2485.4268933032754
5,Prevalence,132,Panama,3,Both,235,95+ years,976,Diabetes mellitus type 2,1,Number,2023,592.8653984406014,677.4861466092215,538.3561424577465
5,Prevalence,27,Samoa,3,Both,1,<5 years,976,Diabetes mellitus type 2,1,Number,2023,0.0,0.0,0.0
5,Prevalence,27,Samoa,3,Both,6,5-9 years,976,Diabetes mellitus type 2,1,Number,2023,0.0,0.0,0.0
5,Prevalence,27,Samoa,3,Both,7,10-14 years,976,Diabetes mellitus type 2,1,Number,2023,0.0,0.0,0.0
5,Prevalence,27,Samoa,3,Both,8,15-19 years,976,Diabetes mellitus type 2,1,Number,2023,337.30101711950573,432.642694175764,271.8728278357098
5,Prevalence,27,Samoa,3,Both,9,20-24 years,976,Diabetes mellitus type 2,1,Number,2023,924.259884711954,1143.876087612574,735.1175398394271
5,Prevalence,27,Samoa,3,Both,10,25-29 years,976,Diabetes mellitus type 2,1,Number,2023,1220.331240508931,1458.349776350839,1005.3415443516684
5,Prevalence,27,Samoa,3,Both,11,30-34 years,976,Diabetes mellitus type 2,1,Number,2023,1426.599555805136,1698.3172866680277,1207.0793063138854
5,Prevalence,27,Samoa,3,Both,12,35-39 years,976,Diabetes mellitus type 2,1,Number,2023,1738.096715463098,1998.0086156035577,1481.7117356990818
5,Prevalence,27,Samoa,3,Both,13,40-44 years,976,Diabetes mellitus type 2,1,Number,2023,2187.488429877056,2502.8932795496103,1870.2072978965607
5,Prevalence,27,Samoa,3,Both,14,45-49 years,976,Diabetes mellitus type 2,1,Number,2023,2688.700624268141,3005.828611218201,2370.8228151344524
5,Prevalence,27,Samoa,3,Both,15,50-54 years,976,Diabetes mellitus type 2,1,Number,2023,3173.98774183596,3498.6929747713416,2842.084780463635
5,Prevalence,27,Samoa,3,Both,16,55-59 years,976,Diabetes mellitus type 2,1,Number,2023,3115.3139080282026,3429.5360583888546,2818.996757030356
5,Prevalence,27,Samoa,3,Both,17,60-64 years,976,Diabetes mellitus type 2,1,Number,2023,2691.733772046241,2961.831957520036,2447.568118340361
5,Prevalence,27,Samoa,3,Both,18,65-69 years,976,Diabetes mellitus type 2,1,Number,2023,1967.6150452161144,2158.4297979562266,1773.6897883059971
5,Prevalence,27,Samoa,3,Both,19,70-74 years,976,Diabetes mellitus type 2,1,Number,2023,1393.5652015948504,1520.2716176202168,1258.6187762211616
5,Prevalence,27,Samoa,3,Both,20,75-79 years,976,Diabetes mellitus type 2,1,Number,2023,760.4595910360769,833.4323081302217,683.1419033124454
5,Prevalence,27,Samoa,3,Both,30,80-84 years,976,Diabetes mellitus type 2,1,Number,2023,497.570946388093,547.3165456415379,446.9589617810924
5,Prevalence,27,Samoa,3,Both,31,85-89 years,976,Diabetes mellitus type 2,1,Number,2023,269.3629266327123,300.8824124751142,239.56156223836507
5,Prevalence,27,Samoa,3,Both,32,90-94 years,976,Diabetes mellitus type 2,1,Number,2023,90.13633720756384,103.11522231482915,77.01404741807758
5,Prevalence,27,Samoa,3,Both,235,95+ years,976,Diabetes mellitus type 2,1,Number,2023,25.55152290583136,30.746136132879386,20.622014302833243
5,Prevalence,367,Monaco,3,Both,1,<5 years,976,Diabetes mellitus type 2,1,Number,2023,0.0,0.0,0.0
5,Prevalence,367,Monaco,3,Both,6,5-9 years,976,Diabetes mellitus type 2,1,Number,2023,0.0,0.0,0.0
5,Prevalence,367,Monaco,3,Both,7,10-14 years,976,Diabetes mellitus type 2,1,Number,2023,0.0,0.0,0.0
5,Prevalence,367,Monaco,3,Both,8,15-19 years,976,Diabetes mellitus type 2,1,Number,2023,3.1102299782256435,6.785746629002556,0.0
5,Prevalence,367,Monaco,3,Both,9,20-24 years,976,Diabetes mellitus type 2,1,Number,2023,12.422357672596592,17.90244464157965,7.58050205290659
5,Prevalence,367,Monaco,3,Both,10,25-29 years,976,Diabetes mellitus type 2,1,Number,2023,25.639955343620965,33.95414028626277,18.5068788695588
5,Prevalence,367,Monaco,3,Both,11,30-34 years,976,Diabetes mellitus type 2,1,Number,2023,44.18540350661313,54.971221851841136,34.83468002130039
5,Prevalence,367,Monaco,3,Both,12,35-39 years,976,Diabetes mellitus type 2,1,Number,2023,67.0136355474653,80.33715940972172,54.279555720151976
5,Prevalence,367,Monaco,3,Both,13,40-44 years,976,Diabetes mellitus type 2,1,Number,2023,94.92556527,112.42006579817728,77.19588371148316
5,Prevalence,367,Monaco,3,Both,14,45-49 years,976,Diabetes mellitus type 2,1,Number,2023,134.47207757932438,157.7182795390555,113.02649272702168
5,Prevalence,367,Monaco,3,Both,15,50-54 years,976,Diabetes mellitus type 2,1,Number,2023,203.93417742533367,238.8218244694827,171.04948604216946
5,Prevalence,367,Monaco,3,Both,16,55-59 years,976,Diabetes mellitus type 2,1,Number,2023,300.6660108487866,345.8027131233707,258.3718909699536
5,Prevalence,367,Monaco,3,Both,17,60-64 years,976,Diabetes mellitus type 2,1,Number,2023,326.6608049034335,377.6848237588343,283.65370263454207
5,Prevalence,367,Monaco,3,Both,18,65-69 years,976,Diabetes mellitus type 2,1,Number,2023,342.03668569460774,392.7416281968876,301.4658120632668
5,Prevalence,367,Monaco,3,Both,19,70-74 years,976,Diabetes mellitus type 2,1,Number,2023,342.5326393575772,386.7032156386946,306.4928174516879
5,Prevalence,367,Monaco,3,Both,20,75-79 years,976,Diabetes mellitus type 2,1,Number,2023,370.36607895903774,421.6795369221143,329.58391924625744
5,Prevalence,367,Monaco,3,Both,30,80-84 years,976,Diabetes mellitus type 2,1,Number,2023,231.4490398179814,265.62125372886,205.3543297380754
5,Prevalence,367,Monaco,3,Both,31,85-89 years,976,Diabetes mellitus type 2,1,Number,2023,101.6307903234802,116.83921337667064,89.9818506832641
5,Prevalence,367,Monaco,3,Both,32,90-94 years,976,Diabetes mellitus type 2,1,Number,2023,38.92214986418332,45.10808544410435,34.0686315645636
5,Prevalence,367,Monaco,3,Both,235,95+ years,976,Diabetes mellitus type 2,1,Number,2023,10.957051987181446,13.06325829397734,9.482466456353238
5,Prevalence,193,Botswana,3,Both,1,<5 years,976,Diabetes mellitus type 2,1,Number,2023,0.0,0.0,0.0
5,Prevalence,193,Botswana,3,Both,6,5-9 years,976,Diabetes mellitus type 2,1,Number,2023,0.0,0.0,0.0
5,Prevalence,193,Botswana,3,Both,7,10-14 years,976,Diabetes mellitus type 2,1,Number,2023,0.0,0.0,0.0
5,Prevalence,193,Botswana,3,Both,8,15-19 years,976,Diabetes mellitus type 2,1,Number,2023,1792.431084060567,2239.8386594558738,1451.7292161162757
5,Prevalence,193,Botswana,3,Both,9,20-24 years,976,Diabetes mellitus type 2,1,Number,2023,2726.1508104767427,3291.752835764438,2284.109914443216
5,Prevalence,193,Botswana,3,Both,10,25-29 years,976,Diabetes mellitus type 2,1,Number,2023,4010.231793769002,4828.402452797276,3355.483015514588
5,Prevalence,193,Botswana,3,Both,11,30-34 years,976,Diabetes mellitus type 2,1,Number,2023,5207.670039746913,6097.904589687571,4409.467896147756
5,Prevalence,193,Botswana,3,Both,12,35-39 years,976,Diabetes mellitus type 2,1,Number,2023,7033.267223588303,8052.670500722511,6069.308467993348
5,Prevalence,193,Botswana,3,Both,13,40-44 years,976,Diabetes mellitus type 2,1,Number,2023,7802.265433748131,9114.091751225184,6663.563280147301
5,Prevalence,193,Botswana,3,Both,14,45-49 years,976,Diabetes mellitus type 2,1,Number,2023,8025.578325332613,9331.937266266768,6841.550878640564
5,Prevalence,193,Botswana,3,Both,15,50-54 years,976,Diabetes mellitus type 2,1,Number,2023,7666.0918535838655,8820.7754188456,6496.538556531419
5,Prevalence,193,Botswana,3,Both,16,55-59 years,976,Diabetes mellitus type 2,1,Number,2023,8281.015002670625,9403.883534860286,7219.121209245257
5,Prevalence,193,Botswana,3,Both,17,60-64 years,976,Diabetes mellitus type 2,1,Number,2023,9132.484601713964,10328.802743639411,8058.763076926992
5,Prevalence,193,Botswana,3,Both,18,65-69 years,976,Diabetes mellitus type 2,1,Number,2023,9495.704330948893,10601.853924528354,8562.828864115856
5,Prevalence,193,Botswana,3,Both,19,70-74 years,976,Diabetes mellitus type 2,1,Number,2023,8076.583005791701,8914.062064229143,7408.350208141934
5,Prevalence,193,Botswana,3,Both,20,75-79 years,976,Diabetes mellitus type 2,1,Number,2023,5348.065848636058,5891.985925757997,4912.099474363752
5,Prevalence,193,Botswana,3,Both,30,80-84 years,976,Diabetes mellitus type 2,1,Number,2023,3432.858768839153,3828.248996304535,3136.7516009464653
5,Prevalence,193,Botswana,3,Both,31,85-89 years,976,Diabetes mellitus type 2,1,Number,2023,1901.4337032284584,2159.382993639809,1700.47826806274
5,Prevalence,193,Botswana,3,Both,32,90-94 years,976,Diabetes mellitus type 2,1,Number,2023,746.336649995545,865.5998032353294,646.9163282012812
5,Prevalence,193,Botswana,3,Both,235,95+ years,976,Diabetes mellitus type 2,1,Number,2023,366.8792199734469,448.4670828949327,305.3887570571723
5,Prevalence,168,Angola,3,Both,1,<5 years,976,Diabetes mellitus type 2,1,Number,2023,0.0,0.0,0.0
5,Prevalence,168,Angola,3,Both,6,5-9 years,976,Diabetes mellitus type 2,1,Number,2023,0.0,0.0,0.0
5,Prevalence,168,Angola,3,Both,7,10-14 years,976,Diabetes mellitus type 2,1,Number,2023,0.0,0.0,0.0
5,Prevalence,168,Angola,3,Both,8,15-19 years,976,Diabetes mellitus type 2,1,Number,2023,69076.50114836139,85968.93241625343,54927.42632756561
5,Prevalence,168,Angola,3,Both,9,20-24 years,976,Diabetes mellitus type 2,1,Number,2023,97576.91861757412,117814.03795389464,80621.05419842037
5,Prevalence,168,Angola,3,Both,10,25-29 years,976,Diabetes mellitus type 2,1,Number,2023,119764.6252332768,140614.2545786141,100560.92723455596
5,Prevalence,168,Angola,3,Both,11,30-34 years,976,Diabetes mellitus type 2,1,Number,2023,132588.88989077503,155454.5081549755,111558.19341320774
5,Prevalence,168,Angola,3,Both,12,35-39 years,976,Diabetes mellitus type 2,1,Number,2023,143915.81610339548,165405.37882120194,122923.33895062326
5,Prevalence,168,Angola,3,Both,13,40-44 years,976,Diabetes mellitus type 2,1,Number,2023,140641.86033483426,160297.6169168993,120391.14349378688
5,Prevalence,168,Angola,3,Both,14,45-49 years,976,Diabetes mellitus type 2,1,Number,2023,150820.67737105905,170389.12705422097,129338.94076689084
5,Prevalence,168,Angola,3,Both,15,50-54 years,976,Diabetes mellitus type 2,1,Number,2023,137522.41532359243,154777.86193432537,118294.34270294866
5,Prevalence,168,Angola,3,Both,16,55-59 years,976,Diabetes mellitus type 2,1,Number,2023,130555.58642090404,147763.8371409915,114674.56861338044
5,Prevalence,168,Angola,3,Both,17,60-64 years,976,Diabetes mellitus type 2,1,Number,2023,114827.0873725607,132875.9719509067,101469.32961197846
5,Prevalence,168,Angola,3,Both,18,65-69 years,976,Diabetes mellitus type 2,1,Number,2023,86439.32380007015,98338.27881809777,76973.10049791512
5,Prevalence,168,Angola,3,Both,19,70-74 years,976,Diabetes mellitus type 2,1,Number,2023,64835.111405180265,73554.67102528308,58648.173560307005
5,Prevalence,168,Angola,3,Both,20,75-79 years,976,Diabetes mellitus type 2,1,Number,2023,36381.3225970325,41196.49877192486,32843.80204055375
5,Prevalence,168,Angola,3,Both,30,80-84 years,976,Diabetes mellitus type 2,1,Number,2023,21408.1312123762,24211.02089529294,19108.008492596025
5,Prevalence,168,Angola,3,Both,31,85-89 years,976,Diabetes mellitus type 2,1,Number,2023,7538.25999513376,8580.920887076856,6682.189186313373
5,Prevalence,168,Angola,3,Both,32,90-94 years,976,Diabetes mellitus type 2,1,Number,2023,2513.730665972719,2917.7574850082983,2192.160809379169
5,Prevalence,168,Angola,3,Both,235,95+ years,976,Diabetes mellitus type 2,1,Number,2023,882.364817394453,1056.7778505795932,742.6570765870488
5,Prevalence,369,Nauru,3,Both,1,<5 years,976,Diabetes mellitus type 2,1,Number,2023,0.0,0.0,0.0
5,Prevalence,369,Nauru,3,Both,6,5-9 years,976,Diabetes mellitus type 2,1,Number,2023,0.0,0.0,0.0
5,Prevalence,369,Nauru,3,Both,7,10-14 years,976,Diabetes mellitus type 2,1,Number,2023,0.0,0.0,0.0
5,Prevalence,369,Nauru,3,Both,8,15-19 years,976,Diabetes mellitus type 2,1,Number,2023,21.21514338441184,26.86113089691638,17.17490392473983
5,Prevalence,369,Nauru,3,Both,9,20-24 years,976,Diabetes mellitus type 2,1,Number,2023,64.28967818310566,77.96779223356728,51.8175539037658
5,Prevalence,369,Nauru,3,Both,10,25-29 years,976,Diabetes mellitus type 2,1,Number,2023,91.50987501599764,107.80436222088456,75.38055550489528
5,Prevalence,369,Nauru,3,Both,11,30-34 years,976,Diabetes mellitus type 2,1,Number,2023,114.14141815460547,135.1340276238511,96.7543219624362
5,Prevalence,369,Nauru,3,Both,12,35-39 years,976,Diabetes mellitus type 2,1,Number,2023,142.89604686701247,163.22228624858658,125.2739203320543
5,Prevalence,369,Nauru,3,Both,13,40-44 years,976,Diabetes mellitus type 2,1,Number,2023,167.29306567246314,192.9837811777556,141.8669343982984
5,Prevalence,369,Nauru,3,Both,14,45-49 years,976,Diabetes mellitus type 2,1,Number,2023,182.11602496573343,203.5482196621484,160.91948279621707
5,Prevalence,369,Nauru,3,Both,15,50-54 years,976,Diabetes mellitus type 2,1,Number,2023,170.49195494420175,186.1063368195228,153.2007087915079
5,Prevalence,369,Nauru,3,Both,16,55-59 years,976,Diabetes mellitus type 2,1,Number,2023,144.07022050837375,157.79255139923856,130.6269908207696
5,Prevalence,369,Nauru,3,Both,17,60-64 years,976,Diabetes mellitus type 2,1,Number,2023,104.81499093875212,113.94154525911011,96.52416964842428
5,Prevalence,369,Nauru,3,Both,18,65-69 years,976,Diabetes mellitus type 2,1,Number,2023,75.62654610616109,82.05960831744822,69.83976684468044
5,Prevalence,369,Nauru,3,Both,19,70-74 years,976,Diabetes mellitus type 2,1,Number,2023,36.49709636029648,39.76082380721306,33.75240777836595
5,Prevalence,369,Nauru,3,Both,20,75-79 years,976,Diabetes mellitus type 2,1,Number,2023,12.086281449890135,13.094469269322031,11.071367127417584
5,Prevalence,369,Nauru,3,Both,30,80-84 years,976,Diabetes mellitus type 2,1,Number,2023,5.161719464329646,5.713877031168919,4.713284324095348
5,Prevalence,369,Nauru,3,Both,31,85-89 years,976,Diabetes mellitus type 2,1,Number,2023,0.9655757559085392,1.0927368644752842,0.8540448584933076
5,Prevalence,369,Nauru,3,Both,32,90-94 years,976,Diabetes mellitus type 2,1,Number,2023,0.179570895098714,0.2066479981102477,0.1519497502097146
5,Prevalence,369,Nauru,3,Both,235,95+ years,976,Diabetes mellitus type 2,1,Number,2023,0.0238316107368598,0.0292354806708834,0.0191717657056911
5,Prevalence,16,Philippines,3,Both,1,<5 years,976,Diabetes mellitus type 2,1,Number,2023,0.0,0.0,0.0
5,Prevalence,16,Philippines,3,Both,6,5-9 years,976,Diabetes mellitus type 2,1,Number,2023,0.0,0.0,0.0
5,Prevalence,16,Philippines,3,Both,7,10-14 years,976,Diabetes mellitus type 2,1,Number,2023,0.0,0.0,0.0
5,Prevalence,16,Philippines,3,Both,8,15-19 years,976,Diabetes mellitus type 2,1,Number,2023,70042.8803288613,90078.7294138912,53786.11638860974
5,Prevalence,16,Philippines,3,Both,9,20-24 years,976,Diabetes mellitus type 2,1,Number,2023,164257.81206163173,204523.474903554,130046.72599950174
5,Prevalence,16,Philippines,3,Both,10,25-29 years,976,Diabetes mellitus type 2,1,Number,2023,266391.48760331114,316417.17419036385,220068.9722975497
5,Prevalence,16,Philippines,3,Both,11,30-34 years,976,Diabetes mellitus type 2,1,Number,2023,360969.2782745806,433511.22535082215,302440.71911239554
5,Prevalence,16,Philippines,3,Both,12,35-39 years,976,Diabetes mellitus type 2,1,Number,2023,438162.4318279797,515950.3086692254,373416.2127984889
5,Prevalence,16,Philippines,3,Both,13,40-44 years,976,Diabetes mellitus type 2,1,Number,2023,538186.5903949472,628612.5769100887,460990.7639348663
5,Prevalence,16,Philippines,3,Both,14,45-49 years,976,Diabetes mellitus type 2,1,Number,2023,596115.8789707203,680692.7941346699,507238.99593229935
5,Prevalence,16,Philippines,3,Both,15,50-54 years,976,Diabetes mellitus type 2,1,Number,2023,662164.7020432481,760726.6148072466,566534.1029433765
5,Prevalence,16,Philippines,3,Both,16,55-59 years,976,Diabetes mellitus type 2,1,Number,2023,664129.1933753476,749744.0538661187,588309.9540192966
5,Prevalence,16,Philippines,3,Both,17,60-64 years,976,Diabetes mellitus type 2,1,Number,2023,636503.3560600645,702269.0164912438,570377.3196497734
5,Prevalence,16,Philippines,3,Both,18,65-69 years,976,Diabetes mellitus type 2,1,Number,2023,509920.2098730011,557091.0009435614,459219.5188596441
5,Prevalence,16,Philippines,3,Both,19,70-74 years,976,Diabetes mellitus type 2,1,Number,2023,342189.3078172763,372756.6610748944,310659.82730390225
5,Prevalence,16,Philippines,3,Both,20,75-79 years,976,Diabetes mellitus type 2,1,Number,2023,189123.58291711524,207823.70587261632,171344.40606989793
5,Prevalence,16,Philippines,3,Both,30,80-84 years,976,Diabetes mellitus type 2,1,Number,2023,94809.37996452888,105017.73753011232,84936.0424991443
5,Prevalence,16,Philippines,3,Both,31,85-89 years,976,Diabetes mellitus type 2,1,Number,2023,38301.98319073305,42935.32292287062,33649.64934111109
5,Prevalence,16,Philippines,3,Both,32,90-94 years,976,Diabetes mellitus type 2,1,Number,2023,10049.511982983397,11517.196196097755,8556.038171328468
5,Prevalence,16,Philippines,3,Both,235,95+ years,976,Diabetes mellitus type 2,1,Number,2023,1267.2393548731347,1477.4303101617495,1029.1755997056036
5,Prevalence,121,Bolivia (Plurinational State of),3,Both,1,<5 years,976,Diabetes mellitus type 2,1,Number,2023,0.0,0.0,0.0
5,Prevalence,121,Bolivia (Plurinational State of),3,Both,6,5-9 years,976,Diabetes mellitus type 2,1,Number,2023,0.0,0.0,0.0
5,Prevalence,121,Bolivia (Plurinational State of),3,Both,7,10-14 years,976,Diabetes mellitus type 2,1,Number,2023,0.0,0.0,0.0
5,Prevalence,121,Bolivia (Plurinational State of),3,Both,8,15-19 years,976,Diabetes mellitus type 2,1,Number,2023,5981.106417038018,7710.6831834194545,4534.897123082095
5,Prevalence,121,Bolivia (Plurinational State of),3,Both,9,20-24 years,976,Diabetes mellitus type 2,1,Number,2023,10695.161434316482,13284.498998949988,8603.793438723795
5,Prevalence,121,Bolivia (Plurinational State of),3,Both,10,25-29 years,976,Diabetes mellitus type 2,1,Number,2023,16776.14196631148,20522.000471848107,13727.41771296778
5,Prevalence,121,Bolivia (Plurinational State of),3,Both,11,30-34 years,976,Diabetes mellitus type 2,1,Number,2023,24789.61883756244,29575.12389106834,20013.066541244058
5,Prevalence,121,Bolivia (Plurinational State of),3,Both,12,35-39 years,976,Diabetes mellitus type 2,1,Number,2023,34064.44411129533,39892.0304929102,28540.91219188565
5,Prevalence,121,Bolivia (Plurinational State of),3,Both,13,40-44 years,976,Diabetes mellitus type 2,1,Number,2023,46693.288122368285,56331.63022499453,39447.37558203266
5,Prevalence,121,Bolivia (Plurinational State of),3,Both,14,45-49 years,976,Diabetes mellitus type 2,1,Number,2023,57386.694704648304,69056.21745681055,48639.00722350179
5,Prevalence,121,Bolivia (Plurinational State of),3,Both,15,50-54 years,976,Diabetes mellitus type 2,1,Number,2023,64120.937352664354,74427.76130616257,53663.1547104744
5,Prevalence,121,Bolivia (Plurinational State of),3,Both,16,55-59 years,976,Diabetes mellitus type 2,1,Number,2023,67695.45531430359,76431.43278063071,59519.09823308997
5,Prevalence,121,Bolivia (Plurinational State of),3,Both,17,60-64 years,976,Diabetes mellitus type 2,1,Number,2023,71463.05270116158,81387.47635567468,64059.15166181889
5,Prevalence,121,Bolivia (Plurinational State of),3,Both,18,65-69 years,976,Diabetes mellitus type 2,1,Number,2023,62532.00369455785,71042.70802873398,55682.28555968629
5,Prevalence,121,Bolivia (Plurinational State of),3,Both,19,70-74 years,976,Diabetes mellitus type 2,1,Number,2023,49631.70030412147,56371.73072727119,44187.30882100348
5,Prevalence,121,Bolivia (Plurinational State of),3,Both,20,75-79 years,976,Diabetes mellitus type 2,1,Number,2023,30306.586537122384,34635.25024772317,27065.665159102744
5,Prevalence,121,Bolivia (Plurinational State of),3,Both,30,80-84 years,976,Diabetes mellitus type 2,1,Number,2023,16608.37359418048,19060.543298810284,14696.31733016936
5,Prevalence,121,Bolivia (Plurinational State of),3,Both,31,85-89 years,976,Diabetes mellitus type 2,1,Number,2023,6927.321973702263,7961.999074247215,6003.052887012038
5,Prevalence,121,Bolivia (Plurinational State of),3,Both,32,90-94 years,976,Diabetes mellitus type 2,1,Number,2023,2054.1621253790327,2415.9038638374727,1735.1921576471982
5,Prevalence,121,Bolivia (Plurinational State of),3,Both,235,95+ years,976,Diabetes mellitus type 2,1,Number,2023,313.42268102695607,387.0192154564701,252.05236526776855
5,Prevalence,51,Poland,3,Both,1,<5 years,976,Diabetes mellitus type 2,1,Number,2023,0.0,0.0,0.0
5,Prevalence,51,Poland,3,Both,6,5-9 years,976,Diabetes mellitus type 2,1,Number,2023,0.0,0.0,0.0
5,Prevalence,51,Poland,3,Both,7,10-14 years,976,Diabetes mellitus type 2,1,Number,2023,0.0,0.0,0.0
5,Prevalence,51,Poland,3,Both,8,15-19 years,976,Diabetes mellitus type 2,1,Number,2023,8097.544832533862,11714.239098394764,4771.289847403785
5,Prevalence,51,Poland,3,Both,9,20-24 years,976,Diabetes mellitus type 2,1,Number,2023,13241.63790236406,17031.40738499577,9949.507996003636
5,Prevalence,51,Poland,3,Both,10,25-29 years,976,Diabetes mellitus type 2,1,Number,2023,21334.136397817427,26114.962314966848,16929.067609486643
5,Prevalence,51,Poland,3,Both,11,30-34 years,976,Diabetes mellitus type 2,1,Number,2023,35470.900175307695,42589.79300002736,29164.875928623755
5,Prevalence,51,Poland,3,Both,12,35-39 years,976,Diabetes mellitus type 2,1,Number,2023,63748.89528475088,73245.0621802794,54605.76489228156
5,Prevalence,51,Poland,3,Both,13,40-44 years,976,Diabetes mellitus type 2,1,Number,2023,109454.70964033582,125033.0748485042,94770.81397284112
5,Prevalence,51,Poland,3,Both,14,45-49 years,976,Diabetes mellitus type 2,1,Number,2023,180192.3921134458,202079.30765880336,158491.02200817745
5,Prevalence,51,Poland,3,Both,15,50-54 years,976,Diabetes mellitus type 2,1,Number,2023,260222.6691825009,296520.7885876214,218731.42592668376
5,Prevalence,51,Poland,3,Both,16,55-59 years,976,Diabetes mellitus type 2,1,Number,2023,398216.3721686579,439571.4097983103,360588.80856212735
5,Prevalence,51,Poland,3,Both,17,60-64 years,976,Diabetes mellitus type 2,1,Number,2023,649977.1748811713,717227.355697865,591606.3451351068
5,Prevalence,51,Poland,3,Both,18,65-69 years,976,Diabetes mellitus type 2,1,Number,2023,868450.7724794534,940675.9094637831,793770.1331511482
5,Prevalence,51,Poland,3,Both,19,70-74 years,976,Diabetes mellitus type 2,1,Number,2023,815502.8317985567,878178.3305910818,756758.4804650974
5,Prevalence,51,Poland,3,Both,20,75-79 years,976,Diabetes mellitus type 2,1,Number,2023,512485.52520119096,556929.728812926,471315.22729486873
5,Prevalence,51,Poland,3,Both,30,80-84 years,976,Diabetes mellitus type 2,1,Number,2023,300359.8619178848,330201.742845562,274541.0581894903
5,Prevalence,51,Poland,3,Both,31,85-89 years,976,Diabetes mellitus type 2,1,Number,2023,189322.60889968756,209003.2112190467,171715.56916308106
5,Prevalence,51,Poland,3,Both,32,90-94 years,976,Diabetes mellitus type 2,1,Number,2023,70220.50076024962,78011.81861540559,62887.840900906056
5,Prevalence,51,Poland,3,Both,235,95+ years,976,Diabetes mellitus type 2,1,Number,2023,19250.35585511622,21621.44762652481,17055.987288776232
5,Prevalence,98,Chile,3,Both,1,<5 years,976,Diabetes mellitus type 2,1,Number,2023,0.0,0.0,0.0
5,Prevalence,98,Chile,3,Both,6,5-9 years,976,Diabetes mellitus type 2,1,Number,2023,0.0,0.0,0.0
5,Prevalence,98,Chile,3,Both,7,10-14 years,976,Diabetes mellitus type 2,1,Number,2023,0.0,0.0,0.0
5,Prevalence,98,Chile,3,Both,8,15-19 years,976,Diabetes mellitus type 2,1,Number,2023,538.9938351682797,1603.5139592187047,0.0
5,Prevalence,98,Chile,3,Both,9,20-24 years,976,Diabetes mellitus type 2,1,Number,2023,2455.9376733996787,3817.9176392868985,1254.218787521685
5,Prevalence,98,Chile,3,Both,10,25-29 years,976,Diabetes mellitus type 2,1,Number,2023,6790.565120303993,8940.75738253068,4938.045994261719
5,Prevalence,98,Chile,3,Both,11,30-34 years,976,Diabetes mellitus type 2,1,Number,2023,13463.107225211954,16397.71482780318,10561.191676480255
5,Prevalence,98,Chile,3,Both,12,35-39 years,976,Diabetes mellitus type 2,1,Number,2023,19843.76254751508,23151.13875047175,16449.95991118747
5,Prevalence,98,Chile,3,Both,13,40-44 years,976,Diabetes mellitus type 2,1,Number,2023,28337.200334664554,33135.004020008484,23510.552418571788
5,Prevalence,98,Chile,3,Both,14,45-49 years,976,Diabetes mellitus type 2,1,Number,2023,37455.96700715816,44682.83592894256,31476.81601715807
5,Prevalence,98,Chile,3,Both,15,50-54 years,976,Diabetes mellitus type 2,1,Number,2023,53514.98062160343,64642.70635827096,45095.79061563788
5,Prevalence,98,Chile,3,Both,16,55-59 years,976,Diabetes mellitus type 2,1,Number,2023,74749.0541695236,86254.571656316,64825.26813845388
5,Prevalence,98,Chile,3,Both,17,60-64 years,976,Diabetes mellitus type 2,1,Number,2023,94856.1353100306,106216.81012481396,81327.1217156687
5,Prevalence,98,Chile,3,Both,18,65-69 years,976,Diabetes mellitus type 2,1,Number,2023,93665.82376932232,103297.16878357812,82667.6187899694
5,Prevalence,98,Chile,3,Both,19,70-74 years,976,Diabetes mellitus type 2,1,Number,2023,82012.7142392152,87565.93412094672,76643.87036836302
5,Prevalence,98,Chile,3,Both,20,75-79 years,976,Diabetes mellitus type 2,1,Number,2023,59975.765400024975,64348.60698725628,56398.02054836544
5,Prevalence,98,Chile,3,Both,30,80-84 years,976,Diabetes mellitus type 2,1,Number,2023,37286.07175132921,39729.67155994094,35113.81901272744
5,Prevalence,98,Chile,3,Both,31,85-89 years,976,Diabetes mellitus type 2,1,Number,2023,17777.717647397305,19103.93463096748,16648.883078472107
5,Prevalence,98,Chile,3,Both,32,90-94 years,976,Diabetes mellitus type 2,1,Number,2023,7440.402712326045,8135.266220492454,6905.234666744722
5,Prevalence,98,Chile,3,Both,235,95+ years,976,Diabetes mellitus type 2,1,Number,2023,1840.9677442329703,2067.169293266508,1674.951176404138
5,Prevalence,156,United Arab Emirates,3,Both,1,<5 years,976,Diabetes mellitus type 2,1,Number,2023,0.0,0.0,0.0
5,Prevalence,156,United Arab Emirates,3,Both,6,5-9 years,976,Diabetes mellitus type 2,1,Number,2023,0.0,0.0,0.0
5,Prevalence,156,United Arab Emirates,3,Both,7,10-14 years,976,Diabetes mellitus type 2,1,Number,2023,0.0,0.0,0.0
5,Prevalence,156,United Arab Emirates,3,Both,8,15-19 years,976,Diabetes mellitus type 2,1,Number,2023,4615.377788848456,5977.747769671281,3601.324217029359
5,Prevalence,156,United Arab Emirates,3,Both,9,20-24 years,976,Diabetes mellitus type 2,1,Number,2023,20342.30475670602,25471.45727729206,15991.907179985645
5,Prevalence,156,United Arab Emirates,3,Both,10,25-29 years,976,Diabetes mellitus type 2,1,Number,2023,29669.25373442683,36019.51500962685,24424.8829435488
5,Prevalence,156,United Arab Emirates,3,Both,11,30-34 years,976,Diabetes mellitus type 2,1,Number,2023,87711.86546077469,103924.80182812113,72271.9930135261
5,Prevalence,156,United Arab Emirates,3,Both,12,35-39 years,976,Diabetes mellitus type 2,1,Number,2023,324230.1133035666,375752.9434189602,276461.3376473713
5,Prevalence,156,United Arab Emirates,3,Both,13,40-44 years,976,Diabetes mellitus type 2,1,Number,2023,379996.9949608322,443407.52358530206,318964.093172195
5,Prevalence,156,United Arab Emirates,3,Both,14,45-49 years,976,Diabetes mellitus type 2,1,Number,2023,458366.3714503879,516205.09788882267,402016.9863797479
5,Prevalence,156,United Arab Emirates,3,Both,15,50-54 years,976,Diabetes mellitus type 2,1,Number,2023,313805.7575861391,352441.97879014385,277981.20463937864
5,Prevalence,156,United Arab Emirates,3,Both,16,55-59 years,976,Diabetes mellitus type 2,1,Number,2023,217359.1957842856,243134.16957652575,196093.4161045846
5,Prevalence,156,United Arab Emirates,3,Both,17,60-64 years,976,Diabetes mellitus type 2,1,Number,2023,104607.3246543607,114459.3774785064,95529.95628351186
5,Prevalence,156,United Arab Emirates,3,Both,18,65-69 years,976,Diabetes mellitus type 2,1,Number,2023,88193.78475845828,96952.7708304482,80445.83688036643
5,Prevalence,156,United Arab Emirates,3,Both,19,70-74 years,976,Diabetes mellitus type 2,1,Number,2023,26702.71782025257,29182.621202375383,24375.323617821246
5,Prevalence,156,United Arab Emirates,3,Both,20,75-79 years,976,Diabetes mellitus type 2,1,Number,2023,11367.2078724188,12404.514049536414,10416.397068028264
5,Prevalence,156,United Arab Emirates,3,Both,30,80-84 years,976,Diabetes mellitus type 2,1,Number,2023,3414.951690181312,3713.625081818598,3130.41779889152
5,Prevalence,156,United Arab Emirates,3,Both,31,85-89 years,976,Diabetes mellitus type 2,1,Number,2023,1360.2983350066172,1487.4924240467851,1239.5942450628745
5,Prevalence,156,United Arab Emirates,3,Both,32,90-94 years,976,Diabetes mellitus type 2,1,Number,2023,259.4947734000945,287.77214704883664,235.14881951359493
5,Prevalence,156,United Arab Emirates,3,Both,235,95+ years,976,Diabetes mellitus type 2,1,Number,2023,34.139481551541216,38.31603839694646,30.36234653929453
5,Prevalence,74,Andorra,3,Both,1,<5 years,976,Diabetes mellitus type 2,1,Number,2023,0.0,0.0,0.0
5,Prevalence,74,Andorra,3,Both,6,5-9 years,976,Diabetes mellitus type 2,1,Number,2023,0.0,0.0,0.0
5,Prevalence,74,Andorra,3,Both,7,10-14 years,976,Diabetes mellitus type 2,1,Number,2023,0.0,0.0,0.0
5,Prevalence,74,Andorra,3,Both,8,15-19 years,976,Diabetes mellitus type 2,1,Number,2023,5.443181345362548,13.654309088257255,0.0
5,Prevalence,74,Andorra,3,Both,9,20-24 years,976,Diabetes mellitus type 2,1,Number,2023,26.89780424430515,40.04784334812865,15.090029125344362
5,Prevalence,74,Andorra,3,Both,10,25-29 years,976,Diabetes mellitus type 2,1,Number,2023,68.86511439364106,91.25098387492724,48.7614015589211
5,Prevalence,74,Andorra,3,Both,11,30-34 years,976,Diabetes mellitus type 2,1,Number,2023,131.17025143052513,164.15520024063363,101.53846475508402
5,Prevalence,74,Andorra,3,Both,12,35-39 years,976,Diabetes mellitus type 2,1,Number,2023,186.53672270472228,225.8324313215135,151.9881067823262
5,Prevalence,74,Andorra,3,Both,13,40-44 years,976,Diabetes mellitus type 2,1,Number,2023,281.67180798748313,334.8859371725542,228.74689872093225
5,Prevalence,74,Andorra,3,Both,14,45-49 years,976,Diabetes mellitus type 2,1,Number,2023,389.1339237266861,454.6422272592281,320.55758679653525
5,Prevalence,74,Andorra,3,Both,15,50-54 years,976,Diabetes mellitus type 2,1,Number,2023,471.1105480751078,548.2313343991061,393.4071270281622
5,Prevalence,74,Andorra,3,Both,16,55-59 years,976,Diabetes mellitus type 2,1,Number,2023,539.2436706565699,622.7072759169757,468.2837438716656
5,Prevalence,74,Andorra,3,Both,17,60-64 years,976,Diabetes mellitus type 2,1,Number,2023,545.7096847378845,633.8840290337505,479.32042729843386
5,Prevalence,74,Andorra,3,Both,18,65-69 years,976,Diabetes mellitus type 2,1,Number,2023,470.7340597238749,544.4514162213687,417.7039005570273
5,Prevalence,74,Andorra,3,Both,19,70-74 years,976,Diabetes mellitus type 2,1,Number,2023,407.8788866669298,467.0283062010008,368.5683833918193
5,Prevalence,74,Andorra,3,Both,20,75-79 years,976,Diabetes mellitus type 2,1,Number,2023,350.2984309616847,399.6715736664927,316.47615365309514
5,Prevalence,74,Andorra,3,Both,30,80-84 years,976,Diabetes mellitus type 2,1,Number,2023,218.00961065411192,248.6346236573046,197.11907865896285
5,Prevalence,74,Andorra,3,Both,31,85-89 years,976,Diabetes mellitus type 2,1,Number,2023,133.8477086390368,152.1816206465631,120.65260848321005
5,Prevalence,74,Andorra,3,Both,32,90-94 years,976,Diabetes mellitus type 2,1,Number,2023,79.5278286159813,90.94508636806664,71.69847982751226
5,Prevalence,74,Andorra,3,Both,235,95+ years,976,Diabetes mellitus type 2,1,Number,2023,53.49702310423181,61.28859163774625,47.794826679111566
5,Prevalence,39,Tajikistan,3,Both,1,<5 years,976,Diabetes mellitus type 2,1,Number,2023,0.0,0.0,0.0
5,Prevalence,39,Tajikistan,3,Both,6,5-9 years,976,Diabetes mellitus type 2,1,Number,2023,0.0,0.0,0.0
5,Prevalence,39,Tajikistan,3,Both,7,10-14 years,976,Diabetes mellitus type 2,1,Number,2023,0.0,0.0,0.0
5,Prevalence,39,Tajikistan,3,Both,8,15-19 years,976,Diabetes mellitus type 2,1,Number,2023,8654.923949992375,11217.536452021675,6664.997654417625
5,Prevalence,39,Tajikistan,3,Both,9,20-24 years,976,Diabetes mellitus type 2,1,Number,2023,14616.077813322812,18361.736248060293,11981.91382150486
5,Prevalence,39,Tajikistan,3,Both,10,25-29 years,976,Diabetes mellitus type 2,1,Number,2023,17660.503936111774,20958.216825837186,14831.456094051744
5,Prevalence,39,Tajikistan,3,Both,11,30-34 years,976,Diabetes mellitus type 2,1,Number,2023,21818.16145210684,25517.16801665217,18477.258042414705
5,Prevalence,39,Tajikistan,3,Both,12,35-39 years,976,Diabetes mellitus type 2,1,Number,2023,26307.22557334817,30076.544484686336,22716.22058325389
5,Prevalence,39,Tajikistan,3,Both,13,40-44 years,976,Diabetes mellitus type 2,1,Number,2023,28119.261956648785,32560.001390924062,23786.14123447116
5,Prevalence,39,Tajikistan,3,Both,14,45-49 years,976,Diabetes mellitus type 2,1,Number,2023,35454.55826111348,40638.396018123385,30776.67777971233
5,Prevalence,39,Tajikistan,3,Both,15,50-54 years,976,Diabetes mellitus type 2,1,Number,2023,47756.94096230517,55713.94177266672,41190.7545587888
5,Prevalence,39,Tajikistan,3,Both,16,55-59 years,976,Diabetes mellitus type 2,1,Number,2023,58058.38471340074,65280.62294879461,51212.8124982601
5,Prevalence,39,Tajikistan,3,Both,17,60-64 years,976,Diabetes mellitus type 2,1,Number,2023,63306.71757599915,71098.95413660667,56575.701058769504
5,Prevalence,39,Tajikistan,3,Both,18,65-69 years,976,Diabetes mellitus type 2,1,Number,2023,43688.15237327445,49343.944478391946,38554.64286218641
5,Prevalence,39,Tajikistan,3,Both,19,70-74 years,976,Diabetes mellitus type 2,1,Number,2023,25682.73210523086,29098.434064993824,22705.7540104724
5,Prevalence,39,Tajikistan,3,Both,20,75-79 years,976,Diabetes mellitus type 2,1,Number,2023,10084.167059483883,11427.111072639842,8951.81822911969
5,Prevalence,39,Tajikistan,3,Both,30,80-84 years,976,Diabetes mellitus type 2,1,Number,2023,6788.0436088838505,7728.248495739814,5987.47407281673
5,Prevalence,39,Tajikistan,3,Both,31,85-89 years,976,Diabetes mellitus type 2,1,Number,2023,3443.910983197076,3965.663342004247,3007.747535550204
5,Prevalence,39,Tajikistan,3,Both,32,90-94 years,976,Diabetes mellitus type 2,1,Number,2023,1522.4335618248313,1747.1332556665295,1327.7341084113948
5,Prevalence,39,Tajikistan,3,Both,235,95+ years,976,Diabetes mellitus type 2,1,Number,2023,432.4123487646552,491.6249043266721,371.96022067315727
5,Prevalence,40,Turkmenistan,3,Both,1,<5 years,976,Diabetes mellitus type 2,1,Number,2023,0.0,0.0,0.0
5,Prevalence,40,Turkmenistan,3,Both,6,5-9 years,976,Diabetes mellitus type 2,1,Number,2023,0.0,0.0,0.0
5,Prevalence,40,Turkmenistan,3,Both,7,10-14 years,976,Diabetes mellitus type 2,1,Number,2023,0.0,0.0,0.0
5,Prevalence,40,Turkmenistan,3,Both,8,15-19 years,976,Diabetes mellitus type 2,1,Number,2023,4745.155038877918,5805.993459936734,3731.1902102399154
5,Prevalence,40,Turkmenistan,3,Both,9,20-24 years,976,Diabetes mellitus type 2,1,Number,2023,7362.233421311006,8730.544055654023,6251.772140200261
5,Prevalence,40,Turkmenistan,3,Both,10,25-29 years,976,Diabetes mellitus type 2,1,Number,2023,9687.58163111183,11242.58843096442,8175.584212104299
5,Prevalence,40,Turkmenistan,3,Both,11,30-34 years,976,Diabetes mellitus type 2,1,Number,2023,12067.26100544613,13891.659652881825,10097.999236032125
5,Prevalence,40,Turkmenistan,3,Both,12,35-39 years,976,Diabetes mellitus type 2,1,Number,2023,14341.937982405909,16176.55844916109,12580.36469556819
5,Prevalence,40,Turkmenistan,3,Both,13,40-44 years,976,Diabetes mellitus type 2,1,Number,2023,16574.489645845897,18633.05300836156,14422.827615717231
5,Prevalence,40,Turkmenistan,3,Both,14,45-49 years,976,Diabetes mellitus type 2,1,Number,2023,20833.21784404333,23037.254051084863,18501.24711677993
5,Prevalence,40,Turkmenistan,3,Both,15,50-54 years,976,Diabetes mellitus type 2,1,Number,2023,25367.222059526528,28362.958153470827,22235.274402327792
5,Prevalence,40,Turkmenistan,3,Both,16,55-59 years,976,Diabetes mellitus type 2,1,Number,2023,30895.11799073102,34443.73710239935,27584.567894872373
5,Prevalence,40,Turkmenistan,3,Both,17,60-64 years,976,Diabetes mellitus type 2,1,Number,2023,34471.08428734485,38249.61895418752,31053.574643036667
5,Prevalence,40,Turkmenistan,3,Both,18,65-69 years,976,Diabetes mellitus type 2,1,Number,2023,26402.2623879181,29360.370724032065,23771.854348572477
5,Prevalence,40,Turkmenistan,3,Both,19,70-74 years,976,Diabetes mellitus type 2,1,Number,2023,15572.54040679637,17063.207486797746,14152.284373158613
5,Prevalence,40,Turkmenistan,3,Both,20,75-79 years,976,Diabetes mellitus type 2,1,Number,2023,7823.970585151768,8606.088420215729,7057.548896426079
5,Prevalence,40,Turkmenistan,3,Both,30,80-84 years,976,Diabetes mellitus type 2,1,Number,2023,5128.332736443234,5725.750410563736,4606.580768653183
5,Prevalence,40,Turkmenistan,3,Both,31,85-89 years,976,Diabetes mellitus type 2,1,Number,2023,2642.4099421704345,2960.717714208186,2330.8490048934696
5,Prevalence,40,Turkmenistan,3,Both,32,90-94 years,976,Diabetes mellitus type 2,1,Number,2023,948.9646824764836,1066.477113206448,833.5713156813736
5,Prevalence,40,Turkmenistan,3,Both,235,95+ years,976,Diabetes mellitus type 2,1,Number,2023,321.8754386964684,362.96231631499234,279.95086774922106
5,Prevalence,203,Cabo Verde,3,Both,1,<5 years,976,Diabetes mellitus type 2,1,Number,2023,0.0,0.0,0.0
5,Prevalence,203,Cabo Verde,3,Both,6,5-9 years,976,Diabetes mellitus type 2,1,Number,2023,0.0,0.0,0.0
5,Prevalence,203,Cabo Verde,3,Both,7,10-14 years,976,Diabetes mellitus type 2,1,Number,2023,0.0,0.0,0.0
5,Prevalence,203,Cabo Verde,3,Both,8,15-19 years,976,Diabetes mellitus type 2,1,Number,2023,682.6966868187383,851.2228663138111,542.8746066373898
5,Prevalence,203,Cabo Verde,3,Both,9,20-24 years,976,Diabetes mellitus type 2,1,Number,2023,1066.6104624289037,1295.061451334808,863.5540099967885
5,Prevalence,203,Cabo Verde,3,Both,10,25-29 years,976,Diabetes mellitus type 2,1,Number,2023,1455.3822158063042,1751.7489935279134,1218.3484757511535
5,Prevalence,203,Cabo Verde,3,Both,11,30-34 years,976,Diabetes mellitus type 2,1,Number,2023,1855.1593941030112,2202.937385828224,1539.9902763190294
5,Prevalence,203,Cabo Verde,3,Both,12,35-39 years,976,Diabetes mellitus type 2,1,Number,2023,2231.12286429764,2584.0759475649984,1923.3073274026428
5,Prevalence,203,Cabo Verde,3,Both,13,40-44 years,976,Diabetes mellitus type 2,1,Number,2023,2157.271309772194,2500.461724971392,1818.7491546032843
5,Prevalence,203,Cabo Verde,3,Both,14,45-49 years,976,Diabetes mellitus type 2,1,Number,2023,2122.187270349547,2400.910575883442,1790.289420616938
5,Prevalence,203,Cabo Verde,3,Both,15,50-54 years,976,Diabetes mellitus type 2,1,Number,2023,2391.420971366987,2727.232098627416,2028.8249933656653
5,Prevalence,203,Cabo Verde,3,Both,16,55-59 years,976,Diabetes mellitus type 2,1,Number,2023,2646.958017279302,3017.2470565504323,2258.5352359341514
5,Prevalence,203,Cabo Verde,3,Both,17,60-64 years,976,Diabetes mellitus type 2,1,Number,2023,2634.402130015884,3020.0198970663887,2278.9256118324474
5,Prevalence,203,Cabo Verde,3,Both,18,65-69 years,976,Diabetes mellitus type 2,1,Number,2023,2468.802371139987,2801.447281427478,2177.637949115927
5,Prevalence,203,Cabo Verde,3,Both,19,70-74 years,976,Diabetes mellitus type 2,1,Number,2023,1794.0827062204255,2024.0728316779275,1610.485796135682
5,Prevalence,203,Cabo Verde,3,Both,20,75-79 years,976,Diabetes mellitus type 2,1,Number,2023,1046.8734989980628,1174.4021305873412,947.4712957214504
5,Prevalence,203,Cabo Verde,3,Both,30,80-84 years,976,Diabetes mellitus type 2,1,Number,2023,842.4395844467896,944.8209050815568,758.0745821498665
5,Prevalence,203,Cabo Verde,3,Both,31,85-89 years,976,Diabetes mellitus type 2,1,Number,2023,673.8195419690022,768.5642543945285,602.0390435560805
5,Prevalence,203,Cabo Verde,3,Both,32,90-94 years,976,Diabetes mellitus type 2,1,Number,2023,244.38760556786696,284.8543964273015,213.1681558788732
5,Prevalence,203,Cabo Verde,3,Both,235,95+ years,976,Diabetes mellitus type 2,1,Number,2023,48.71979718986762,59.63183040452163,40.5544473431164
5,Prevalence,110,Dominica,3,Both,1,<5 years,976,Diabetes mellitus type 2,1,Number,2023,0.0,0.0,0.0
5,Prevalence,110,Dominica,3,Both,6,5-9 years,976,Diabetes mellitus type 2,1,Number,2023,0.0,0.0,0.0
5,Prevalence,110,Dominica,3,Both,7,10-14 years,976,Diabetes mellitus type 2,1,Number,2023,0.0,0.0,0.0
5,Prevalence,110,Dominica,3,Both,8,15-19 years,976,Diabetes mellitus type 2,1,Number,2023,82.80187080252786,103.45857980289016,66.28224638988745
5,Prevalence,110,Dominica,3,Both,9,20-24 years,976,Diabetes mellitus type 2,1,Number,2023,140.5660624973171,172.66094834593844,114.3584600959166
5,Prevalence,110,Dominica,3,Both,10,25-29 years,976,Diabetes mellitus type 2,1,Number,2023,202.4062394355534,237.3752416332624,166.86569616561448
5,Prevalence,110,Dominica,3,Both,11,30-34 years,976,Diabetes mellitus type 2,1,Number,2023,309.0994141397221,371.2621970131249,256.28521164799656
5,Prevalence,110,Dominica,3,Both,12,35-39 years,976,Diabetes mellitus type 2,1,Number,2023,428.50388435753615,502.4607837109189,356.1092431630253
5,Prevalence,110,Dominica,3,Both,13,40-44 years,976,Diabetes mellitus type 2,1,Number,2023,534.6335867336535,633.5132210362541,443.1794612366237
5,Prevalence,110,Dominica,3,Both,14,45-49 years,976,Diabetes mellitus type 2,1,Number,2023,652.4980813546372,754.1044969993438,542.5105267234829
5,Prevalence,110,Dominica,3,Both,15,50-54 years,976,Diabetes mellitus type 2,1,Number,2023,1005.9455170498763,1158.298151333502,836.2275355545472
5,Prevalence,110,Dominica,3,Both,16,55-59 years,976,Diabetes mellitus type 2,1,Number,2023,1311.0268568533088,1493.1931577347466,1142.4341617217683
5,Prevalence,110,Dominica,3,Both,17,60-64 years,976,Diabetes mellitus type 2,1,Number,2023,1384.3563381243166,1571.069719731885,1235.701798147206
5,Prevalence,110,Dominica,3,Both,18,65-69 years,976,Diabetes mellitus type 2,1,Number,2023,1210.7693635094247,1348.5992754434608,1097.7660943370563
5,Prevalence,110,Dominica,3,Both,19,70-74 years,976,Diabetes mellitus type 2,1,Number,2023,898.227227894276,988.5616533235706,821.0651374748651
5,Prevalence,110,Dominica,3,Both,20,75-79 years,976,Diabetes mellitus type 2,1,Number,2023,643.7805651026015,709.6310724823453,595.6059127072156
5,Prevalence,110,Dominica,3,Both,30,80-84 years,976,Diabetes mellitus type 2,1,Number,2023,463.2717600185342,510.56350508777575,423.4224710971792
5,Prevalence,110,Dominica,3,Both,31,85-89 years,976,Diabetes mellitus type 2,1,Number,2023,249.0104488518286,280.75219684947035,220.5084996980633
5,Prevalence,110,Dominica,3,Both,32,90-94 years,976,Diabetes mellitus type 2,1,Number,2023,78.07798791236436,89.52665642323217,67.34636954378425
5,Prevalence,110,Dominica,3,Both,235,95+ years,976,Diabetes mellitus type 2,1,Number,2023,15.64284637612397,19.087364697462814,12.994721268007009
5,Prevalence,63,Ukraine,3,Both,1,<5 years,976,Diabetes mellitus type 2,1,Number,2023,0.0,0.0,0.0
5,Prevalence,63,Ukraine,3,Both,6,5-9 years,976,Diabetes mellitus type 2,1,Number,2023,0.0,0.0,0.0
5,Prevalence,63,Ukraine,3,Both,7,10-14 years,976,Diabetes mellitus type 2,1,Number,2023,0.0,0.0,0.0
5,Prevalence,63,Ukraine,3,Both,8,15-19 years,976,Diabetes mellitus type 2,1,Number,2023,5056.241541842391,7456.409116189807,2905.416976019273
5,Prevalence,63,Ukraine,3,Both,9,20-24 years,976,Diabetes mellitus type 2,1,Number,2023,7420.344984704831,9683.089788780377,5476.71838481713
5,Prevalence,63,Ukraine,3,Both,10,25-29 years,976,Diabetes mellitus type 2,1,Number,2023,15212.732923651574,19129.77356733648,12021.672244532216
5,Prevalence,63,Ukraine,3,Both,11,30-34 years,976,Diabetes mellitus type 2,1,Number,2023,34099.2984242443,42511.06062785512,27124.998496809203
5,Prevalence,63,Ukraine,3,Both,12,35-39 years,976,Diabetes mellitus type 2,1,Number,2023,64061.5413298258,77157.17490499053,52445.16300834067
5,Prevalence,63,Ukraine,3,Both,13,40-44 years,976,Diabetes mellitus type 2,1,Number,2023,87331.13479624808,106470.19758078514,71113.51197666442
5,Prevalence,63,Ukraine,3,Both,14,45-49 years,976,Diabetes mellitus type 2,1,Number,2023,117841.92950846867,138410.60027963034,98093.46182932358
5,Prevalence,63,Ukraine,3,Both,15,50-54 years,976,Diabetes mellitus type 2,1,Number,2023,160074.33496258638,191664.5570814504,132127.33378782083
5,Prevalence,63,Ukraine,3,Both,16,55-59 years,976,Diabetes mellitus type 2,1,Number,2023,206004.4001494204,237918.1970951592,177453.0007909462
5,Prevalence,63,Ukraine,3,Both,17,60-64 years,976,Diabetes mellitus type 2,1,Number,2023,305547.6300326904,359061.6704883181,262138.85518697836
5,Prevalence,63,Ukraine,3,Both,18,65-69 years,976,Diabetes mellitus type 2,1,Number,2023,307133.4742763801,354617.58301264205,269675.3130196985
5,Prevalence,63,Ukraine,3,Both,19,70-74 years,976,Diabetes mellitus type 2,1,Number,2023,264842.4120361191,303328.2439723436,235086.61364231008
5,Prevalence,63,Ukraine,3,Both,20,75-79 years,976,Diabetes mellitus type 2,1,Number,2023,148238.58708213505,170768.05576492424,132727.356778181
5,Prevalence,63,Ukraine,3,Both,30,80-84 years,976,Diabetes mellitus type 2,1,Number,2023,120620.87749229888,139389.78813194673,107438.00872618792
5,Prevalence,63,Ukraine,3,Both,31,85-89 years,976,Diabetes mellitus type 2,1,Number,2023,69454.45996349576,80206.92232870271,61400.24726079611
5,Prevalence,63,Ukraine,3,Both,32,90-94 years,976,Diabetes mellitus type 2,1,Number,2023,16382.174911682388,18724.942616795703,14429.283454046355
5,Prevalence,63,Ukraine,3,Both,235,95+ years,976,Diabetes mellitus type 2,1,Number,2023,3204.8282851108256,3665.72007009456,2822.889901659273
5,Prevalence,179,Ethiopia,3,Both,1,<5 years,976,Diabetes mellitus type 2,1,Number,2023,0.0,0.0,0.0
5,Prevalence,179,Ethiopia,3,Both,6,5-9 years,976,Diabetes mellitus type 2,1,Number,2023,0.0,0.0,0.0
5,Prevalence,179,Ethiopia,3,Both,7,10-14 years,976,Diabetes mellitus type 2,1,Number,2023,0.0,0.0,0.0
5,Prevalence,179,Ethiopia,3,Both,8,15-19 years,976,Diabetes mellitus type 2,1,Number,2023,93113.92884324148,117123.56977956148,73882.6982332308
5,Prevalence,179,Ethiopia,3,Both,9,20-24 years,976,Diabetes mellitus type 2,1,Number,2023,120447.76397184878,145808.4200176067,98857.068766697
5,Prevalence,179,Ethiopia,3,Both,10,25-29 years,976,Diabetes mellitus type 2,1,Number,2023,141078.6029662212,167747.126166877,117006.21144559592
5,Prevalence,179,Ethiopia,3,Both,11,30-34 years,976,Diabetes mellitus type 2,1,Number,2023,154127.45990135014,184523.75927927156,129306.7354387404
5,Prevalence,179,Ethiopia,3,Both,12,35-39 years,976,Diabetes mellitus type 2,1,Number,2023,161303.78073485664,189767.2879778016,136455.6556679359
5,Prevalence,179,Ethiopia,3,Both,13,40-44 years,976,Diabetes mellitus type 2,1,Number,2023,161846.1213627496,191101.89307626605,136915.67778187565
5,Prevalence,179,Ethiopia,3,Both,14,45-49 years,976,Diabetes mellitus type 2,1,Number,2023,152976.72995948757,174747.6714410632,128356.42193331275
5,Prevalence,179,Ethiopia,3,Both,15,50-54 years,976,Diabetes mellitus type 2,1,Number,2023,142725.59778246656,164824.8606612979,122031.28358005926
5,Prevalence,179,Ethiopia,3,Both,16,55-59 years,976,Diabetes mellitus type 2,1,Number,2023,136167.6013699032,158573.7933455984,116953.2814210281
5,Prevalence,179,Ethiopia,3,Both,17,60-64 years,976,Diabetes mellitus type 2,1,Number,2023,133413.41553697878,155859.6461989329,112475.67106009454
5,Prevalence,179,Ethiopia,3,Both,18,65-69 years,976,Diabetes mellitus type 2,1,Number,2023,141178.43967870748,159544.98163874669,123553.00512849538
5,Prevalence,179,Ethiopia,3,Both,19,70-74 years,976,Diabetes mellitus type 2,1,Number,2023,134122.15212896507,148997.3840684504,120352.23216283822
5,Prevalence,179,Ethiopia,3,Both,20,75-79 years,976,Diabetes mellitus type 2,1,Number,2023,102707.99160361836,114302.1909381588,92087.76284177636
5,Prevalence,179,Ethiopia,3,Both,30,80-84 years,976,Diabetes mellitus type 2,1,Number,2023,62598.42089682821,70467.80782283496,55537.2257395424
5,Prevalence,179,Ethiopia,3,Both,31,85-89 years,976,Diabetes mellitus type 2,1,Number,2023,28272.625679376702,32104.83772031153,24881.009052849
5,Prevalence,179,Ethiopia,3,Both,32,90-94 years,976,Diabetes mellitus type 2,1,Number,2023,8534.934220669933,9876.76929705492,7228.981721282107
5,Prevalence,179,Ethiopia,3,Both,235,95+ years,976,Diabetes mellitus type 2,1,Number,2023,1276.914583865783,1535.812814246042,1069.8741768468908
5,Prevalence,157,Yemen,3,Both,1,<5 years,976,Diabetes mellitus type 2,1,Number,2023,0.0,0.0,0.0
5,Prevalence,157,Yemen,3,Both,6,5-9 years,976,Diabetes mellitus type 2,1,Number,2023,0.0,0.0,0.0
5,Prevalence,157,Yemen,3,Both,7,10-14 years,976,Diabetes mellitus type 2,1,Number,2023,0.0,0.0,0.0
5,Prevalence,157,Yemen,3,Both,8,15-19 years,976,Diabetes mellitus type 2,1,Number,2023,23410.895114767955,30189.100571764146,18208.78196601201
5,Prevalence,157,Yemen,3,Both,9,20-24 years,976,Diabetes mellitus type 2,1,Number,2023,70581.3456869235,87083.06287997203,55168.032114413
5,Prevalence,157,Yemen,3,Both,10,25-29 years,976,Diabetes mellitus type 2,1,Number,2023,98986.86375511235,120953.3174681494,80972.44156575773
5,Prevalence,157,Yemen,3,Both,11,30-34 years,976,Diabetes mellitus type 2,1,Number,2023,128443.25275557484,154151.16050932376,105881.32557486097
5,Prevalence,157,Yemen,3,Both,12,35-39 years,976,Diabetes mellitus type 2,1,Number,2023,164992.15796258146,193152.7828137342,142487.0156102022
5,Prevalence,157,Yemen,3,Both,13,40-44 years,976,Diabetes mellitus type 2,1,Number,2023,188887.7262312752,219782.3610584429,158168.23952665713
5,Prevalence,157,Yemen,3,Both,14,45-49 years,976,Diabetes mellitus type 2,1,Number,2023,189393.77860999675,215859.74707075133,161406.28853059642
5,Prevalence,157,Yemen,3,Both,15,50-54 years,976,Diabetes mellitus type 2,1,Number,2023,169848.25277296914,190914.57621254263,147354.25115361155
5,Prevalence,157,Yemen,3,Both,16,55-59 years,976,Diabetes mellitus type 2,1,Number,2023,151340.26883748928,169824.88658807208,132971.15373554578
5,Prevalence,157,Yemen,3,Both,17,60-64 years,976,Diabetes mellitus type 2,1,Number,2023,132547.34503700692,147208.29444041805,116542.12148708792
5,Prevalence,157,Yemen,3,Both,18,65-69 years,976,Diabetes mellitus type 2,1,Number,2023,107665.17134154674,119579.07430251004,94968.373764997
5,Prevalence,157,Yemen,3,Both,19,70-74 years,976,Diabetes mellitus type 2,1,Number,2023,75308.63310549388,84070.32133852255,66173.34661765365
5,Prevalence,157,Yemen,3,Both,20,75-79 years,976,Diabetes mellitus type 2,1,Number,2023,43701.917177214826,48937.39437777239,38458.7304702629
5,Prevalence,157,Yemen,3,Both,30,80-84 years,976,Diabetes mellitus type 2,1,Number,2023,20730.592745137223,23268.674550556105,18159.05463888783
5,Prevalence,157,Yemen,3,Both,31,85-89 years,976,Diabetes mellitus type 2,1,Number,2023,6760.98996947655,7635.2129024531005,5799.907993818324
5,Prevalence,157,Yemen,3,Both,32,90-94 years,976,Diabetes mellitus type 2,1,Number,2023,1468.687827881543,1662.9462933608352,1245.8065408232983
5,Prevalence,157,Yemen,3,Both,235,95+ years,976,Diabetes mellitus type 2,1,Number,2023,205.1630752929967,233.0834568662266,173.939674532318
5,Prevalence,435,South Sudan,3,Both,1,<5 years,976,Diabetes mellitus type 2,1,Number,2023,0.0,0.0,0.0
5,Prevalence,435,South Sudan,3,Both,6,5-9 years,976,Diabetes mellitus type 2,1,Number,2023,0.0,0.0,0.0
5,Prevalence,435,South Sudan,3,Both,7,10-14 years,976,Diabetes mellitus type 2,1,Number,2023,0.0,0.0,0.0
5,Prevalence,435,South Sudan,3,Both,8,15-19 years,976,Diabetes mellitus type 2,1,Number,2023,8379.511967362529,10174.706973387263,6604.715078079028
5,Prevalence,435,South Sudan,3,Both,9,20-24 years,976,Diabetes mellitus type 2,1,Number,2023,10133.385855978588,12147.557724838704,8307.56131787649
5,Prevalence,435,South Sudan,3,Both,10,25-29 years,976,Diabetes mellitus type 2,1,Number,2023,8694.218060093177,10463.286574393836,7220.131489118994
5,Prevalence,435,South Sudan,3,Both,11,30-34 years,976,Diabetes mellitus type 2,1,Number,2023,10021.97528296852,11770.104576751306,8414.930474164885
5,Prevalence,435,South Sudan,3,Both,12,35-39 years,976,Diabetes mellitus type 2,1,Number,2023,12862.616602132646,14887.91108228751,11087.743918846998
5,Prevalence,435,South Sudan,3,Both,13,40-44 years,976,Diabetes mellitus type 2,1,Number,2023,14924.877129915823,17100.7920850315,12603.250976437184
5,Prevalence,435,South Sudan,3,Both,14,45-49 years,976,Diabetes mellitus type 2,1,Number,2023,15821.204931605327,17952.578924600675,13514.93749363616
5,Prevalence,435,South Sudan,3,Both,15,50-54 years,976,Diabetes mellitus type 2,1,Number,2023,15637.574515930666,17837.41629179723,13300.489187327095
5,Prevalence,435,South Sudan,3,Both,16,55-59 years,976,Diabetes mellitus type 2,1,Number,2023,14815.858524019315,16921.99397843752,12806.146232549583
5,Prevalence,435,South Sudan,3,Both,17,60-64 years,976,Diabetes mellitus type 2,1,Number,2023,13358.352298780974,15441.066608775123,11428.741575651988
5,Prevalence,435,South Sudan,3,Both,18,65-69 years,976,Diabetes mellitus type 2,1,Number,2023,12705.83671146986,14281.645282979704,11226.98253679316
5,Prevalence,435,South Sudan,3,Both,19,70-74 years,976,Diabetes mellitus type 2,1,Number,2023,10475.9291018603,11713.440010302083,9517.82708522386
5,Prevalence,435,South Sudan,3,Both,20,75-79 years,976,Diabetes mellitus type 2,1,Number,2023,7139.024923508611,7982.780243215293,6509.569048079829
5,Prevalence,435,South Sudan,3,Both,30,80-84 years,976,Diabetes mellitus type 2,1,Number,2023,3600.772454467241,4068.835743049113,3271.041489202104
5,Prevalence,435,South Sudan,3,Both,31,85-89 years,976,Diabetes mellitus type 2,1,Number,2023,1391.578104376473,1617.839723235407,1242.283787871277
5,Prevalence,435,South Sudan,3,Both,32,90-94 years,976,Diabetes mellitus type 2,1,Number,2023,368.28795627503314,436.33351048641487,321.2878928097283
5,Prevalence,435,South Sudan,3,Both,235,95+ years,976,Diabetes mellitus type 2,1,Number,2023,101.17773737710792,125.72403498541748,85.9510562962844
5,Prevalence,52,Romania,3,Both,1,<5 years,976,Diabetes mellitus type 2,1,Number,2023,0.0,0.0,0.0
5,Prevalence,52,Romania,3,Both,6,5-9 years,976,Diabetes mellitus type 2,1,Number,2023,0.0,0.0,0.0
5,Prevalence,52,Romania,3,Both,7,10-14 years,976,Diabetes mellitus type 2,1,Number,2023,0.0,0.0,0.0
5,Prevalence,52,Romania,3,Both,8,15-19 years,976,Diabetes mellitus type 2,1,Number,2023,1350.4818048662032,1929.017505165204,685.1893824102403
5,Prevalence,52,Romania,3,Both,9,20-24 years,976,Diabetes mellitus type 2,1,Number,2023,2989.2503053038363,3948.0266287163686,2102.890005158384
5,Prevalence,52,Romania,3,Both,10,25-29 years,976,Diabetes mellitus type 2,1,Number,2023,4461.082249894617,5648.42147927297,3396.092480762421
5,Prevalence,52,Romania,3,Both,11,30-34 years,976,Diabetes mellitus type 2,1,Number,2023,7496.311301117734,9430.988593645216,5911.330431141487
5,Prevalence,52,Romania,3,Both,12,35-39 years,976,Diabetes mellitus type 2,1,Number,2023,14186.837556099745,17386.219585580646,11792.302149892092
5,Prevalence,52,Romania,3,Both,13,40-44 years,976,Diabetes mellitus type 2,1,Number,2023,24600.79988534135,29970.35087290564,20076.269810631915
5,Prevalence,52,Romania,3,Both,14,45-49 years,976,Diabetes mellitus type 2,1,Number,2023,46979.777298282286,55739.46388420234,40092.78275197508
5,Prevalence,52,Romania,3,Both,15,50-54 years,976,Diabetes mellitus type 2,1,Number,2023,81650.00404689515,95017.99329093964,68314.64753805399
5,Prevalence,52,Romania,3,Both,16,55-59 years,976,Diabetes mellitus type 2,1,Number,2023,111123.28303718228,124014.6124429064,97607.2542500559
5,Prevalence,52,Romania,3,Both,17,60-64 years,976,Diabetes mellitus type 2,1,Number,2023,146163.027961903,160833.85307318723,130831.90240318124
5,Prevalence,52,Romania,3,Both,18,65-69 years,976,Diabetes mellitus type 2,1,Number,2023,211448.0200483382,230120.86849487456,191833.1155092376
5,Prevalence,52,Romania,3,Both,19,70-74 years,976,Diabetes mellitus type 2,1,Number,2023,198639.64659329693,216659.7618940973,179385.2663385319
5,Prevalence,52,Romania,3,Both,20,75-79 years,976,Diabetes mellitus type 2,1,Number,2023,123786.58773438889,136282.9548926551,111403.04630084438
5,Prevalence,52,Romania,3,Both,30,80-84 years,976,Diabetes mellitus type 2,1,Number,2023,81017.13207927308,89613.00432033392,72542.63880346795
5,Prevalence,52,Romania,3,Both,31,85-89 years,976,Diabetes mellitus type 2,1,Number,2023,43834.707196643525,48894.860041395405,39061.58745356923
5,Prevalence,52,Romania,3,Both,32,90-94 years,976,Diabetes mellitus type 2,1,Number,2023,13527.664834290172,15110.528327064529,11979.355112140482
5,Prevalence,52,Romania,3,Both,235,95+ years,976,Diabetes mellitus type 2,1,Number,2023,2403.4241875966227,2700.418822935512,2118.240573299744
5,Prevalence,99,Uruguay,3,Both,1,<5 years,976,Diabetes mellitus type 2,1,Number,2023,0.0,0.0,0.0
5,Prevalence,99,Uruguay,3,Both,6,5-9 years,976,Diabetes mellitus type 2,1,Number,2023,0.0,0.0,0.0
5,Prevalence,99,Uruguay,3,Both,7,10-14 years,976,Diabetes mellitus type 2,1,Number,2023,0.0,0.0,0.0
5,Prevalence,99,Uruguay,3,Both,8,15-19 years,976,Diabetes mellitus type 2,1,Number,2023,356.5309587546403,610.6304762899297,57.39114929287785
5,Prevalence,99,Uruguay,3,Both,9,20-24 years,976,Diabetes mellitus type 2,1,Number,2023,914.6794732065216,1247.352492329852,608.1243303293553
5,Prevalence,99,Uruguay,3,Both,10,25-29 years,976,Diabetes mellitus type 2,1,Number,2023,1813.9066337136792,2315.060003749321,1394.840485635602
5,Prevalence,99,Uruguay,3,Both,11,30-34 years,976,Diabetes mellitus type 2,1,Number,2023,3095.556813689761,3793.376835715323,2468.725869604851
5,Prevalence,99,Uruguay,3,Both,12,35-39 years,976,Diabetes mellitus type 2,1,Number,2023,5303.254842988306,6395.491728842562,4431.645909121325
5,Prevalence,99,Uruguay,3,Both,13,40-44 years,976,Diabetes mellitus type 2,1,Number,2023,8287.434297922859,9777.952810210609,7046.354507514733
5,Prevalence,99,Uruguay,3,Both,14,45-49 years,976,Diabetes mellitus type 2,1,Number,2023,11714.491617781903,13704.487738932508,10215.490300529016
5,Prevalence,99,Uruguay,3,Both,15,50-54 years,976,Diabetes mellitus type 2,1,Number,2023,14806.159155856223,16907.291203751683,13109.398672816627
5,Prevalence,99,Uruguay,3,Both,16,55-59 years,976,Diabetes mellitus type 2,1,Number,2023,19129.37533931367,20901.002245443065,17218.38586962913
5,Prevalence,99,Uruguay,3,Both,17,60-64 years,976,Diabetes mellitus type 2,1,Number,2023,25004.58703731972,27185.362616888084,22327.61138875855
5,Prevalence,99,Uruguay,3,Both,18,65-69 years,976,Diabetes mellitus type 2,1,Number,2023,25590.69488091121,27766.266535920644,23079.623520455287
5,Prevalence,99,Uruguay,3,Both,19,70-74 years,976,Diabetes mellitus type 2,1,Number,2023,21363.53337171084,23119.06257504027,19518.40058822842
5,Prevalence,99,Uruguay,3,Both,20,75-79 years,976,Diabetes mellitus type 2,1,Number,2023,16611.77205432128,18062.89960158864,15271.550757794696
5,Prevalence,99,Uruguay,3,Both,30,80-84 years,976,Diabetes mellitus type 2,1,Number,2023,11552.455733735302,12638.147906801409,10633.046198112488
5,Prevalence,99,Uruguay,3,Both,31,85-89 years,976,Diabetes mellitus type 2,1,Number,2023,6299.081957549848,6945.941144086361,5743.935621500454
5,Prevalence,99,Uruguay,3,Both,32,90-94 years,976,Diabetes mellitus type 2,1,Number,2023,2340.9999118425176,2627.898263723757,2097.864259942296
5,Prevalence,99,Uruguay,3,Both,235,95+ years,976,Diabetes mellitus type 2,1,Number,2023,582.3985142547102,672.6809483711036,501.4731513703856
5,Prevalence,145,Kuwait,3,Both,1,<5 years,976,Diabetes mellitus type 2,1,Number,2023,0.0,0.0,0.0
5,Prevalence,145,Kuwait,3,Both,6,5-9 years,976,Diabetes mellitus type 2,1,Number,2023,0.0,0.0,0.0
5,Prevalence,145,Kuwait,3,Both,7,10-14 years,976,Diabetes mellitus type 2,1,Number,2023,0.0,0.0,0.0
5,Prevalence,145,Kuwait,3,Both,8,15-19 years,976,Diabetes mellitus type 2,1,Number,2023,4059.1615185924807,5884.270615289677,2517.93647683639
5,Prevalence,145,Kuwait,3,Both,9,20-24 years,976,Diabetes mellitus type 2,1,Number,2023,23385.75472814517,29299.31574796104,18131.939257629445
5,Prevalence,145,Kuwait,3,Both,10,25-29 years,976,Diabetes mellitus type 2,1,Number,2023,44843.794034609615,54624.0008809605,36724.88331102503
5,Prevalence,145,Kuwait,3,Both,11,30-34 years,976,Diabetes mellitus type 2,1,Number,2023,58358.45258849068,70052.57957975334,48653.42806110268
5,Prevalence,145,Kuwait,3,Both,12,35-39 years,976,Diabetes mellitus type 2,1,Number,2023,89160.4870122825,102248.31551945423,76940.36498413782
5,Prevalence,145,Kuwait,3,Both,13,40-44 years,976,Diabetes mellitus type 2,1,Number,2023,113907.94878965426,131660.85007475375,98715.18410051448
5,Prevalence,145,Kuwait,3,Both,14,45-49 years,976,Diabetes mellitus type 2,1,Number,2023,143950.6884390377,161795.01047967322,127824.1087811396
5,Prevalence,145,Kuwait,3,Both,15,50-54 years,976,Diabetes mellitus type 2,1,Number,2023,131537.67958616978,144254.74170090677,117138.27551324017
5,Prevalence,145,Kuwait,3,Both,16,55-59 years,976,Diabetes mellitus type 2,1,Number,2023,121221.03025388444,132157.5619100998,109218.2080022712
5,Prevalence,145,Kuwait,3,Both,17,60-64 years,976,Diabetes mellitus type 2,1,Number,2023,84510.00812303124,91823.45864524634,76815.91146773077
5,Prevalence,145,Kuwait,3,Both,18,65-69 years,976,Diabetes mellitus type 2,1,Number,2023,53379.84557845545,58006.24031987092,48539.44362827799
5,Prevalence,145,Kuwait,3,Both,19,70-74 years,976,Diabetes mellitus type 2,1,Number,2023,24506.22704487308,26548.14100390483,22471.93783746659
5,Prevalence,145,Kuwait,3,Both,20,75-79 years,976,Diabetes mellitus type 2,1,Number,2023,9178.316689606105,9974.12446759986,8397.273944309516
5,Prevalence,145,Kuwait,3,Both,30,80-84 years,976,Diabetes mellitus type 2,1,Number,2023,3849.685359806371,4212.61689275112,3532.649652431567
5,Prevalence,145,Kuwait,3,Both,31,85-89 years,976,Diabetes mellitus type 2,1,Number,2023,2923.16671388568,3194.6399911987523,2652.1797481066505
5,Prevalence,145,Kuwait,3,Both,32,90-94 years,976,Diabetes mellitus type 2,1,Number,2023,829.5259697400511,918.7741651912984,742.9141858306415
5,Prevalence,145,Kuwait,3,Both,235,95+ years,976,Diabetes mellitus type 2,1,Number,2023,102.27395283777426,114.40299943432052,90.05675091631268
5,Prevalence,146,Lebanon,3,Both,1,<5 years,976,Diabetes mellitus type 2,1,Number,2023,0.0,0.0,0.0
5,Prevalence,146,Lebanon,3,Both,6,5-9 years,976,Diabetes mellitus type 2,1,Number,2023,0.0,0.0,0.0
5,Prevalence,146,Lebanon,3,Both,7,10-14 years,976,Diabetes mellitus type 2,1,Number,2023,0.0,0.0,0.0
5,Prevalence,146,Lebanon,3,Both,8,15-19 years,976,Diabetes mellitus type 2,1,Number,2023,5051.706207646646,6798.799973743046,3761.4667521391502
5,Prevalence,146,Lebanon,3,Both,9,20-24 years,976,Diabetes mellitus type 2,1,Number,2023,17082.48854880634,21326.864869847446,13549.200744200336
5,Prevalence,146,Lebanon,3,Both,10,25-29 years,976,Diabetes mellitus type 2,1,Number,2023,36230.41076953063,43686.78555639801,29678.01376056097
5,Prevalence,146,Lebanon,3,Both,11,30-34 years,976,Diabetes mellitus type 2,1,Number,2023,58674.4244451506,69817.61116638966,48083.48896755513
5,Prevalence,146,Lebanon,3,Both,12,35-39 years,976,Diabetes mellitus type 2,1,Number,2023,64525.92738126021,74572.83491613148,55510.5691788065
5,Prevalence,146,Lebanon,3,Both,13,40-44 years,976,Diabetes mellitus type 2,1,Number,2023,69128.21403192225,78391.78474193628,59209.70974209733
5,Prevalence,146,Lebanon,3,Both,14,45-49 years,976,Diabetes mellitus type 2,1,Number,2023,74577.60266637553,82958.21366911408,65117.30231240173
5,Prevalence,146,Lebanon,3,Both,15,50-54 years,976,Diabetes mellitus type 2,1,Number,2023,74524.634136889,81500.88156315818,66480.03089032786
5,Prevalence,146,Lebanon,3,Both,16,55-59 years,976,Diabetes mellitus type 2,1,Number,2023,75920.29090972403,82958.27491442712,68972.24286010067
5,Prevalence,146,Lebanon,3,Both,17,60-64 years,976,Diabetes mellitus type 2,1,Number,2023,71249.56813381024,78213.31496133642,65218.19637571763
5,Prevalence,146,Lebanon,3,Both,18,65-69 years,976,Diabetes mellitus type 2,1,Number,2023,57936.018371002974,64545.5485706633,53044.24510057435
5,Prevalence,146,Lebanon,3,Both,19,70-74 years,976,Diabetes mellitus type 2,1,Number,2023,50737.36983396268,56333.55227228731,46131.77261178298
5,Prevalence,146,Lebanon,3,Both,20,75-79 years,976,Diabetes mellitus type 2,1,Number,2023,38884.95341623123,43030.07120593851,35533.6350998369
5,Prevalence,146,Lebanon,3,Both,30,80-84 years,976,Diabetes mellitus type 2,1,Number,2023,25549.861476507456,28301.663451515,23337.789523818552
5,Prevalence,146,Lebanon,3,Both,31,85-89 years,976,Diabetes mellitus type 2,1,Number,2023,14482.796633795511,16044.221106887366,13031.98497853759
5,Prevalence,146,Lebanon,3,Both,32,90-94 years,976,Diabetes mellitus type 2,1,Number,2023,6013.509958501453,6695.901628488261,5423.068176809522
5,Prevalence,146,Lebanon,3,Both,235,95+ years,976,Diabetes mellitus type 2,1,Number,2023,1197.3667078677483,1337.92628938001,1068.344083762402
5,Prevalence,29,Tonga,3,Both,1,<5 years,976,Diabetes mellitus type 2,1,Number,2023,0.0,0.0,0.0
5,Prevalence,29,Tonga,3,Both,6,5-9 years,976,Diabetes mellitus type 2,1,Number,2023,0.0,0.0,0.0
5,Prevalence,29,Tonga,3,Both,7,10-14 years,976,Diabetes mellitus type 2,1,Number,2023,0.0,0.0,0.0
5,Prevalence,29,Tonga,3,Both,8,15-19 years,976,Diabetes mellitus type 2,1,Number,2023,144.51402111605813,184.9915746485441,116.22880868673693
5,Prevalence,29,Tonga,3,Both,9,20-24 years,976,Diabetes mellitus type 2,1,Number,2023,363.7490100599933,452.4423696894861,293.6252156535273
5,Prevalence,29,Tonga,3,Both,10,25-29 years,976,Diabetes mellitus type 2,1,Number,2023,444.6929691530127,533.7971467208054,363.3074048082982
5,Prevalence,29,Tonga,3,Both,11,30-34 years,976,Diabetes mellitus type 2,1,Number,2023,536.6470087650891,632.1439992969131,444.6347606399554
5,Prevalence,29,Tonga,3,Both,12,35-39 years,976,Diabetes mellitus type 2,1,Number,2023,744.1590574213516,863.3940448952892,629.4643972357501
5,Prevalence,29,Tonga,3,Both,13,40-44 years,976,Diabetes mellitus type 2,1,Number,2023,1027.2599801332528,1206.301849558479,869.7884159570074
5,Prevalence,29,Tonga,3,Both,14,45-49 years,976,Diabetes mellitus type 2,1,Number,2023,1371.883594243944,1548.9089738002926,1193.7403594763528
5,Prevalence,29,Tonga,3,Both,15,50-54 years,976,Diabetes mellitus type 2,1,Number,2023,1706.675741427411,1887.6355878210968,1493.2932154077985
5,Prevalence,29,Tonga,3,Both,16,55-59 years,976,Diabetes mellitus type 2,1,Number,2023,1714.539267916178,1872.5412533506276,1536.6788513262738
5,Prevalence,29,Tonga,3,Both,17,60-64 years,976,Diabetes mellitus type 2,1,Number,2023,1413.2780411902538,1525.1206605994205,1304.5383412937645
5,Prevalence,29,Tonga,3,Both,18,65-69 years,976,Diabetes mellitus type 2,1,Number,2023,1091.162610514952,1174.8537972167887,1013.7699358590075
5,Prevalence,29,Tonga,3,Both,19,70-74 years,976,Diabetes mellitus type 2,1,Number,2023,786.9446278847814,848.7476923430702,733.0214179420194
5,Prevalence,29,Tonga,3,Both,20,75-79 years,976,Diabetes mellitus type 2,1,Number,2023,497.2960472321469,541.6783014613209,461.2236603723487
5,Prevalence,29,Tonga,3,Both,30,80-84 years,976,Diabetes mellitus type 2,1,Number,2023,289.13562849915814,315.24072193287964,266.2394732453652
5,Prevalence,29,Tonga,3,Both,31,85-89 years,976,Diabetes mellitus type 2,1,Number,2023,133.61048781338718,148.8735280597524,119.46730242154028
5,Prevalence,29,Tonga,3,Both,32,90-94 years,976,Diabetes mellitus type 2,1,Number,2023,30.91101208700011,35.44173149180466,26.6408364824587
5,Prevalence,29,Tonga,3,Both,235,95+ years,976,Diabetes mellitus type 2,1,Number,2023,5.781865529232792,6.924032005465032,4.894079608927342
5,Prevalence,43,Albania,3,Both,1,<5 years,976,Diabetes mellitus type 2,1,Number,2023,0.0,0.0,0.0
5,Prevalence,43,Albania,3,Both,6,5-9 years,976,Diabetes mellitus type 2,1,Number,2023,0.0,0.0,0.0
5,Prevalence,43,Albania,3,Both,7,10-14 years,976,Diabetes mellitus type 2,1,Number,2023,0.0,0.0,0.0
5,Prevalence,43,Albania,3,Both,8,15-19 years,976,Diabetes mellitus type 2,1,Number,2023,208.84628652891857,407.277366486012,8.632710629164277
5,Prevalence,43,Albania,3,Both,9,20-24 years,976,Diabetes mellitus type 2,1,Number,2023,431.2639737192982,650.0279999386296,245.44219205606112
5,Prevalence,43,Albania,3,Both,10,25-29 years,976,Diabetes mellitus type 2,1,Number,2023,667.879772544104,913.1744868275698,450.90878752459673
5,Prevalence,43,Albania,3,Both,11,30-34 years,976,Diabetes mellitus type 2,1,Number,2023,1046.0756249672606,1329.860155465597,789.755151765221
5,Prevalence,43,Albania,3,Both,12,35-39 years,976,Diabetes mellitus type 2,1,Number,2023,1641.072836966423,1986.0854396001832,1288.6709840170226
5,Prevalence,43,Albania,3,Both,13,40-44 years,976,Diabetes mellitus type 2,1,Number,2023,2422.9074723183344,2925.602264676245,1922.517190754937
5,Prevalence,43,Albania,3,Both,14,45-49 years,976,Diabetes mellitus type 2,1,Number,2023,4135.849126262936,4917.57081775648,3461.9694875514638
5,Prevalence,43,Albania,3,Both,15,50-54 years,976,Diabetes mellitus type 2,1,Number,2023,7678.824993993265,9251.098379901763,6331.255290639976
5,Prevalence,43,Albania,3,Both,16,55-59 years,976,Diabetes mellitus type 2,1,Number,2023,13679.90829574476,16234.858815614534,11867.871603578382
5,Prevalence,43,Albania,3,Both,17,60-64 years,976,Diabetes mellitus type 2,1,Number,2023,22390.5678302286,25755.00169908269,19409.96544988088
5,Prevalence,43,Albania,3,Both,18,65-69 years,976,Diabetes mellitus type 2,1,Number,2023,25556.420661833505,28970.14094153867,22264.436955862056
5,Prevalence,43,Albania,3,Both,19,70-74 years,976,Diabetes mellitus type 2,1,Number,2023,17686.906888975103,19985.58811073203,15655.044412886604
5,Prevalence,43,Albania,3,Both,20,75-79 years,976,Diabetes mellitus type 2,1,Number,2023,13297.245032598285,15033.581663612576,11779.43451656506
5,Prevalence,43,Albania,3,Both,30,80-84 years,976,Diabetes mellitus type 2,1,Number,2023,9493.863165392992,10700.830912597798,8413.893872287998
5,Prevalence,43,Albania,3,Both,31,85-89 years,976,Diabetes mellitus type 2,1,Number,2023,4203.304166942793,4783.199325266412,3647.075208729025
5,Prevalence,43,Albania,3,Both,32,90-94 years,976,Diabetes mellitus type 2,1,Number,2023,1148.6138652527611,1307.3012193134275,990.4763808795864
5,Prevalence,43,Albania,3,Both,235,95+ years,976,Diabetes mellitus type 2,1,Number,2023,270.36530122128033,309.3660182860707,229.3517835471881
5,Prevalence,194,Lesotho,3,Both,1,<5 years,976,Diabetes mellitus type 2,1,Number,2023,0.0,0.0,0.0
5,Prevalence,194,Lesotho,3,Both,6,5-9 years,976,Diabetes mellitus type 2,1,Number,2023,0.0,0.0,0.0
5,Prevalence,194,Lesotho,3,Both,7,10-14 years,976,Diabetes mellitus type 2,1,Number,2023,0.0,0.0,0.0
5,Prevalence,194,Lesotho,3,Both,8,15-19 years,976,Diabetes mellitus type 2,1,Number,2023,1568.9511676698476,1903.8224607775524,1285.4847640033884
5,Prevalence,194,Lesotho,3,Both,9,20-24 years,976,Diabetes mellitus type 2,1,Number,2023,2259.911459489464,2707.0210618928777,1903.3085199346672
5,Prevalence,194,Lesotho,3,Both,10,25-29 years,976,Diabetes mellitus type 2,1,Number,2023,2852.5769610102343,3419.6587119132173,2411.951494051287
5,Prevalence,194,Lesotho,3,Both,11,30-34 years,976,Diabetes mellitus type 2,1,Number,2023,3381.058224982134,4002.0792668024646,2854.94126755908
5,Prevalence,194,Lesotho,3,Both,12,35-39 years,976,Diabetes mellitus type 2,1,Number,2023,4028.0591698849257,4619.8913833366405,3476.5627380616183
5,Prevalence,194,Lesotho,3,Both,13,40-44 years,976,Diabetes mellitus type 2,1,Number,2023,4663.299799365125,5460.467102497963,3953.889196248144
5,Prevalence,194,Lesotho,3,Both,14,45-49 years,976,Diabetes mellitus type 2,1,Number,2023,4608.046054256036,5290.801088394821,3926.765115123604
5,Prevalence,194,Lesotho,3,Both,15,50-54 years,976,Diabetes mellitus type 2,1,Number,2023,4580.0102511989135,5341.554082938234,3881.6922837061534
5,Prevalence,194,Lesotho,3,Both,16,55-59 years,976,Diabetes mellitus type 2,1,Number,2023,5372.080181666593,6113.683982426846,4665.188088710437
5,Prevalence,194,Lesotho,3,Both,17,60-64 years,976,Diabetes mellitus type 2,1,Number,2023,6393.511340265268,7312.941358429545,5557.822105201414
5,Prevalence,194,Lesotho,3,Both,18,65-69 years,976,Diabetes mellitus type 2,1,Number,2023,6788.253201844801,7473.9016352220015,6102.8533583519775
5,Prevalence,194,Lesotho,3,Both,19,70-74 years,976,Diabetes mellitus type 2,1,Number,2023,6598.8857199815975,7231.596283570012,6071.978809699999
5,Prevalence,194,Lesotho,3,Both,20,75-79 years,976,Diabetes mellitus type 2,1,Number,2023,4213.765747434089,4617.102996929331,3849.2873124822654
5,Prevalence,194,Lesotho,3,Both,30,80-84 years,976,Diabetes mellitus type 2,1,Number,2023,2134.856742832628,2359.161621349632,1939.1640095064777
5,Prevalence,194,Lesotho,3,Both,31,85-89 years,976,Diabetes mellitus type 2,1,Number,2023,844.0135171425529,944.3281837635052,744.3751806274738
5,Prevalence,194,Lesotho,3,Both,32,90-94 years,976,Diabetes mellitus type 2,1,Number,2023,232.24621927268248,267.0485061323696,193.92502851526064
5,Prevalence,194,Lesotho,3,Both,235,95+ years,976,Diabetes mellitus type 2,1,Number,2023,67.46806152677757,80.56922231800269,55.0338471123418
5,Prevalence,11,Indonesia,3,Both,1,<5 years,976,Diabetes mellitus type 2,1,Number,2023,0.0,0.0,0.0
5,Prevalence,11,Indonesia,3,Both,6,5-9 years,976,Diabetes mellitus type 2,1,Number,2023,0.0,0.0,0.0
5,Prevalence,11,Indonesia,3,Both,7,10-14 years,976,Diabetes mellitus type 2,1,Number,2023,0.0,0.0,0.0
5,Prevalence,11,Indonesia,3,Both,8,15-19 years,976,Diabetes mellitus type 2,1,Number,2023,135626.82765452663,184643.52796050656,100520.4154857222
5,Prevalence,11,Indonesia,3,Both,9,20-24 years,976,Diabetes mellitus type 2,1,Number,2023,338604.67614310497,429352.0841112085,264130.6123405125
5,Prevalence,11,Indonesia,3,Both,10,25-29 years,976,Diabetes mellitus type 2,1,Number,2023,599920.1026470116,737706.7737580313,483521.97916512575
5,Prevalence,11,Indonesia,3,Both,11,30-34 years,976,Diabetes mellitus type 2,1,Number,2023,858647.4253064753,1050493.0976357348,706275.2353307593
5,Prevalence,11,Indonesia,3,Both,12,35-39 years,976,Diabetes mellitus type 2,1,Number,2023,1129492.6527183682,1344859.0224006774,949616.9559526716
5,Prevalence,11,Indonesia,3,Both,13,40-44 years,976,Diabetes mellitus type 2,1,Number,2023,1432131.7405317544,1687990.4833990578,1212334.69485733
5,Prevalence,11,Indonesia,3,Both,14,45-49 years,976,Diabetes mellitus type 2,1,Number,2023,1691862.1446457417,1947518.482775605,1430019.2820286253
5,Prevalence,11,Indonesia,3,Both,15,50-54 years,976,Diabetes mellitus type 2,1,Number,2023,1851957.068483476,2141579.3362087854,1581399.708822363
5,Prevalence,11,Indonesia,3,Both,16,55-59 years,976,Diabetes mellitus type 2,1,Number,2023,1875994.3349381592,2135506.5796915665,1655302.723894116
5,Prevalence,11,Indonesia,3,Both,17,60-64 years,976,Diabetes mellitus type 2,1,Number,2023,1712443.661820343,1949797.9968701603,1505885.1265611253
5,Prevalence,11,Indonesia,3,Both,18,65-69 years,976,Diabetes mellitus type 2,1,Number,2023,1393566.8620639732,1575046.9993467263,1229092.037418128
5,Prevalence,11,Indonesia,3,Both,19,70-74 years,976,Diabetes mellitus type 2,1,Number,2023,916664.100172955,1023561.9216900916,810938.431184096
5,Prevalence,11,Indonesia,3,Both,20,75-79 years,976,Diabetes mellitus type 2,1,Number,2023,487713.5233521128,546590.1867661328,429086.5142305375
5,Prevalence,11,Indonesia,3,Both,30,80-84 years,976,Diabetes mellitus type 2,1,Number,2023,223864.90096756504,252916.24729844253,194760.21630784508
5,Prevalence,11,Indonesia,3,Both,31,85-89 years,976,Diabetes mellitus type 2,1,Number,2023,77419.45230704978,87772.93165252087,66114.95372154885
5,Prevalence,11,Indonesia,3,Both,32,90-94 years,976,Diabetes mellitus type 2,1,Number,2023,29543.156176079257,34093.504896557635,24698.1688052689
5,Prevalence,11,Indonesia,3,Both,235,95+ years,976,Diabetes mellitus type 2,1,Number,2023,10985.41556394911,13135.43916451026,8795.867206104289
5,Prevalence,90,Norway,3,Both,1,<5 years,976,Diabetes mellitus type 2,1,Number,2023,0.0,0.0,0.0
5,Prevalence,90,Norway,3,Both,6,5-9 years,976,Diabetes mellitus type 2,1,Number,2023,0.0,0.0,0.0
5,Prevalence,90,Norway,3,Both,7,10-14 years,976,Diabetes mellitus type 2,1,Number,2023,0.0,0.0,0.0
5,Prevalence,90,Norway,3,Both,8,15-19 years,976,Diabetes mellitus type 2,1,Number,2023,796.2299679571169,1770.6857756521404,75.0545879671275
5,Prevalence,90,Norway,3,Both,9,20-24 years,976,Diabetes mellitus type 2,1,Number,2023,2642.705874948106,3817.2328731808334,1539.2600513896198
5,Prevalence,90,Norway,3,Both,10,25-29 years,976,Diabetes mellitus type 2,1,Number,2023,5780.47766279585,7808.462466645518,4006.1905674429145
5,Prevalence,90,Norway,3,Both,11,30-34 years,976,Diabetes mellitus type 2,1,Number,2023,10064.914370502604,13079.853368381484,7711.873883453605
5,Prevalence,90,Norway,3,Both,12,35-39 years,976,Diabetes mellitus type 2,1,Number,2023,13717.971446559628,17032.270186244386,11044.50842058142
5,Prevalence,90,Norway,3,Both,13,40-44 years,976,Diabetes mellitus type 2,1,Number,2023,17963.361209994277,21768.640490891263,14563.102116850943
5,Prevalence,90,Norway,3,Both,14,45-49 years,976,Diabetes mellitus type 2,1,Number,2023,23482.29667768666,27539.769313197543,19294.19567698922
5,Prevalence,90,Norway,3,Both,15,50-54 years,976,Diabetes mellitus type 2,1,Number,2023,31763.60183641885,37461.75995197928,26302.91948801307
5,Prevalence,90,Norway,3,Both,16,55-59 years,976,Diabetes mellitus type 2,1,Number,2023,37178.37219873581,43293.299212050224,31583.38764954564
5,Prevalence,90,Norway,3,Both,17,60-64 years,976,Diabetes mellitus type 2,1,Number,2023,40490.9224154959,47037.697739954274,34436.5894373921
5,Prevalence,90,Norway,3,Both,18,65-69 years,976,Diabetes mellitus type 2,1,Number,2023,43538.2238799752,49941.05548234522,37388.38264559149
5,Prevalence,90,Norway,3,Both,19,70-74 years,976,Diabetes mellitus type 2,1,Number,2023,43496.63456169482,49527.775165757455,37711.444126721246
5,Prevalence,90,Norway,3,Both,20,75-79 years,976,Diabetes mellitus type 2,1,Number,2023,39279.59182005361,45008.88722479589,34206.68313569247
5,Prevalence,90,Norway,3,Both,30,80-84 years,976,Diabetes mellitus type 2,1,Number,2023,22255.1668601464,25475.63962965849,19441.405234620637
5,Prevalence,90,Norway,3,Both,31,85-89 years,976,Diabetes mellitus type 2,1,Number,2023,11869.65614958095,13597.853255360647,10361.716589893527
5,Prevalence,90,Norway,3,Both,32,90-94 years,976,Diabetes mellitus type 2,1,Number,2023,5310.683718379895,6113.043179794625,4635.877105534837
5,Prevalence,90,Norway,3,Both,235,95+ years,976,Diabetes mellitus type 2,1,Number,2023,1370.4580918339257,1601.2539981346872,1182.365488896113
5,Prevalence,123,Peru,3,Both,1,<5 years,976,Diabetes mellitus type 2,1,Number,2023,0.0,0.0,0.0
5,Prevalence,123,Peru,3,Both,6,5-9 years,976,Diabetes mellitus type 2,1,Number,2023,0.0,0.0,0.0
5,Prevalence,123,Peru,3,Both,7,10-14 years,976,Diabetes mellitus type 2,1,Number,2023,0.0,0.0,0.0
5,Prevalence,123,Peru,3,Both,8,15-19 years,976,Diabetes mellitus type 2,1,Number,2023,12567.400669675775,16158.367028993707,9485.862262573562
5,Prevalence,123,Peru,3,Both,9,20-24 years,976,Diabetes mellitus type 2,1,Number,2023,20133.15417943341,25339.95011348604,15860.884816283193
5,Prevalence,123,Peru,3,Both,10,25-29 years,976,Diabetes mellitus type 2,1,Number,2023,34252.50843200321,41701.096142908325,28230.30939406335
5,Prevalence,123,Peru,3,Both,11,30-34 years,976,Diabetes mellitus type 2,1,Number,2023,51145.562778276704,61455.71551593868,42204.36979237775
5,Prevalence,123,Peru,3,Both,12,35-39 years,976,Diabetes mellitus type 2,1,Number,2023,73132.09473683183,85723.43726020836,62070.34451592284
5,Prevalence,123,Peru,3,Both,13,40-44 years,976,Diabetes mellitus type 2,1,Number,2023,98174.95012594828,112996.02110051044,83692.2158387768
5,Prevalence,123,Peru,3,Both,14,45-49 years,976,Diabetes mellitus type 2,1,Number,2023,124762.39741879744,140652.32986521657,109598.69219110683
5,Prevalence,123,Peru,3,Both,15,50-54 years,976,Diabetes mellitus type 2,1,Number,2023,141414.42160555063,160549.69486021367,124612.09136499236
5,Prevalence,123,Peru,3,Both,16,55-59 years,976,Diabetes mellitus type 2,1,Number,2023,155201.17590122134,174981.08144550282,137594.00093887295
5,Prevalence,123,Peru,3,Both,17,60-64 years,976,Diabetes mellitus type 2,1,Number,2023,154379.04382636878,174148.377479941,139486.41611008623
5,Prevalence,123,Peru,3,Both,18,65-69 years,976,Diabetes mellitus type 2,1,Number,2023,141646.92223410716,158639.07292471625,129108.02137679984
5,Prevalence,123,Peru,3,Both,19,70-74 years,976,Diabetes mellitus type 2,1,Number,2023,116577.25631843154,131333.86604760145,106645.99398580128
5,Prevalence,123,Peru,3,Both,20,75-79 years,976,Diabetes mellitus type 2,1,Number,2023,85446.40777502768,96584.70752185116,77879.01199485286
5,Prevalence,123,Peru,3,Both,30,80-84 years,976,Diabetes mellitus type 2,1,Number,2023,51872.19598856664,58615.2944958943,46890.37842073046
5,Prevalence,123,Peru,3,Both,31,85-89 years,976,Diabetes mellitus type 2,1,Number,2023,21528.81422258398,24506.6993438627,19079.80321770268
5,Prevalence,123,Peru,3,Both,32,90-94 years,976,Diabetes mellitus type 2,1,Number,2023,8475.578067886761,9751.39612073296,7395.159186018929
5,Prevalence,123,Peru,3,Both,235,95+ years,976,Diabetes mellitus type 2,1,Number,2023,2639.7087189277504,3117.368153439544,2256.660675785119
5,Prevalence,112,Grenada,3,Both,1,<5 years,976,Diabetes mellitus type 2,1,Number,2023,0.0,0.0,0.0
5,Prevalence,112,Grenada,3,Both,6,5-9 years,976,Diabetes mellitus type 2,1,Number,2023,0.0,0.0,0.0
5,Prevalence,112,Grenada,3,Both,7,10-14 years,976,Diabetes mellitus type 2,1,Number,2023,0.0,0.0,0.0
5,Prevalence,112,Grenada,3,Both,8,15-19 years,976,Diabetes mellitus type 2,1,Number,2023,109.47096882714006,136.7839247396655,87.48079022665772
5,Prevalence,112,Grenada,3,Both,9,20-24 years,976,Diabetes mellitus type 2,1,Number,2023,214.2011319319134,263.5108349043737,172.99134014787754
5,Prevalence,112,Grenada,3,Both,10,25-29 years,976,Diabetes mellitus type 2,1,Number,2023,365.6572733679211,437.5111833093704,312.2349263019193
5,Prevalence,112,Grenada,3,Both,11,30-34 years,976,Diabetes mellitus type 2,1,Number,2023,473.1643098005439,549.4764794260458,408.58623723153033
5,Prevalence,112,Grenada,3,Both,12,35-39 years,976,Diabetes mellitus type 2,1,Number,2023,624.2776613818565,708.2633891323251,548.5744627894155
5,Prevalence,112,Grenada,3,Both,13,40-44 years,976,Diabetes mellitus type 2,1,Number,2023,816.410545295402,915.918777295772,695.5169368152128
5,Prevalence,112,Grenada,3,Both,14,45-49 years,976,Diabetes mellitus type 2,1,Number,2023,1087.2098998104252,1241.017392662107,933.2863635154876
5,Prevalence,112,Grenada,3,Both,15,50-54 years,976,Diabetes mellitus type 2,1,Number,2023,1492.9180632196844,1706.5369514669242,1280.655776212266
5,Prevalence,112,Grenada,3,Both,16,55-59 years,976,Diabetes mellitus type 2,1,Number,2023,1991.50310831052,2174.689700625663,1794.152673352423
5,Prevalence,112,Grenada,3,Both,17,60-64 years,976,Diabetes mellitus type 2,1,Number,2023,2415.337688713764,2651.324793497392,2160.1771583127
5,Prevalence,112,Grenada,3,Both,18,65-69 years,976,Diabetes mellitus type 2,1,Number,2023,2319.335305295996,2494.6404434109027,2123.756364322773
5,Prevalence,112,Grenada,3,Both,19,70-74 years,976,Diabetes mellitus type 2,1,Number,2023,1770.666554464251,1865.19988425582,1666.9655080475566
5,Prevalence,112,Grenada,3,Both,20,75-79 years,976,Diabetes mellitus type 2,1,Number,2023,1195.6339479475175,1261.0109847131844,1135.0788560711958
5,Prevalence,112,Grenada,3,Both,30,80-84 years,976,Diabetes mellitus type 2,1,Number,2023,792.8883217807413,834.3189640894277,751.7534218208938
5,Prevalence,112,Grenada,3,Both,31,85-89 years,976,Diabetes mellitus type 2,1,Number,2023,454.8621760934783,480.9643208007576,424.4123577292752
5,Prevalence,112,Grenada,3,Both,32,90-94 years,976,Diabetes mellitus type 2,1,Number,2023,80.68149504091623,86.69105362653012,74.00357489918588
5,Prevalence,112,Grenada,3,Both,235,95+ years,976,Diabetes mellitus type 2,1,Number,2023,18.352381545690324,20.47668442848289,16.426959477738055
5,Prevalence,111,Dominican Republic,3,Both,1,<5 years,976,Diabetes mellitus type 2,1,Number,2023,0.0,0.0,0.0
5,Prevalence,111,Dominican Republic,3,Both,6,5-9 years,976,Diabetes mellitus type 2,1,Number,2023,0.0,0.0,0.0
5,Prevalence,111,Dominican Republic,3,Both,7,10-14 years,976,Diabetes mellitus type 2,1,Number,2023,0.0,0.0,0.0
5,Prevalence,111,Dominican Republic,3,Both,8,15-19 years,976,Diabetes mellitus type 2,1,Number,2023,10591.715867289258,13237.3964199907,8421.297289489288
5,Prevalence,111,Dominican Republic,3,Both,9,20-24 years,976,Diabetes mellitus type 2,1,Number,2023,18985.178053454725,23141.81451862862,15688.991948365874
5,Prevalence,111,Dominican Republic,3,Both,10,25-29 years,976,Diabetes mellitus type 2,1,Number,2023,30347.033579666517,36742.33183877387,25402.05108405381
5,Prevalence,111,Dominican Republic,3,Both,11,30-34 years,976,Diabetes mellitus type 2,1,Number,2023,43526.84800898622,52016.46127008795,36042.36575792227
5,Prevalence,111,Dominican Republic,3,Both,12,35-39 years,976,Diabetes mellitus type 2,1,Number,2023,57007.79847410521,67265.52032568953,47902.10846607015
5,Prevalence,111,Dominican Republic,3,Both,13,40-44 years,976,Diabetes mellitus type 2,1,Number,2023,72917.43844310069,85537.19904035606,60948.825074324304
5,Prevalence,111,Dominican Republic,3,Both,14,45-49 years,976,Diabetes mellitus type 2,1,Number,2023,88056.40920926085,101784.16278154936,75467.61119592955
5,Prevalence,111,Dominican Republic,3,Both,15,50-54 years,976,Diabetes mellitus type 2,1,Number,2023,98882.5250429275,113630.54354317016,85028.44686654679
5,Prevalence,111,Dominican Republic,3,Both,16,55-59 years,976,Diabetes mellitus type 2,1,Number,2023,104472.73680675004,118478.17010831386,93769.36668167169
5,Prevalence,111,Dominican Republic,3,Both,17,60-64 years,976,Diabetes mellitus type 2,1,Number,2023,99631.8544157274,112507.42234780591,89539.5689053702
5,Prevalence,111,Dominican Republic,3,Both,18,65-69 years,976,Diabetes mellitus type 2,1,Number,2023,83228.93799065366,93168.90553892143,74896.5855234691
5,Prevalence,111,Dominican Republic,3,Both,19,70-74 years,976,Diabetes mellitus type 2,1,Number,2023,66130.75373190593,73525.71991726753,59252.69695215927
5,Prevalence,111,Dominican Republic,3,Both,20,75-79 years,976,Diabetes mellitus type 2,1,Number,2023,44036.672694338326,48941.315655768725,39706.75834981284
5,Prevalence,111,Dominican Republic,3,Both,30,80-84 years,976,Diabetes mellitus type 2,1,Number,2023,25011.372747339243,27898.989128228008,22450.143823382667
5,Prevalence,111,Dominican Republic,3,Both,31,85-89 years,976,Diabetes mellitus type 2,1,Number,2023,11485.206367952267,12856.483905285404,10232.953105299615
5,Prevalence,111,Dominican Republic,3,Both,32,90-94 years,976,Diabetes mellitus type 2,1,Number,2023,4010.388426964837,4558.875545653856,3519.341769849395
5,Prevalence,111,Dominican Republic,3,Both,235,95+ years,976,Diabetes mellitus type 2,1,Number,2023,1358.62272818434,1618.4660613909032,1143.581215087524
5,Prevalence,17,Sri Lanka,3,Both,1,<5 years,976,Diabetes mellitus type 2,1,Number,2023,0.0,0.0,0.0
5,Prevalence,17,Sri Lanka,3,Both,6,5-9 years,976,Diabetes mellitus type 2,1,Number,2023,0.0,0.0,0.0
5,Prevalence,17,Sri Lanka,3,Both,7,10-14 years,976,Diabetes mellitus type 2,1,Number,2023,0.0,0.0,0.0
5,Prevalence,17,Sri Lanka,3,Both,8,15-19 years,976,Diabetes mellitus type 2,1,Number,2023,14428.681643753916,18771.34366344495,10945.318613436935
5,Prevalence,17,Sri Lanka,3,Both,9,20-24 years,976,Diabetes mellitus type 2,1,Number,2023,36690.25447800628,45808.41310656636,29227.425796698102
5,Prevalence,17,Sri Lanka,3,Both,10,25-29 years,976,Diabetes mellitus type 2,1,Number,2023,59765.95615798745,71817.60439572216,48367.7081959284
5,Prevalence,17,Sri Lanka,3,Both,11,30-34 years,976,Diabetes mellitus type 2,1,Number,2023,82360.60850159758,95457.72870263268,69060.36505435669
5,Prevalence,17,Sri Lanka,3,Both,12,35-39 years,976,Diabetes mellitus type 2,1,Number,2023,110847.8442827898,127120.93832134551,92575.40958715108
5,Prevalence,17,Sri Lanka,3,Both,13,40-44 years,976,Diabetes mellitus type 2,1,Number,2023,162179.65825258286,187471.3566308051,136090.579108338
5,Prevalence,17,Sri Lanka,3,Both,14,45-49 years,976,Diabetes mellitus type 2,1,Number,2023,192119.10645089825,221813.8570693832,165653.30571868716
5,Prevalence,17,Sri Lanka,3,Both,15,50-54 years,976,Diabetes mellitus type 2,1,Number,2023,232331.8511295632,261939.14138837665,200638.9707688109
5,Prevalence,17,Sri Lanka,3,Both,16,55-59 years,976,Diabetes mellitus type 2,1,Number,2023,272622.7446018263,299773.82442988164,247720.20192951048
5,Prevalence,17,Sri Lanka,3,Both,17,60-64 years,976,Diabetes mellitus type 2,1,Number,2023,297670.8650400747,327092.27216967114,270168.9960305554
5,Prevalence,17,Sri Lanka,3,Both,18,65-69 years,976,Diabetes mellitus type 2,1,Number,2023,272304.36416820984,298862.3735602897,246501.1139410354
5,Prevalence,17,Sri Lanka,3,Both,19,70-74 years,976,Diabetes mellitus type 2,1,Number,2023,222338.117557407,243106.5612627621,205262.78626939995
5,Prevalence,17,Sri Lanka,3,Both,20,75-79 years,976,Diabetes mellitus type 2,1,Number,2023,167472.9085051354,181298.7931149664,156085.75573504265
5,Prevalence,17,Sri Lanka,3,Both,30,80-84 years,976,Diabetes mellitus type 2,1,Number,2023,79332.95049995679,85966.41031413407,73061.52888502213
5,Prevalence,17,Sri Lanka,3,Both,31,85-89 years,976,Diabetes mellitus type 2,1,Number,2023,34787.56361145334,38345.73806108692,31526.647295165727
5,Prevalence,17,Sri Lanka,3,Both,32,90-94 years,976,Diabetes mellitus type 2,1,Number,2023,9579.37871931264,10705.369403669898,8497.145007448413
5,Prevalence,17,Sri Lanka,3,Both,235,95+ years,976,Diabetes mellitus type 2,1,Number,2023,2238.5819041584205,2581.8196435502896,1923.465057002212
5,Prevalence,206,Gambia,3,Both,1,<5 years,976,Diabetes mellitus type 2,1,Number,2023,0.0,0.0,0.0
5,Prevalence,206,Gambia,3,Both,6,5-9 years,976,Diabetes mellitus type 2,1,Number,2023,0.0,0.0,0.0
5,Prevalence,206,Gambia,3,Both,7,10-14 years,976,Diabetes mellitus type 2,1,Number,2023,0.0,0.0,0.0
5,Prevalence,206,Gambia,3,Both,8,15-19 years,976,Diabetes mellitus type 2,1,Number,2023,5351.932080172551,6597.709162449512,4266.970562378116
5,Prevalence,206,Gambia,3,Both,9,20-24 years,976,Diabetes mellitus type 2,1,Number,2023,8102.68713912463,9971.073904954275,6569.285423813152
5,Prevalence,206,Gambia,3,Both,10,25-29 years,976,Diabetes mellitus type 2,1,Number,2023,9072.034037870637,10807.121539876302,7469.85367549659
5,Prevalence,206,Gambia,3,Both,11,30-34 years,976,Diabetes mellitus type 2,1,Number,2023,9153.995039476453,10594.493096217817,7800.06187956004
5,Prevalence,206,Gambia,3,Both,12,35-39 years,976,Diabetes mellitus type 2,1,Number,2023,9090.34149666604,10395.630269775553,7934.868225432502
5,Prevalence,206,Gambia,3,Both,13,40-44 years,976,Diabetes mellitus type 2,1,Number,2023,8594.392014788351,9869.308632298986,7195.023631821166
5,Prevalence,206,Gambia,3,Both,14,45-49 years,976,Diabetes mellitus type 2,1,Number,2023,7858.271183912786,8874.695973853144,6603.265079730373
5,Prevalence,206,Gambia,3,Both,15,50-54 years,976,Diabetes mellitus type 2,1,Number,2023,6838.262658346315,7849.859872680876,5775.667549781024
5,Prevalence,206,Gambia,3,Both,16,55-59 years,976,Diabetes mellitus type 2,1,Number,2023,6373.045093751328,7307.609251456948,5531.595510293199
5,Prevalence,206,Gambia,3,Both,17,60-64 years,976,Diabetes mellitus type 2,1,Number,2023,6030.979845155931,6917.185025522926,5193.174524472778
5,Prevalence,206,Gambia,3,Both,18,65-69 years,976,Diabetes mellitus type 2,1,Number,2023,5759.024218500169,6533.295532788415,5030.238580949836
5,Prevalence,206,Gambia,3,Both,19,70-74 years,976,Diabetes mellitus type 2,1,Number,2023,4877.984243111739,5457.235496193444,4387.358916545258
5,Prevalence,206,Gambia,3,Both,20,75-79 years,976,Diabetes mellitus type 2,1,Number,2023,3364.137145516016,3778.754789601084,3012.5619316135558
5,Prevalence,206,Gambia,3,Both,30,80-84 years,976,Diabetes mellitus type 2,1,Number,2023,2352.9312531318647,2638.701924376519,2105.841325705647
5,Prevalence,206,Gambia,3,Both,31,85-89 years,976,Diabetes mellitus type 2,1,Number,2023,1162.4684994814606,1305.8513597446909,1025.706674036234
5,Prevalence,206,Gambia,3,Both,32,90-94 years,976,Diabetes mellitus type 2,1,Number,2023,413.15275156491646,475.0254104580744,352.3145858586196
5,Prevalence,206,Gambia,3,Both,235,95+ years,976,Diabetes mellitus type 2,1,Number,2023,162.39692736127634,195.31300609727992,134.4340966172275
5,Prevalence,45,Bulgaria,3,Both,1,<5 years,976,Diabetes mellitus type 2,1,Number,2023,0.0,0.0,0.0
5,Prevalence,45,Bulgaria,3,Both,6,5-9 years,976,Diabetes mellitus type 2,1,Number,2023,0.0,0.0,0.0
5,Prevalence,45,Bulgaria,3,Both,7,10-14 years,976,Diabetes mellitus type 2,1,Number,2023,0.0,0.0,0.0
5,Prevalence,45,Bulgaria,3,Both,8,15-19 years,976,Diabetes mellitus type 2,1,Number,2023,687.0149838232325,1228.6768358574586,143.9188381258487
5,Prevalence,45,Bulgaria,3,Both,9,20-24 years,976,Diabetes mellitus type 2,1,Number,2023,1191.8453061555117,1664.582739287056,779.8695166165649
5,Prevalence,45,Bulgaria,3,Both,10,25-29 years,976,Diabetes mellitus type 2,1,Number,2023,1733.324125493301,2220.681919452992,1250.276246174361
5,Prevalence,45,Bulgaria,3,Both,11,30-34 years,976,Diabetes mellitus type 2,1,Number,2023,3436.021047249747,4343.675037135034,2672.7743889945123
5,Prevalence,45,Bulgaria,3,Both,12,35-39 years,976,Diabetes mellitus type 2,1,Number,2023,6433.7614688365975,7802.603739794386,5221.081398053978
5,Prevalence,45,Bulgaria,3,Both,13,40-44 years,976,Diabetes mellitus type 2,1,Number,2023,11568.626002521612,13914.393622166028,9548.632607973665
5,Prevalence,45,Bulgaria,3,Both,14,45-49 years,976,Diabetes mellitus type 2,1,Number,2023,22632.67793378112,26549.800483938237,19632.343139114502
5,Prevalence,45,Bulgaria,3,Both,15,50-54 years,976,Diabetes mellitus type 2,1,Number,2023,36984.62076818235,42937.3894257052,31795.76637204946
5,Prevalence,45,Bulgaria,3,Both,16,55-59 years,976,Diabetes mellitus type 2,1,Number,2023,53685.51850376193,59445.18574474361,48392.93458351244
5,Prevalence,45,Bulgaria,3,Both,17,60-64 years,976,Diabetes mellitus type 2,1,Number,2023,81440.6751475171,90460.71201349692,72031.38056248848
5,Prevalence,45,Bulgaria,3,Both,18,65-69 years,976,Diabetes mellitus type 2,1,Number,2023,102466.66712014616,113501.27616650832,93293.8916703539
5,Prevalence,45,Bulgaria,3,Both,19,70-74 years,976,Diabetes mellitus type 2,1,Number,2023,107358.77616952595,117155.4970077519,98639.83399663105
5,Prevalence,45,Bulgaria,3,Both,20,75-79 years,976,Diabetes mellitus type 2,1,Number,2023,84207.88071716459,91543.496288468,76068.555640914
5,Prevalence,45,Bulgaria,3,Both,30,80-84 years,976,Diabetes mellitus type 2,1,Number,2023,38262.22013386353,41589.11451538696,34458.013751087215
5,Prevalence,45,Bulgaria,3,Both,31,85-89 years,976,Diabetes mellitus type 2,1,Number,2023,20390.36140385273,22504.28287195844,18261.26819506341
5,Prevalence,45,Bulgaria,3,Both,32,90-94 years,976,Diabetes mellitus type 2,1,Number,2023,5868.587049574202,6502.213805548449,5193.946374418942
5,Prevalence,45,Bulgaria,3,Both,235,95+ years,976,Diabetes mellitus type 2,1,Number,2023,811.7585002451426,906.799699653082,720.607537013196
5,Prevalence,205,Côte d'Ivoire,3,Both,1,<5 years,976,Diabetes mellitus type 2,1,Number,2023,0.0,0.0,0.0
5,Prevalence,205,Côte d'Ivoire,3,Both,6,5-9 years,976,Diabetes mellitus type 2,1,Number,2023,0.0,0.0,0.0
5,Prevalence,205,Côte d'Ivoire,3,Both,7,10-14 years,976,Diabetes mellitus type 2,1,Number,2023,0.0,0.0,0.0
5,Prevalence,205,Côte d'Ivoire,3,Both,8,15-19 years,976,Diabetes mellitus type 2,1,Number,2023,51675.19125878696,63432.87152316655,41731.86741892372
5,Prevalence,205,Côte d'Ivoire,3,Both,9,20-24 years,976,Diabetes mellitus type 2,1,Number,2023,80153.92441873894,96043.77176314643,66618.09160562439
5,Prevalence,205,Côte d'Ivoire,3,Both,10,25-29 years,976,Diabetes mellitus type 2,1,Number,2023,94216.6822793401,111816.15437669549,78285.69283099915
5,Prevalence,205,Côte d'Ivoire,3,Both,11,30-34 years,976,Diabetes mellitus type 2,1,Number,2023,100796.75657135253,117930.37651095084,84352.32985076251
5,Prevalence,205,Côte d'Ivoire,3,Both,12,35-39 years,976,Diabetes mellitus type 2,1,Number,2023,107762.52037748348,123835.207404361,92047.47113770332
5,Prevalence,205,Côte d'Ivoire,3,Both,13,40-44 years,976,Diabetes mellitus type 2,1,Number,2023,105459.35944593532,120114.7824290452,90354.52308551288
5,Prevalence,205,Côte d'Ivoire,3,Both,14,45-49 years,976,Diabetes mellitus type 2,1,Number,2023,92826.25623821156,105865.65926768765,79751.1909599902
5,Prevalence,205,Côte d'Ivoire,3,Both,15,50-54 years,976,Diabetes mellitus type 2,1,Number,2023,78855.67753157624,91581.3662091722,67450.23960377739
5,Prevalence,205,Côte d'Ivoire,3,Both,16,55-59 years,976,Diabetes mellitus type 2,1,Number,2023,70909.17621044617,82785.56249627833,60925.75132109964
5,Prevalence,205,Côte d'Ivoire,3,Both,17,60-64 years,976,Diabetes mellitus type 2,1,Number,2023,66028.97851621771,76298.96794820248,57024.494504939335
5,Prevalence,205,Côte d'Ivoire,3,Both,18,65-69 years,976,Diabetes mellitus type 2,1,Number,2023,57172.02748029464,65719.66695068506,50664.98256938644
5,Prevalence,205,Côte d'Ivoire,3,Both,19,70-74 years,976,Diabetes mellitus type 2,1,Number,2023,43761.0481787505,49216.54974428303,39237.506398052654
5,Prevalence,205,Côte d'Ivoire,3,Both,20,75-79 years,976,Diabetes mellitus type 2,1,Number,2023,26824.1891211544,30399.134161769867,24227.001771581243
5,Prevalence,205,Côte d'Ivoire,3,Both,30,80-84 years,976,Diabetes mellitus type 2,1,Number,2023,14327.597097348436,16148.201037051576,12847.226610207712
5,Prevalence,205,Côte d'Ivoire,3,Both,31,85-89 years,976,Diabetes mellitus type 2,1,Number,2023,6457.293676331481,7339.1093046609085,5690.181111120628
5,Prevalence,205,Côte d'Ivoire,3,Both,32,90-94 years,976,Diabetes mellitus type 2,1,Number,2023,2141.211623208561,2477.1913053178864,1858.8631605058315
5,Prevalence,205,Côte d'Ivoire,3,Both,235,95+ years,976,Diabetes mellitus type 2,1,Number,2023,498.4210472624684,614.4345666950483,409.0922548948816
5,Prevalence,18,Thailand,3,Both,1,<5 years,976,Diabetes mellitus type 2,1,Number,2023,0.0,0.0,0.0
5,Prevalence,18,Thailand,3,Both,6,5-9 years,976,Diabetes mellitus type 2,1,Number,2023,0.0,0.0,0.0
5,Prevalence,18,Thailand,3,Both,7,10-14 years,976,Diabetes mellitus type 2,1,Number,2023,0.0,0.0,0.0
5,Prevalence,18,Thailand,3,Both,8,15-19 years,976,Diabetes mellitus type 2,1,Number,2023,25533.765012043383,32823.374147175666,19585.858181103315
5,Prevalence,18,Thailand,3,Both,9,20-24 years,976,Diabetes mellitus type 2,1,Number,2023,72684.35243557068,89052.25135704213,57538.39148012993
5,Prevalence,18,Thailand,3,Both,10,25-29 years,976,Diabetes mellitus type 2,1,Number,2023,133994.89847289608,159544.77282248368,110525.05619491996
5,Prevalence,18,Thailand,3,Both,11,30-34 years,976,Diabetes mellitus type 2,1,Number,2023,176884.1005902613,209834.94326099497,147585.6874501392
5,Prevalence,18,Thailand,3,Both,12,35-39 years,976,Diabetes mellitus type 2,1,Number,2023,255249.9322013184,293644.88418127724,218747.1968288612
5,Prevalence,18,Thailand,3,Both,13,40-44 years,976,Diabetes mellitus type 2,1,Number,2023,378709.7204253564,432524.1187164023,327621.6319561942
5,Prevalence,18,Thailand,3,Both,14,45-49 years,976,Diabetes mellitus type 2,1,Number,2023,502535.308917702,572015.5233035403,441724.8122631151
5,Prevalence,18,Thailand,3,Both,15,50-54 years,976,Diabetes mellitus type 2,1,Number,2023,619373.3247571646,704853.1758783725,550739.2660739777
5,Prevalence,18,Thailand,3,Both,16,55-59 years,976,Diabetes mellitus type 2,1,Number,2023,705817.3964074028,798824.6587734941,636796.25049475
5,Prevalence,18,Thailand,3,Both,17,60-64 years,976,Diabetes mellitus type 2,1,Number,2023,722940.2894106987,814403.6805930292,651605.4300139032
5,Prevalence,18,Thailand,3,Both,18,65-69 years,976,Diabetes mellitus type 2,1,Number,2023,614899.916745163,693314.2988161988,550666.1214385227
5,Prevalence,18,Thailand,3,Both,19,70-74 years,976,Diabetes mellitus type 2,1,Number,2023,459291.3313847444,513435.3703018622,408224.5825549486
5,Prevalence,18,Thailand,3,Both,20,75-79 years,976,Diabetes mellitus type 2,1,Number,2023,306418.9868865676,343221.94459381024,276459.0764484904
5,Prevalence,18,Thailand,3,Both,30,80-84 years,976,Diabetes mellitus type 2,1,Number,2023,182131.98117347463,205110.04193934472,161574.42412002967
5,Prevalence,18,Thailand,3,Both,31,85-89 years,976,Diabetes mellitus type 2,1,Number,2023,97957.75113787725,111585.3670855508,84907.86645666513
5,Prevalence,18,Thailand,3,Both,32,90-94 years,976,Diabetes mellitus type 2,1,Number,2023,38717.024071347616,43858.310423848765,32977.11942420634
5,Prevalence,18,Thailand,3,Both,235,95+ years,976,Diabetes mellitus type 2,1,Number,2023,11704.695587189492,13759.119795745582,9798.773781174435
5,Prevalence,76,Belgium,3,Both,1,<5 years,976,Diabetes mellitus type 2,1,Number,2023,0.0,0.0,0.0
5,Prevalence,76,Belgium,3,Both,6,5-9 years,976,Diabetes mellitus type 2,1,Number,2023,0.0,0.0,0.0
5,Prevalence,76,Belgium,3,Both,7,10-14 years,976,Diabetes mellitus type 2,1,Number,2023,0.0,0.0,0.0
5,Prevalence,76,Belgium,3,Both,8,15-19 years,976,Diabetes mellitus type 2,1,Number,2023,1303.7456941320113,2578.210187212723,49.18958095080747
5,Prevalence,76,Belgium,3,Both,9,20-24 years,976,Diabetes mellitus type 2,1,Number,2023,4417.976361843031,6095.149684134008,2782.057857464366
5,Prevalence,76,Belgium,3,Both,10,25-29 years,976,Diabetes mellitus type 2,1,Number,2023,9370.33533890443,12266.454636927669,6957.772604977346
5,Prevalence,76,Belgium,3,Both,11,30-34 years,976,Diabetes mellitus type 2,1,Number,2023,16365.498262541794,20699.56206319274,12961.753580993542
5,Prevalence,76,Belgium,3,Both,12,35-39 years,976,Diabetes mellitus type 2,1,Number,2023,22820.95500096093,27547.549365676696,18607.37735960569
5,Prevalence,76,Belgium,3,Both,13,40-44 years,976,Diabetes mellitus type 2,1,Number,2023,31647.026587171094,37005.82236005515,26582.9769685718
5,Prevalence,76,Belgium,3,Both,14,45-49 years,976,Diabetes mellitus type 2,1,Number,2023,39303.32732334144,44938.4007057751,33852.089685685125
5,Prevalence,76,Belgium,3,Both,15,50-54 years,976,Diabetes mellitus type 2,1,Number,2023,52175.567236860334,59389.73844518065,45945.6543637248
5,Prevalence,76,Belgium,3,Both,16,55-59 years,976,Diabetes mellitus type 2,1,Number,2023,67014.67494770186,76192.01980291076,59944.40921672193
5,Prevalence,76,Belgium,3,Both,17,60-64 years,976,Diabetes mellitus type 2,1,Number,2023,78407.90129780326,88356.10853018973,68866.24778850775
5,Prevalence,76,Belgium,3,Both,18,65-69 years,976,Diabetes mellitus type 2,1,Number,2023,80957.87365591322,90124.9159044178,71121.65194418762
5,Prevalence,76,Belgium,3,Both,19,70-74 years,976,Diabetes mellitus type 2,1,Number,2023,78805.20734989553,86753.06677244621,70387.84258457902
5,Prevalence,76,Belgium,3,Both,20,75-79 years,976,Diabetes mellitus type 2,1,Number,2023,65593.15345057369,72542.26451941417,59082.84072365976
5,Prevalence,76,Belgium,3,Both,30,80-84 years,976,Diabetes mellitus type 2,1,Number,2023,42538.79249757285,47438.73601599715,38241.64482750972
5,Prevalence,76,Belgium,3,Both,31,85-89 years,976,Diabetes mellitus type 2,1,Number,2023,28424.10755513728,31566.495739065784,25570.304023441327
5,Prevalence,76,Belgium,3,Both,32,90-94 years,976,Diabetes mellitus type 2,1,Number,2023,11048.865982437135,12406.697148355732,9684.902565978336
5,Prevalence,76,Belgium,3,Both,235,95+ years,976,Diabetes mellitus type 2,1,Number,2023,2474.9873386433296,2856.627431316016,2117.981855672243
5,Prevalence,136,Paraguay,3,Both,1,<5 years,976,Diabetes mellitus type 2,1,Number,2023,0.0,0.0,0.0
5,Prevalence,136,Paraguay,3,Both,6,5-9 years,976,Diabetes mellitus type 2,1,Number,2023,0.0,0.0,0.0
5,Prevalence,136,Paraguay,3,Both,7,10-14 years,976,Diabetes mellitus type 2,1,Number,2023,0.0,0.0,0.0
5,Prevalence,136,Paraguay,3,Both,8,15-19 years,976,Diabetes mellitus type 2,1,Number,2023,3462.8567600371966,4572.554924217773,2530.5488983489186
5,Prevalence,136,Paraguay,3,Both,9,20-24 years,976,Diabetes mellitus type 2,1,Number,2023,7216.226807932349,8942.887706460979,5756.690775735327
5,Prevalence,136,Paraguay,3,Both,10,25-29 years,976,Diabetes mellitus type 2,1,Number,2023,12295.638009084592,14792.014576525748,9942.180336583451
5,Prevalence,136,Paraguay,3,Both,11,30-34 years,976,Diabetes mellitus type 2,1,Number,2023,19441.217221677027,22946.29547254704,15942.002954074173
5,Prevalence,136,Paraguay,3,Both,12,35-39 years,976,Diabetes mellitus type 2,1,Number,2023,29346.76194695712,34262.74348949223,24471.07623703204
5,Prevalence,136,Paraguay,3,Both,13,40-44 years,976,Diabetes mellitus type 2,1,Number,2023,39227.66396731808,45940.47734435353,33280.519480046714
5,Prevalence,136,Paraguay,3,Both,14,45-49 years,976,Diabetes mellitus type 2,1,Number,2023,46068.179588834326,51645.560206903785,39753.599830308114
5,Prevalence,136,Paraguay,3,Both,15,50-54 years,976,Diabetes mellitus type 2,1,Number,2023,52679.79155670114,59723.27031830578,45512.58590570316
5,Prevalence,136,Paraguay,3,Both,16,55-59 years,976,Diabetes mellitus type 2,1,Number,2023,59370.94359120791,66093.98479025607,52565.00254247545
5,Prevalence,136,Paraguay,3,Both,17,60-64 years,976,Diabetes mellitus type 2,1,Number,2023,60667.4791200629,66391.5405446412,54961.50312491566
5,Prevalence,136,Paraguay,3,Both,18,65-69 years,976,Diabetes mellitus type 2,1,Number,2023,51278.54547546818,55911.44732497599,46326.431172408695
5,Prevalence,136,Paraguay,3,Both,19,70-74 years,976,Diabetes mellitus type 2,1,Number,2023,37280.33367976721,40366.28282213935,34261.709693320256
5,Prevalence,136,Paraguay,3,Both,20,75-79 years,976,Diabetes mellitus type 2,1,Number,2023,23101.18928393459,24969.396271721744,21166.824024259196
5,Prevalence,136,Paraguay,3,Both,30,80-84 years,976,Diabetes mellitus type 2,1,Number,2023,12891.594597297955,14050.836000860265,11796.862128206389
5,Prevalence,136,Paraguay,3,Both,31,85-89 years,976,Diabetes mellitus type 2,1,Number,2023,5278.694436448772,5845.928670472738,4758.260443706417
5,Prevalence,136,Paraguay,3,Both,32,90-94 years,976,Diabetes mellitus type 2,1,Number,2023,1296.9555817665448,1478.442331080484,1145.8868946302443
5,Prevalence,136,Paraguay,3,Both,235,95+ years,976,Diabetes mellitus type 2,1,Number,2023,289.02248365290853,347.8354139494596,243.84458750154957
5,Prevalence,195,Namibia,3,Both,1,<5 years,976,Diabetes mellitus type 2,1,Number,2023,0.0,0.0,0.0
5,Prevalence,195,Namibia,3,Both,6,5-9 years,976,Diabetes mellitus type 2,1,Number,2023,0.0,0.0,0.0
5,Prevalence,195,Namibia,3,Both,7,10-14 years,976,Diabetes mellitus type 2,1,Number,2023,0.0,0.0,0.0
5,Prevalence,195,Namibia,3,Both,8,15-19 years,976,Diabetes mellitus type 2,1,Number,2023,2682.195156583837,3336.0912288091345,2130.748306435484
5,Prevalence,195,Namibia,3,Both,9,20-24 years,976,Diabetes mellitus type 2,1,Number,2023,4034.8532906069167,4893.18701710608,3334.6635381760016
5,Prevalence,195,Namibia,3,Both,10,25-29 years,976,Diabetes mellitus type 2,1,Number,2023,5527.91896077451,6588.443017425076,4618.901665299819
5,Prevalence,195,Namibia,3,Both,11,30-34 years,976,Diabetes mellitus type 2,1,Number,2023,6873.050067672454,8085.030193814826,5761.817967159991
5,Prevalence,195,Namibia,3,Both,12,35-39 years,976,Diabetes mellitus type 2,1,Number,2023,7945.464237190433,9093.818435181924,6798.292846636004
5,Prevalence,195,Namibia,3,Both,13,40-44 years,976,Diabetes mellitus type 2,1,Number,2023,8732.6565411077,9996.79442970459,7504.334873935457
5,Prevalence,195,Namibia,3,Both,14,45-49 years,976,Diabetes mellitus type 2,1,Number,2023,9276.309428271456,10589.853749685264,7908.722558794413
5,Prevalence,195,Namibia,3,Both,15,50-54 years,976,Diabetes mellitus type 2,1,Number,2023,9427.19277923706,10856.712273173596,7905.44556687145
5,Prevalence,195,Namibia,3,Both,16,55-59 years,976,Diabetes mellitus type 2,1,Number,2023,9899.682547182014,11255.314934451571,8695.278371081062
5,Prevalence,195,Namibia,3,Both,17,60-64 years,976,Diabetes mellitus type 2,1,Number,2023,10364.818714328074,11923.23951343987,9046.592504228936
5,Prevalence,195,Namibia,3,Both,18,65-69 years,976,Diabetes mellitus type 2,1,Number,2023,9817.81440697757,11089.06399903116,8859.035113955117
5,Prevalence,195,Namibia,3,Both,19,70-74 years,976,Diabetes mellitus type 2,1,Number,2023,8370.019368170699,9142.37041919449,7661.377479131666
5,Prevalence,195,Namibia,3,Both,20,75-79 years,976,Diabetes mellitus type 2,1,Number,2023,5603.330287690736,6227.945831830306,5112.273066782796
5,Prevalence,195,Namibia,3,Both,30,80-84 years,976,Diabetes mellitus type 2,1,Number,2023,3227.101358193885,3590.539357725508,2936.4605437522846
5,Prevalence,195,Namibia,3,Both,31,85-89 years,976,Diabetes mellitus type 2,1,Number,2023,1375.7182737486469,1562.9814648164652,1228.33758259991
5,Prevalence,195,Namibia,3,Both,32,90-94 years,976,Diabetes mellitus type 2,1,Number,2023,425.07743113559,494.82612256200514,358.9611798056312
5,Prevalence,195,Namibia,3,Both,235,95+ years,976,Diabetes mellitus type 2,1,Number,2023,132.89066874042166,160.92682282122624,107.4711487222904
5,Prevalence,6,China,3,Both,1,<5 years,976,Diabetes mellitus type 2,1,Number,2023,0.0,0.0,0.0
5,Prevalence,6,China,3,Both,6,5-9 years,976,Diabetes mellitus type 2,1,Number,2023,0.0,0.0,0.0
5,Prevalence,6,China,3,Both,7,10-14 years,976,Diabetes mellitus type 2,1,Number,2023,0.0,0.0,0.0
5,Prevalence,6,China,3,Both,8,15-19 years,976,Diabetes mellitus type 2,1,Number,2023,520026.1972502961,686760.500026658,398721.7479678686
5,Prevalence,6,China,3,Both,9,20-24 years,976,Diabetes mellitus type 2,1,Number,2023,1991873.7698892695,2492860.738765517,1562978.3185234535
5,Prevalence,6,China,3,Both,10,25-29 years,976,Diabetes mellitus type 2,1,Number,2023,3486569.664764211,4169075.3095081057,2812233.8847349733
5,Prevalence,6,China,3,Both,11,30-34 years,976,Diabetes mellitus type 2,1,Number,2023,5872214.936677149,6905793.911952603,4898424.198074942
5,Prevalence,6,China,3,Both,12,35-39 years,976,Diabetes mellitus type 2,1,Number,2023,7639983.943967864,8925791.856680322,6605074.1316352
5,Prevalence,6,China,3,Both,13,40-44 years,976,Diabetes mellitus type 2,1,Number,2023,6979711.630262424,8097304.92203957,6091722.399155989
5,Prevalence,6,China,3,Both,14,45-49 years,976,Diabetes mellitus type 2,1,Number,2023,9179823.788905824,10478699.968774809,8040197.592762363
5,Prevalence,6,China,3,Both,15,50-54 years,976,Diabetes mellitus type 2,1,Number,2023,13139725.23968109,14717748.473913874,11491633.517636504
5,Prevalence,6,China,3,Both,16,55-59 years,976,Diabetes mellitus type 2,1,Number,2023,15251844.647820253,17082880.544858936,13601324.301330464
5,Prevalence,6,China,3,Both,17,60-64 years,976,Diabetes mellitus type 2,1,Number,2023,11855997.83221515,13105892.265052,10742955.47557607
5,Prevalence,6,China,3,Both,18,65-69 years,976,Diabetes mellitus type 2,1,Number,2023,11804361.292347517,13116910.12942502,10624341.22871372
5,Prevalence,6,China,3,Both,19,70-74 years,976,Diabetes mellitus type 2,1,Number,2023,9549546.651742378,10576612.635586452,8650783.604419483
5,Prevalence,6,China,3,Both,20,75-79 years,976,Diabetes mellitus type 2,1,Number,2023,5573698.649982517,6212378.438371226,5006735.687232949
5,Prevalence,6,China,3,Both,30,80-84 years,976,Diabetes mellitus type 2,1,Number,2023,3211840.0992519585,3596537.0557971285,2856087.582952624
5,Prevalence,6,China,3,Both,31,85-89 years,976,Diabetes mellitus type 2,1,Number,2023,1658302.7793231255,1867467.1890485515,1455458.2643325003
5,Prevalence,6,China,3,Both,32,90-94 years,976,Diabetes mellitus type 2,1,Number,2023,547423.5332743498,619477.3668144138,475274.5054037718
5,Prevalence,6,China,3,Both,235,95+ years,976,Diabetes mellitus type 2,1,Number,2023,132274.64624163246,152201.40047885955,112977.74605774092
5,Prevalence,13,Malaysia,3,Both,1,<5 years,976,Diabetes mellitus type 2,1,Number,2023,0.0,0.0,0.0
5,Prevalence,13,Malaysia,3,Both,6,5-9 years,976,Diabetes mellitus type 2,1,Number,2023,0.0,0.0,0.0
5,Prevalence,13,Malaysia,3,Both,7,10-14 years,976,Diabetes mellitus type 2,1,Number,2023,0.0,0.0,0.0
5,Prevalence,13,Malaysia,3,Both,8,15-19 years,976,Diabetes mellitus type 2,1,Number,2023,24931.571051400857,32636.724399497456,19013.286274754297
5,Prevalence,13,Malaysia,3,Both,9,20-24 years,976,Diabetes mellitus type 2,1,Number,2023,76790.49080462936,98424.75742971797,60594.27537010542
5,Prevalence,13,Malaysia,3,Both,10,25-29 years,976,Diabetes mellitus type 2,1,Number,2023,138420.2584824467,166739.9964021901,109816.3393920267
5,Prevalence,13,Malaysia,3,Both,11,30-34 years,976,Diabetes mellitus type 2,1,Number,2023,188121.36187566916,225159.1661216148,153901.9331311613
5,Prevalence,13,Malaysia,3,Both,12,35-39 years,976,Diabetes mellitus type 2,1,Number,2023,234432.1896604465,274551.4021261568,201858.1730988743
5,Prevalence,13,Malaysia,3,Both,13,40-44 years,976,Diabetes mellitus type 2,1,Number,2023,249329.6782618545,287980.89132156305,212044.48224886687
5,Prevalence,13,Malaysia,3,Both,14,45-49 years,976,Diabetes mellitus type 2,1,Number,2023,250447.5929022094,284757.6950133764,217400.2087271654
5,Prevalence,13,Malaysia,3,Both,15,50-54 years,976,Diabetes mellitus type 2,1,Number,2023,273770.62699199334,309532.6815315471,241155.58261327085
5,Prevalence,13,Malaysia,3,Both,16,55-59 years,976,Diabetes mellitus type 2,1,Number,2023,290355.72586796543,326885.1223798127,257713.957521695
5,Prevalence,13,Malaysia,3,Both,17,60-64 years,976,Diabetes mellitus type 2,1,Number,2023,286380.030649082,326435.51348285883,256221.57466041888
5,Prevalence,13,Malaysia,3,Both,18,65-69 years,976,Diabetes mellitus type 2,1,Number,2023,242234.60937107907,275650.9331982814,218534.41306452095
5,Prevalence,13,Malaysia,3,Both,19,70-74 years,976,Diabetes mellitus type 2,1,Number,2023,180978.6802563656,204878.60192985175,163537.87539454212
5,Prevalence,13,Malaysia,3,Both,20,75-79 years,976,Diabetes mellitus type 2,1,Number,2023,118960.97937854056,133769.42799416068,107554.08338957932
5,Prevalence,13,Malaysia,3,Both,30,80-84 years,976,Diabetes mellitus type 2,1,Number,2023,58123.21469853005,64787.2997797638,52476.169881501424
5,Prevalence,13,Malaysia,3,Both,31,85-89 years,976,Diabetes mellitus type 2,1,Number,2023,28957.462787888173,32581.01912681248,25912.30464083016
5,Prevalence,13,Malaysia,3,Both,32,90-94 years,976,Diabetes mellitus type 2,1,Number,2023,8055.292326034593,9177.573124576798,7117.00183748822
5,Prevalence,13,Malaysia,3,Both,235,95+ years,976,Diabetes mellitus type 2,1,Number,2023,1872.8048701002483,2151.386108202117,1630.4963558085196
5,Prevalence,216,Senegal,3,Both,1,<5 years,976,Diabetes mellitus type 2,1,Number,2023,0.0,0.0,0.0
5,Prevalence,216,Senegal,3,Both,6,5-9 years,976,Diabetes mellitus type 2,1,Number,2023,0.0,0.0,0.0
5,Prevalence,216,Senegal,3,Both,7,10-14 years,976,Diabetes mellitus type 2,1,Number,2023,0.0,0.0,0.0
5,Prevalence,216,Senegal,3,Both,8,15-19 years,976,Diabetes mellitus type 2,1,Number,2023,42451.50641335708,55030.83071269154,33348.35922565615
5,Prevalence,216,Senegal,3,Both,9,20-24 years,976,Diabetes mellitus type 2,1,Number,2023,65642.30230948275,80796.01573740105,54322.208284187225
5,Prevalence,216,Senegal,3,Both,10,25-29 years,976,Diabetes mellitus type 2,1,Number,2023,75151.43407378768,88559.40532381678,61373.29311054913
5,Prevalence,216,Senegal,3,Both,11,30-34 years,976,Diabetes mellitus type 2,1,Number,2023,75898.57814471953,88783.09223552737,63817.14043668182
5,Prevalence,216,Senegal,3,Both,12,35-39 years,976,Diabetes mellitus type 2,1,Number,2023,74400.5900009386,86242.39179126603,64265.295668000304
5,Prevalence,216,Senegal,3,Both,13,40-44 years,976,Diabetes mellitus type 2,1,Number,2023,70873.47442790314,81721.02829473326,60221.762612913226
5,Prevalence,216,Senegal,3,Both,14,45-49 years,976,Diabetes mellitus type 2,1,Number,2023,68861.62042073197,79760.47408959953,58833.20421984568
5,Prevalence,216,Senegal,3,Both,15,50-54 years,976,Diabetes mellitus type 2,1,Number,2023,66322.92248676978,76820.50295632341,56329.16192864242
5,Prevalence,216,Senegal,3,Both,16,55-59 years,976,Diabetes mellitus type 2,1,Number,2023,66503.92727884727,77052.4398368226,57338.046335476094
5,Prevalence,216,Senegal,3,Both,17,60-64 years,976,Diabetes mellitus type 2,1,Number,2023,65589.99599472691,77245.80768862931,56766.64251484186
5,Prevalence,216,Senegal,3,Both,18,65-69 years,976,Diabetes mellitus type 2,1,Number,2023,60345.59040645978,70352.66808259934,52629.93358157976
5,Prevalence,216,Senegal,3,Both,19,70-74 years,976,Diabetes mellitus type 2,1,Number,2023,48465.63413656671,54369.19311641145,43669.830243433
5,Prevalence,216,Senegal,3,Both,20,75-79 years,976,Diabetes mellitus type 2,1,Number,2023,32961.006905338174,36692.15810669448,29728.01856033095
5,Prevalence,216,Senegal,3,Both,30,80-84 years,976,Diabetes mellitus type 2,1,Number,2023,18687.37126437202,20921.373220247013,16797.969627450773
5,Prevalence,216,Senegal,3,Both,31,85-89 years,976,Diabetes mellitus type 2,1,Number,2023,9269.801777858767,10419.206465453495,8237.166230954539
5,Prevalence,216,Senegal,3,Both,32,90-94 years,976,Diabetes mellitus type 2,1,Number,2023,3866.0748266663873,4412.250361031882,3379.367192062016
5,Prevalence,216,Senegal,3,Both,235,95+ years,976,Diabetes mellitus type 2,1,Number,2023,1841.1989366752296,2149.1597312691274,1547.406364528328
5,Prevalence,58,Estonia,3,Both,1,<5 years,976,Diabetes mellitus type 2,1,Number,2023,0.0,0.0,0.0
5,Prevalence,58,Estonia,3,Both,6,5-9 years,976,Diabetes mellitus type 2,1,Number,2023,0.0,0.0,0.0
5,Prevalence,58,Estonia,3,Both,7,10-14 years,976,Diabetes mellitus type 2,1,Number,2023,0.0,0.0,0.0
5,Prevalence,58,Estonia,3,Both,8,15-19 years,976,Diabetes mellitus type 2,1,Number,2023,124.49685704790429,229.3868329470267,0.8683781678058015
5,Prevalence,58,Estonia,3,Both,9,20-24 years,976,Diabetes mellitus type 2,1,Number,2023,326.1977529748157,450.0406511931372,214.1364787903112
5,Prevalence,58,Estonia,3,Both,10,25-29 years,976,Diabetes mellitus type 2,1,Number,2023,629.5844752218271,825.4055946740162,480.3094495146549
5,Prevalence,58,Estonia,3,Both,11,30-34 years,976,Diabetes mellitus type 2,1,Number,2023,1364.8486097062282,1720.5857582024018,1098.4123381587149
5,Prevalence,58,Estonia,3,Both,12,35-39 years,976,Diabetes mellitus type 2,1,Number,2023,2209.2621503451496,2627.6599153962643,1832.9122885269253
5,Prevalence,58,Estonia,3,Both,13,40-44 years,976,Diabetes mellitus type 2,1,Number,2023,3119.7909393520627,3682.963592594489,2612.545198899624
5,Prevalence,58,Estonia,3,Both,14,45-49 years,976,Diabetes mellitus type 2,1,Number,2023,4860.290901127427,5545.995623264465,4152.767984212283
5,Prevalence,58,Estonia,3,Both,15,50-54 years,976,Diabetes mellitus type 2,1,Number,2023,7359.071210464251,8422.01892522355,6277.311047987786
5,Prevalence,58,Estonia,3,Both,16,55-59 years,976,Diabetes mellitus type 2,1,Number,2023,9769.198080183378,10934.609790813072,8407.37419536127
5,Prevalence,58,Estonia,3,Both,17,60-64 years,976,Diabetes mellitus type 2,1,Number,2023,13976.884160883645,15805.547694031728,12135.291995480577
5,Prevalence,58,Estonia,3,Both,18,65-69 years,976,Diabetes mellitus type 2,1,Number,2023,15299.520765157518,17152.25853665796,13511.991109870767
5,Prevalence,58,Estonia,3,Both,19,70-74 years,976,Diabetes mellitus type 2,1,Number,2023,14472.058219709348,15968.939522553464,12873.422031439017
5,Prevalence,58,Estonia,3,Both,20,75-79 years,976,Diabetes mellitus type 2,1,Number,2023,9796.912329547094,10815.858525929014,8804.813564000464
5,Prevalence,58,Estonia,3,Both,30,80-84 years,976,Diabetes mellitus type 2,1,Number,2023,8564.701581007543,9490.632078071982,7671.459457944997
5,Prevalence,58,Estonia,3,Both,31,85-89 years,976,Diabetes mellitus type 2,1,Number,2023,4739.570171554532,5276.307655369342,4184.945169807871
5,Prevalence,58,Estonia,3,Both,32,90-94 years,976,Diabetes mellitus type 2,1,Number,2023,1732.896057604779,1936.3690319992515,1515.7965025529695
5,Prevalence,58,Estonia,3,Both,235,95+ years,976,Diabetes mellitus type 2,1,Number,2023,351.68843573611645,394.7832173491561,303.93082229109746
5,Prevalence,92,Spain,3,Both,1,<5 years,976,Diabetes mellitus type 2,1,Number,2023,0.0,0.0,0.0
5,Prevalence,92,Spain,3,Both,6,5-9 years,976,Diabetes mellitus type 2,1,Number,2023,0.0,0.0,0.0
5,Prevalence,92,Spain,3,Both,7,10-14 years,976,Diabetes mellitus type 2,1,Number,2023,0.0,0.0,0.0
5,Prevalence,92,Spain,3,Both,8,15-19 years,976,Diabetes mellitus type 2,1,Number,2023,7085.773092988249,10787.453624164078,3488.850246191428
5,Prevalence,92,Spain,3,Both,9,20-24 years,976,Diabetes mellitus type 2,1,Number,2023,25133.17844376554,33310.21797381848,17870.996075345527
5,Prevalence,92,Spain,3,Both,10,25-29 years,976,Diabetes mellitus type 2,1,Number,2023,49904.69291673567,63153.02537737362,37514.29537242894
5,Prevalence,92,Spain,3,Both,11,30-34 years,976,Diabetes mellitus type 2,1,Number,2023,86414.17966963701,106640.85550048194,67877.48186034228
5,Prevalence,92,Spain,3,Both,12,35-39 years,976,Diabetes mellitus type 2,1,Number,2023,136608.58293304764,162743.3794951472,113695.66622318412
5,Prevalence,92,Spain,3,Both,13,40-44 years,976,Diabetes mellitus type 2,1,Number,2023,224639.79377140503,265170.0783819678,188237.82769403083
5,Prevalence,92,Spain,3,Both,14,45-49 years,976,Diabetes mellitus type 2,1,Number,2023,314311.52626600943,365507.8836688104,274059.5848364333
5,Prevalence,92,Spain,3,Both,15,50-54 years,976,Diabetes mellitus type 2,1,Number,2023,369372.0738639208,429193.7275535315,322496.6791683309
5,Prevalence,92,Spain,3,Both,16,55-59 years,976,Diabetes mellitus type 2,1,Number,2023,440992.77872491913,506802.6547743744,384797.89884523134
5,Prevalence,92,Spain,3,Both,17,60-64 years,976,Diabetes mellitus type 2,1,Number,2023,485946.59178946505,554738.5089373938,424467.1354715062
5,Prevalence,92,Spain,3,Both,18,65-69 years,976,Diabetes mellitus type 2,1,Number,2023,484161.9829615533,537737.1920226321,426374.5444597547
5,Prevalence,92,Spain,3,Both,19,70-74 years,976,Diabetes mellitus type 2,1,Number,2023,474259.7932868169,519229.7823129665,426213.7256346105
5,Prevalence,92,Spain,3,Both,20,75-79 years,976,Diabetes mellitus type 2,1,Number,2023,419044.67512269,457922.2773069622,379675.5617740993
5,Prevalence,92,Spain,3,Both,30,80-84 years,976,Diabetes mellitus type 2,1,Number,2023,272136.17381698854,300344.8279937736,247836.61649320743
5,Prevalence,92,Spain,3,Both,31,85-89 years,976,Diabetes mellitus type 2,1,Number,2023,199797.8107529501,222788.80353177097,180467.455739496
5,Prevalence,92,Spain,3,Both,32,90-94 years,976,Diabetes mellitus type 2,1,Number,2023,82814.620295323,92768.88538425288,73579.92444983312
5,Prevalence,92,Spain,3,Both,235,95+ years,976,Diabetes mellitus type 2,1,Number,2023,20191.92812169076,23347.304248313914,17209.093830901442
5,Prevalence,54,Slovakia,3,Both,1,<5 years,976,Diabetes mellitus type 2,1,Number,2023,0.0,0.0,0.0
5,Prevalence,54,Slovakia,3,Both,6,5-9 years,976,Diabetes mellitus type 2,1,Number,2023,0.0,0.0,0.0
5,Prevalence,54,Slovakia,3,Both,7,10-14 years,976,Diabetes mellitus type 2,1,Number,2023,0.0,0.0,0.0
5,Prevalence,54,Slovakia,3,Both,8,15-19 years,976,Diabetes mellitus type 2,1,Number,2023,229.9220553304306,603.1512958120476,0.0
5,Prevalence,54,Slovakia,3,Both,9,20-24 years,976,Diabetes mellitus type 2,1,Number,2023,579.3900912421497,977.225143262137,206.3111658725253
5,Prevalence,54,Slovakia,3,Both,10,25-29 years,976,Diabetes mellitus type 2,1,Number,2023,1095.4572814133278,1592.4192430188773,616.1653291620141
5,Prevalence,54,Slovakia,3,Both,11,30-34 years,976,Diabetes mellitus type 2,1,Number,2023,2085.1800504944786,2766.6536619811764,1453.111222613873
5,Prevalence,54,Slovakia,3,Both,12,35-39 years,976,Diabetes mellitus type 2,1,Number,2023,3901.4849762655576,4761.792706033785,2945.3934497174896
5,Prevalence,54,Slovakia,3,Both,13,40-44 years,976,Diabetes mellitus type 2,1,Number,2023,7330.620350865288,8992.327752415214,5838.523442973621
5,Prevalence,54,Slovakia,3,Both,14,45-49 years,976,Diabetes mellitus type 2,1,Number,2023,13592.84406427152,16351.820388356024,11228.57840272008
5,Prevalence,54,Slovakia,3,Both,15,50-54 years,976,Diabetes mellitus type 2,1,Number,2023,19627.96942409911,24099.95796268209,16176.947570785938
5,Prevalence,54,Slovakia,3,Both,16,55-59 years,976,Diabetes mellitus type 2,1,Number,2023,31384.943050208934,35308.04661384556,27547.728318509344
5,Prevalence,54,Slovakia,3,Both,17,60-64 years,976,Diabetes mellitus type 2,1,Number,2023,46681.15200850438,54254.527323268834,40642.56992969762
5,Prevalence,54,Slovakia,3,Both,18,65-69 years,976,Diabetes mellitus type 2,1,Number,2023,58207.57679386157,65500.25694745655,51455.279101926535
5,Prevalence,54,Slovakia,3,Both,19,70-74 years,976,Diabetes mellitus type 2,1,Number,2023,53523.63052219877,59270.38933705001,48009.14811124568
5,Prevalence,54,Slovakia,3,Both,20,75-79 years,976,Diabetes mellitus type 2,1,Number,2023,34398.78225333073,37849.15749415841,31086.616519802665
5,Prevalence,54,Slovakia,3,Both,30,80-84 years,976,Diabetes mellitus type 2,1,Number,2023,20243.323290333487,22480.19440006524,18263.78116324852
5,Prevalence,54,Slovakia,3,Both,31,85-89 years,976,Diabetes mellitus type 2,1,Number,2023,9370.507070492891,10494.468011764082,8315.012343742725
5,Prevalence,54,Slovakia,3,Both,32,90-94 years,976,Diabetes mellitus type 2,1,Number,2023,2970.067900261089,3339.44630301473,2620.0250729107424
5,Prevalence,54,Slovakia,3,Both,235,95+ years,976,Diabetes mellitus type 2,1,Number,2023,859.4842469618292,969.1626291779407,749.6580560185387
5,Prevalence,47,Czechia,3,Both,1,<5 years,976,Diabetes mellitus type 2,1,Number,2023,0.0,0.0,0.0
5,Prevalence,47,Czechia,3,Both,6,5-9 years,976,Diabetes mellitus type 2,1,Number,2023,0.0,0.0,0.0
5,Prevalence,47,Czechia,3,Both,7,10-14 years,976,Diabetes mellitus type 2,1,Number,2023,0.0,0.0,0.0
5,Prevalence,47,Czechia,3,Both,8,15-19 years,976,Diabetes mellitus type 2,1,Number,2023,507.7791803900174,1444.8575148204418,0.0
5,Prevalence,47,Czechia,3,Both,9,20-24 years,976,Diabetes mellitus type 2,1,Number,2023,1280.057447461241,2179.5681076849337,443.3328818329421
5,Prevalence,47,Czechia,3,Both,10,25-29 years,976,Diabetes mellitus type 2,1,Number,2023,2282.63038825973,3328.5565420153143,1307.391009712574
5,Prevalence,47,Czechia,3,Both,11,30-34 years,976,Diabetes mellitus type 2,1,Number,2023,4576.056227890473,5980.847873937437,3271.646054087809
5,Prevalence,47,Czechia,3,Both,12,35-39 years,976,Diabetes mellitus type 2,1,Number,2023,8278.939088392239,10194.347655881427,6312.419286867289
5,Prevalence,47,Czechia,3,Both,13,40-44 years,976,Diabetes mellitus type 2,1,Number,2023,15566.334746000686,19257.390968733183,12178.450311869005
5,Prevalence,47,Czechia,3,Both,14,45-49 years,976,Diabetes mellitus type 2,1,Number,2023,33037.82620706133,39747.01690171629,27336.0364187149
5,Prevalence,47,Czechia,3,Both,15,50-54 years,976,Diabetes mellitus type 2,1,Number,2023,49690.146457038325,57614.8342115108,41438.81442624779
5,Prevalence,47,Czechia,3,Both,16,55-59 years,976,Diabetes mellitus type 2,1,Number,2023,82750.30747235,94845.76760997291,73602.98233857677
5,Prevalence,47,Czechia,3,Both,17,60-64 years,976,Diabetes mellitus type 2,1,Number,2023,119991.43441859663,137242.66588781303,100697.52734210138
5,Prevalence,47,Czechia,3,Both,18,65-69 years,976,Diabetes mellitus type 2,1,Number,2023,163559.35288657423,184141.99372943945,143653.45290030882
5,Prevalence,47,Czechia,3,Both,19,70-74 years,976,Diabetes mellitus type 2,1,Number,2023,178969.85273584654,198322.06856016253,161596.93262349156
5,Prevalence,47,Czechia,3,Both,20,75-79 years,976,Diabetes mellitus type 2,1,Number,2023,149880.4885161531,165491.0746843059,135948.8126291011
5,Prevalence,47,Czechia,3,Both,30,80-84 years,976,Diabetes mellitus type 2,1,Number,2023,82303.8217795052,90608.64650324358,74294.7726583417
5,Prevalence,47,Czechia,3,Both,31,85-89 years,976,Diabetes mellitus type 2,1,Number,2023,34929.10025083491,38687.12247463708,31037.442756430733
5,Prevalence,47,Czechia,3,Both,32,90-94 years,976,Diabetes mellitus type 2,1,Number,2023,11671.910503885412,13108.3942112881,10153.729232716838
5,Prevalence,47,Czechia,3,Both,235,95+ years,976,Diabetes mellitus type 2,1,Number,2023,2130.8074679134165,2468.755738510087,1773.0103691438271
5,Prevalence,7,Democratic People's Republic of Korea,3,Both,1,<5 years,976,Diabetes mellitus type 2,1,Number,2023,0.0,0.0,0.0
5,Prevalence,7,Democratic People's Republic of Korea,3,Both,6,5-9 years,976,Diabetes mellitus type 2,1,Number,2023,0.0,0.0,0.0
5,Prevalence,7,Democratic People's Republic of Korea,3,Both,7,10-14 years,976,Diabetes mellitus type 2,1,Number,2023,0.0,0.0,0.0
5,Prevalence,7,Democratic People's Republic of Korea,3,Both,8,15-19 years,976,Diabetes mellitus type 2,1,Number,2023,9659.596706890268,12948.090680874491,7204.655481711257
5,Prevalence,7,Democratic People's Republic of Korea,3,Both,9,20-24 years,976,Diabetes mellitus type 2,1,Number,2023,47017.24424494022,59902.91907221793,37596.99009231749
5,Prevalence,7,Democratic People's Republic of Korea,3,Both,10,25-29 years,976,Diabetes mellitus type 2,1,Number,2023,86042.49323069575,105816.9208682676,69904.84493209347
5,Prevalence,7,Democratic People's Republic of Korea,3,Both,11,30-34 years,976,Diabetes mellitus type 2,1,Number,2023,112081.99109799368,132741.7693728458,93219.40198835848
5,Prevalence,7,Democratic People's Republic of Korea,3,Both,12,35-39 years,976,Diabetes mellitus type 2,1,Number,2023,126171.2656895142,147377.48590744007,107138.77583211978
5,Prevalence,7,Democratic People's Republic of Korea,3,Both,13,40-44 years,976,Diabetes mellitus type 2,1,Number,2023,141262.60625564947,161425.43049800154,120023.40701796173
5,Prevalence,7,Democratic People's Republic of Korea,3,Both,14,45-49 years,976,Diabetes mellitus type 2,1,Number,2023,159148.9416532576,180437.86167578973,136834.22873047352
5,Prevalence,7,Democratic People's Republic of Korea,3,Both,15,50-54 years,976,Diabetes mellitus type 2,1,Number,2023,234939.70587912932,266806.42556372704,206444.89257971413
5,Prevalence,7,Democratic People's Republic of Korea,3,Both,16,55-59 years,976,Diabetes mellitus type 2,1,Number,2023,223406.1784326676,252517.8634914156,197030.1979756964
5,Prevalence,7,Democratic People's Republic of Korea,3,Both,17,60-64 years,976,Diabetes mellitus type 2,1,Number,2023,193600.45484107788,217732.9114219501,171895.17852715676
5,Prevalence,7,Democratic People's Republic of Korea,3,Both,18,65-69 years,976,Diabetes mellitus type 2,1,Number,2023,153001.44192851178,171161.9967086143,135969.02447194792
5,Prevalence,7,Democratic People's Republic of Korea,3,Both,19,70-74 years,976,Diabetes mellitus type 2,1,Number,2023,98938.45738113,111922.32298788284,86410.67241443155
5,Prevalence,7,Democratic People's Republic of Korea,3,Both,20,75-79 years,976,Diabetes mellitus type 2,1,Number,2023,81910.3032234562,93818.02310133466,71350.03993147978
5,Prevalence,7,Democratic People's Republic of Korea,3,Both,30,80-84 years,976,Diabetes mellitus type 2,1,Number,2023,43138.85326571443,49531.3143573896,37386.42992668923
5,Prevalence,7,Democratic People's Republic of Korea,3,Both,31,85-89 years,976,Diabetes mellitus type 2,1,Number,2023,16166.718250459277,18718.47039706469,13876.404824304464
5,Prevalence,7,Democratic People's Republic of Korea,3,Both,32,90-94 years,976,Diabetes mellitus type 2,1,Number,2023,3295.687515600193,3829.0459709798224,2763.4243852639
5,Prevalence,7,Democratic People's Republic of Korea,3,Both,235,95+ years,976,Diabetes mellitus type 2,1,Number,2023,609.0835786097698,724.7069451160739,499.6742150595597
5,Prevalence,26,Papua New Guinea,3,Both,1,<5 years,976,Diabetes mellitus type 2,1,Number,2023,0.0,0.0,0.0
5,Prevalence,26,Papua New Guinea,3,Both,6,5-9 years,976,Diabetes mellitus type 2,1,Number,2023,0.0,0.0,0.0
5,Prevalence,26,Papua New Guinea,3,Both,7,10-14 years,976,Diabetes mellitus type 2,1,Number,2023,0.0,0.0,0.0
5,Prevalence,26,Papua New Guinea,3,Both,8,15-19 years,976,Diabetes mellitus type 2,1,Number,2023,8343.645453638834,10900.924721048716,6485.335762381556
5,Prevalence,26,Papua New Guinea,3,Both,9,20-24 years,976,Diabetes mellitus type 2,1,Number,2023,24011.68116259808,30447.857199616818,19367.711522517748
5,Prevalence,26,Papua New Guinea,3,Both,10,25-29 years,976,Diabetes mellitus type 2,1,Number,2023,37708.27520296448,45554.47502408148,31208.221145970463
5,Prevalence,26,Papua New Guinea,3,Both,11,30-34 years,976,Diabetes mellitus type 2,1,Number,2023,46708.99405702057,54596.78256435363,39700.82791641768
5,Prevalence,26,Papua New Guinea,3,Both,12,35-39 years,976,Diabetes mellitus type 2,1,Number,2023,57695.715973678205,66620.49384824096,50310.9690096151
5,Prevalence,26,Papua New Guinea,3,Both,13,40-44 years,976,Diabetes mellitus type 2,1,Number,2023,70231.85063686786,81639.97637066597,61248.63804128742
5,Prevalence,26,Papua New Guinea,3,Both,14,45-49 years,976,Diabetes mellitus type 2,1,Number,2023,80026.49551274203,89949.13018221092,70828.75903572247
5,Prevalence,26,Papua New Guinea,3,Both,15,50-54 years,976,Diabetes mellitus type 2,1,Number,2023,82041.47391769764,90450.19027053632,72436.09074557578
5,Prevalence,26,Papua New Guinea,3,Both,16,55-59 years,976,Diabetes mellitus type 2,1,Number,2023,75770.53826507334,83352.995217545,67476.55432398003
5,Prevalence,26,Papua New Guinea,3,Both,17,60-64 years,976,Diabetes mellitus type 2,1,Number,2023,58369.67781354293,64109.97265590924,52868.25674241906
5,Prevalence,26,Papua New Guinea,3,Both,18,65-69 years,976,Diabetes mellitus type 2,1,Number,2023,40183.8773735385,44007.33249748922,36669.65155590672
5,Prevalence,26,Papua New Guinea,3,Both,19,70-74 years,976,Diabetes mellitus type 2,1,Number,2023,24661.91723562085,26865.09500440256,22617.65844045779
5,Prevalence,26,Papua New Guinea,3,Both,20,75-79 years,976,Diabetes mellitus type 2,1,Number,2023,13234.41456543766,14525.000157097104,11986.369428315578
5,Prevalence,26,Papua New Guinea,3,Both,30,80-84 years,976,Diabetes mellitus type 2,1,Number,2023,5275.304251517107,5822.892739599077,4758.841140842508
5,Prevalence,26,Papua New Guinea,3,Both,31,85-89 years,976,Diabetes mellitus type 2,1,Number,2023,1604.1303092101089,1789.188000436759,1414.8192527135664
5,Prevalence,26,Papua New Guinea,3,Both,32,90-94 years,976,Diabetes mellitus type 2,1,Number,2023,366.7188445044826,419.4281939537332,312.6260750565034
5,Prevalence,26,Papua New Guinea,3,Both,235,95+ years,976,Diabetes mellitus type 2,1,Number,2023,69.9421085969103,84.23884688275085,57.73635317685171
5,Prevalence,15,Myanmar,3,Both,1,<5 years,976,Diabetes mellitus type 2,1,Number,2023,0.0,0.0,0.0
5,Prevalence,15,Myanmar,3,Both,6,5-9 years,976,Diabetes mellitus type 2,1,Number,2023,0.0,0.0,0.0
5,Prevalence,15,Myanmar,3,Both,7,10-14 years,976,Diabetes mellitus type 2,1,Number,2023,0.0,0.0,0.0
5,Prevalence,15,Myanmar,3,Both,8,15-19 years,976,Diabetes mellitus type 2,1,Number,2023,32399.104414786143,42000.0985365971,24882.389910298985
5,Prevalence,15,Myanmar,3,Both,9,20-24 years,976,Diabetes mellitus type 2,1,Number,2023,88768.44399957954,108852.5408973204,71589.32743618231
5,Prevalence,15,Myanmar,3,Both,10,25-29 years,976,Diabetes mellitus type 2,1,Number,2023,142786.38323554432,166440.29750190137,119797.32806733577
5,Prevalence,15,Myanmar,3,Both,11,30-34 years,976,Diabetes mellitus type 2,1,Number,2023,186267.10058925932,214493.74739561125,157817.4477088337
5,Prevalence,15,Myanmar,3,Both,12,35-39 years,976,Diabetes mellitus type 2,1,Number,2023,236500.39808636205,267994.16243751434,204635.3852880183
5,Prevalence,15,Myanmar,3,Both,13,40-44 years,976,Diabetes mellitus type 2,1,Number,2023,290692.19722886547,331038.15036494256,248334.0180940049
5,Prevalence,15,Myanmar,3,Both,14,45-49 years,976,Diabetes mellitus type 2,1,Number,2023,338829.86055174726,383708.6162188996,296744.4268401394
5,Prevalence,15,Myanmar,3,Both,15,50-54 years,976,Diabetes mellitus type 2,1,Number,2023,387962.3738370368,443053.0862491187,339309.96834357595
5,Prevalence,15,Myanmar,3,Both,16,55-59 years,976,Diabetes mellitus type 2,1,Number,2023,414889.92237219866,468892.1411307343,371805.88996929466
5,Prevalence,15,Myanmar,3,Both,17,60-64 years,976,Diabetes mellitus type 2,1,Number,2023,401035.0109233136,451808.8570190704,360163.81273764337
5,Prevalence,15,Myanmar,3,Both,18,65-69 years,976,Diabetes mellitus type 2,1,Number,2023,347877.5400049309,383257.0529245522,311546.66421820404
5,Prevalence,15,Myanmar,3,Both,19,70-74 years,976,Diabetes mellitus type 2,1,Number,2023,253507.7759670476,277588.3575661321,231031.7076910787
5,Prevalence,15,Myanmar,3,Both,20,75-79 years,976,Diabetes mellitus type 2,1,Number,2023,147264.33531390966,159923.3183395329,135102.67644293164
5,Prevalence,15,Myanmar,3,Both,30,80-84 years,976,Diabetes mellitus type 2,1,Number,2023,75547.31584103516,82829.30664211244,69317.61346239617
5,Prevalence,15,Myanmar,3,Both,31,85-89 years,976,Diabetes mellitus type 2,1,Number,2023,31876.144468420454,35531.616001428265,28683.56217935216
5,Prevalence,15,Myanmar,3,Both,32,90-94 years,976,Diabetes mellitus type 2,1,Number,2023,9055.55938219221,10268.19264100343,7911.996215566864
5,Prevalence,15,Myanmar,3,Both,235,95+ years,976,Diabetes mellitus type 2,1,Number,2023,1633.9181399612564,1908.7122168496455,1405.5610299391844
5,Prevalence,71,Australia,3,Both,1,<5 years,976,Diabetes mellitus type 2,1,Number,2023,0.0,0.0,0.0
5,Prevalence,71,Australia,3,Both,6,5-9 years,976,Diabetes mellitus type 2,1,Number,2023,0.0,0.0,0.0
5,Prevalence,71,Australia,3,Both,7,10-14 years,976,Diabetes mellitus type 2,1,Number,2023,0.0,0.0,0.0
5,Prevalence,71,Australia,3,Both,8,15-19 years,976,Diabetes mellitus type 2,1,Number,2023,1632.9270614390418,2665.3509181424947,253.5605316071905
5,Prevalence,71,Australia,3,Both,9,20-24 years,976,Diabetes mellitus type 2,1,Number,2023,2957.16458448732,4364.977409550116,1545.5506902422817
5,Prevalence,71,Australia,3,Both,10,25-29 years,976,Diabetes mellitus type 2,1,Number,2023,6736.410235831704,9273.36762858037,4421.057508032438
5,Prevalence,71,Australia,3,Both,11,30-34 years,976,Diabetes mellitus type 2,1,Number,2023,14438.642980651515,18092.957270652936,10955.6905014103
5,Prevalence,71,Australia,3,Both,12,35-39 years,976,Diabetes mellitus type 2,1,Number,2023,24655.79401563742,29537.255068506427,19563.46572900317
5,Prevalence,71,Australia,3,Both,13,40-44 years,976,Diabetes mellitus type 2,1,Number,2023,37028.12115927869,45122.37043266064,29639.42604212464
5,Prevalence,71,Australia,3,Both,14,45-49 years,976,Diabetes mellitus type 2,1,Number,2023,52020.06075709956,61714.0648042144,43414.40653519751
5,Prevalence,71,Australia,3,Both,15,50-54 years,976,Diabetes mellitus type 2,1,Number,2023,79212.7924143306,91620.96056054604,67236.10406023833
5,Prevalence,71,Australia,3,Both,16,55-59 years,976,Diabetes mellitus type 2,1,Number,2023,101115.87121299698,115796.64491066022,87424.31313576332
5,Prevalence,71,Australia,3,Both,17,60-64 years,976,Diabetes mellitus type 2,1,Number,2023,134353.8291157104,151446.62309962796,118898.35740030544
5,Prevalence,71,Australia,3,Both,18,65-69 years,976,Diabetes mellitus type 2,1,Number,2023,147229.95947040495,162201.46261381282,133118.65407605277
5,Prevalence,71,Australia,3,Both,19,70-74 years,976,Diabetes mellitus type 2,1,Number,2023,149071.23975146626,162443.10867346724,137026.31778572884
5,Prevalence,71,Australia,3,Both,20,75-79 years,976,Diabetes mellitus type 2,1,Number,2023,125905.17386197862,138529.78391951314,115104.00208534717
5,Prevalence,71,Australia,3,Both,30,80-84 years,976,Diabetes mellitus type 2,1,Number,2023,75715.58521519207,83308.72771841122,69153.14918394166
5,Prevalence,71,Australia,3,Both,31,85-89 years,976,Diabetes mellitus type 2,1,Number,2023,40518.587283182766,45085.7370918541,36942.97474271597
5,Prevalence,71,Australia,3,Both,32,90-94 years,976,Diabetes mellitus type 2,1,Number,2023,15804.676785294823,17884.476950449312,14193.445603895165
5,Prevalence,71,Australia,3,Both,235,95+ years,976,Diabetes mellitus type 2,1,Number,2023,3968.3403184931726,4689.461727189319,3351.291758174698
5,Prevalence,60,Lithuania,3,Both,1,<5 years,976,Diabetes mellitus type 2,1,Number,2023,0.0,0.0,0.0
5,Prevalence,60,Lithuania,3,Both,6,5-9 years,976,Diabetes mellitus type 2,1,Number,2023,0.0,0.0,0.0
5,Prevalence,60,Lithuania,3,Both,7,10-14 years,976,Diabetes mellitus type 2,1,Number,2023,0.0,0.0,0.0
5,Prevalence,60,Lithuania,3,Both,8,15-19 years,976,Diabetes mellitus type 2,1,Number,2023,267.2269069299967,423.9908720868159,96.94265286535064
5,Prevalence,60,Lithuania,3,Both,9,20-24 years,976,Diabetes mellitus type 2,1,Number,2023,710.6829750404337,934.2600446038604,505.47185831301
5,Prevalence,60,Lithuania,3,Both,10,25-29 years,976,Diabetes mellitus type 2,1,Number,2023,1355.9942845832677,1679.3603524722105,1054.5802404943506
5,Prevalence,60,Lithuania,3,Both,11,30-34 years,976,Diabetes mellitus type 2,1,Number,2023,2525.538246383828,3049.408918042797,1969.610319140657
5,Prevalence,60,Lithuania,3,Both,12,35-39 years,976,Diabetes mellitus type 2,1,Number,2023,3989.640906157277,4681.374723251343,3237.3010598325177
5,Prevalence,60,Lithuania,3,Both,13,40-44 years,976,Diabetes mellitus type 2,1,Number,2023,5587.991575894406,6640.089720665927,4526.087685916176
5,Prevalence,60,Lithuania,3,Both,14,45-49 years,976,Diabetes mellitus type 2,1,Number,2023,9304.134388680635,10733.10794700194,7949.181508071862
5,Prevalence,60,Lithuania,3,Both,15,50-54 years,976,Diabetes mellitus type 2,1,Number,2023,15952.730211480395,18170.727740026963,13947.728102858866
5,Prevalence,60,Lithuania,3,Both,16,55-59 years,976,Diabetes mellitus type 2,1,Number,2023,23890.62513711765,26472.9859974042,20615.45985897675
5,Prevalence,60,Lithuania,3,Both,17,60-64 years,976,Diabetes mellitus type 2,1,Number,2023,34631.62314723639,38441.9405863984,29745.32156805392
5,Prevalence,60,Lithuania,3,Both,18,65-69 years,976,Diabetes mellitus type 2,1,Number,2023,31053.430373338288,34485.55468327101,26777.88753428457
5,Prevalence,60,Lithuania,3,Both,19,70-74 years,976,Diabetes mellitus type 2,1,Number,2023,27566.146356367368,30444.224142552084,24370.90113415109
5,Prevalence,60,Lithuania,3,Both,20,75-79 years,976,Diabetes mellitus type 2,1,Number,2023,19981.090589587795,22202.208554361718,17839.009820520085
5,Prevalence,60,Lithuania,3,Both,30,80-84 years,976,Diabetes mellitus type 2,1,Number,2023,16341.917679964648,18256.067590876788,14422.004139153516
5,Prevalence,60,Lithuania,3,Both,31,85-89 years,976,Diabetes mellitus type 2,1,Number,2023,8937.711475305106,10051.226885135093,7885.902636617765
5,Prevalence,60,Lithuania,3,Both,32,90-94 years,976,Diabetes mellitus type 2,1,Number,2023,3134.181585002283,3513.715203362907,2764.9254005871144
5,Prevalence,60,Lithuania,3,Both,235,95+ years,976,Diabetes mellitus type 2,1,Number,2023,533.000935692593,609.9419768907474,464.2573741208024
5,Prevalence,87,Luxembourg,3,Both,1,<5 years,976,Diabetes mellitus type 2,1,Number,2023,0.0,0.0,0.0
5,Prevalence,87,Luxembourg,3,Both,6,5-9 years,976,Diabetes mellitus type 2,1,Number,2023,0.0,0.0,0.0
5,Prevalence,87,Luxembourg,3,Both,7,10-14 years,976,Diabetes mellitus type 2,1,Number,2023,0.0,0.0,0.0
5,Prevalence,87,Luxembourg,3,Both,8,15-19 years,976,Diabetes mellitus type 2,1,Number,2023,29.778585413692397,86.40948754901456,0.0
5,Prevalence,87,Luxembourg,3,Both,9,20-24 years,976,Diabetes mellitus type 2,1,Number,2023,181.60514938275853,276.5464306521596,94.86117960850646
5,Prevalence,87,Luxembourg,3,Both,10,25-29 years,976,Diabetes mellitus type 2,1,Number,2023,517.7275411418524,689.2712577562686,365.5652638371715
5,Prevalence,87,Luxembourg,3,Both,11,30-34 years,976,Diabetes mellitus type 2,1,Number,2023,955.4247324352302,1185.0293636611466,734.7382398240419
5,Prevalence,87,Luxembourg,3,Both,12,35-39 years,976,Diabetes mellitus type 2,1,Number,2023,1365.3699689177024,1629.6778557364578,1107.4007526359774
5,Prevalence,87,Luxembourg,3,Both,13,40-44 years,976,Diabetes mellitus type 2,1,Number,2023,1832.182905270239,2156.983586833907,1511.8937458686466
5,Prevalence,87,Luxembourg,3,Both,14,45-49 years,976,Diabetes mellitus type 2,1,Number,2023,2246.6704214745614,2624.1910551520714,1912.5590880514048
5,Prevalence,87,Luxembourg,3,Both,15,50-54 years,976,Diabetes mellitus type 2,1,Number,2023,2878.210234303075,3340.784821056447,2496.139209555939
5,Prevalence,87,Luxembourg,3,Both,16,55-59 years,976,Diabetes mellitus type 2,1,Number,2023,3600.080411746663,4141.301054001568,3177.1196556257846
5,Prevalence,87,Luxembourg,3,Both,17,60-64 years,976,Diabetes mellitus type 2,1,Number,2023,3792.7069048783073,4399.609931280345,3325.138739869551
5,Prevalence,87,Luxembourg,3,Both,18,65-69 years,976,Diabetes mellitus type 2,1,Number,2023,3617.388123439269,4151.578488525297,3176.762704104016
5,Prevalence,87,Luxembourg,3,Both,19,70-74 years,976,Diabetes mellitus type 2,1,Number,2023,3295.9835000392563,3693.2475635963274,2978.469824023161
5,Prevalence,87,Luxembourg,3,Both,20,75-79 years,976,Diabetes mellitus type 2,1,Number,2023,2573.91102989289,2906.3080083360683,2298.1102670780438
5,Prevalence,87,Luxembourg,3,Both,30,80-84 years,976,Diabetes mellitus type 2,1,Number,2023,1799.157564055071,2035.597662349377,1606.717066790593
5,Prevalence,87,Luxembourg,3,Both,31,85-89 years,976,Diabetes mellitus type 2,1,Number,2023,1029.0280576383811,1173.9119947789934,920.7117350446574
5,Prevalence,87,Luxembourg,3,Both,32,90-94 years,976,Diabetes mellitus type 2,1,Number,2023,361.1504690039287,418.19937153500905,321.11053626496584
5,Prevalence,87,Luxembourg,3,Both,235,95+ years,976,Diabetes mellitus type 2,1,Number,2023,69.6389399004912,82.56956117400458,59.52850862569427
5,Prevalence,101,Canada,3,Both,10,25-29 years,976,Diabetes mellitus type 2,1,Number,2023,9912.380483512554,14848.82508206932,5367.203804683304
5,Prevalence,101,Canada,3,Both,11,30-34 years,976,Diabetes mellitus type 2,1,Number,2023,27148.069117578238,35223.25649482601,19389.31540000292
5,Prevalence,101,Canada,3,Both,12,35-39 years,976,Diabetes mellitus type 2,1,Number,2023,51951.70917059352,63000.696187313166,40735.67878943878
5,Prevalence,101,Canada,3,Both,13,40-44 years,976,Diabetes mellitus type 2,1,Number,2023,86107.85073012323,101672.98263964162,70823.82648394755
5,Prevalence,101,Canada,3,Both,14,45-49 years,976,Diabetes mellitus type 2,1,Number,2023,120757.26340806326,140323.69099480385,102599.33261189629
5,Prevalence,101,Canada,3,Both,15,50-54 years,976,Diabetes mellitus type 2,1,Number,2023,169578.07086567578,195273.91252454097,146048.95346035977
5,Prevalence,101,Canada,3,Both,16,55-59 years,976,Diabetes mellitus type 2,1,Number,2023,239230.8918436365,270247.1232679852,212488.81304760108
5,Prevalence,101,Canada,3,Both,17,60-64 years,976,Diabetes mellitus type 2,1,Number,2023,317890.1213132419,353886.8464153816,282085.88820033777
5,Prevalence,101,Canada,3,Both,18,65-69 years,976,Diabetes mellitus type 2,1,Number,2023,340038.84350882994,371071.163705012,308172.4646883588
5,Prevalence,101,Canada,3,Both,19,70-74 years,976,Diabetes mellitus type 2,1,Number,2023,312999.4306242347,338183.4368451801,284608.9975490295
5,Prevalence,101,Canada,3,Both,20,75-79 years,976,Diabetes mellitus type 2,1,Number,2023,248966.0196712911,272163.21253327595,225243.82690437755
5,Prevalence,101,Canada,3,Both,30,80-84 years,976,Diabetes mellitus type 2,1,Number,2023,153030.68539311877,167346.6365067872,138805.50283642812
5,Prevalence,101,Canada,3,Both,31,85-89 years,976,Diabetes mellitus type 2,1,Number,2023,84285.58797079869,92341.02810699068,76126.5351643581
5,Prevalence,101,Canada,3,Both,32,90-94 years,976,Diabetes mellitus type 2,1,Number,2023,35678.79705259441,39420.83754597497,31838.49360880246
5,Prevalence,101,Canada,3,Both,235,95+ years,976,Diabetes mellitus type 2,1,Number,2023,9870.69836900851,11095.808675418302,8577.05850291511
5,Prevalence,53,Serbia,3,Both,1,<5 years,976,Diabetes mellitus type 2,1,Number,2023,0.0,0.0,0.0
5,Prevalence,53,Serbia,3,Both,6,5-9 years,976,Diabetes mellitus type 2,1,Number,2023,0.0,0.0,0.0
5,Prevalence,53,Serbia,3,Both,7,10-14 years,976,Diabetes mellitus type 2,1,Number,2023,0.0,0.0,0.0
5,Prevalence,53,Serbia,3,Both,8,15-19 years,976,Diabetes mellitus type 2,1,Number,2023,715.8515099583655,1026.2357017272368,402.7259031253081
5,Prevalence,53,Serbia,3,Both,9,20-24 years,976,Diabetes mellitus type 2,1,Number,2023,1809.2735750945944,2337.374980633761,1336.9005827955152
5,Prevalence,53,Serbia,3,Both,10,25-29 years,976,Diabetes mellitus type 2,1,Number,2023,2917.158783380914,3797.750815808986,2182.347357134588
5,Prevalence,53,Serbia,3,Both,11,30-34 years,976,Diabetes mellitus type 2,1,Number,2023,4679.378612923453,5708.953282708008,3681.932102270186
5,Prevalence,53,Serbia,3,Both,12,35-39 years,976,Diabetes mellitus type 2,1,Number,2023,8302.574188103008,9989.613110144135,6745.955339597835
5,Prevalence,53,Serbia,3,Both,13,40-44 years,976,Diabetes mellitus type 2,1,Number,2023,14909.29742901586,18110.39395391245,12242.19315146368
5,Prevalence,53,Serbia,3,Both,14,45-49 years,976,Diabetes mellitus type 2,1,Number,2023,26770.07087342235,31436.914508755508,22379.34762442741
5,Prevalence,53,Serbia,3,Both,15,50-54 years,976,Diabetes mellitus type 2,1,Number,2023,42495.84643689665,49198.420635428265,36151.11166130245
5,Prevalence,53,Serbia,3,Both,16,55-59 years,976,Diabetes mellitus type 2,1,Number,2023,74469.92512753476,83917.923169641,65123.18517807413
5,Prevalence,53,Serbia,3,Both,17,60-64 years,976,Diabetes mellitus type 2,1,Number,2023,120410.31139736917,137497.45885351344,106281.4446130421
5,Prevalence,53,Serbia,3,Both,18,65-69 years,976,Diabetes mellitus type 2,1,Number,2023,147303.42617281692,166225.71754052574,132273.08993279538
5,Prevalence,53,Serbia,3,Both,19,70-74 years,976,Diabetes mellitus type 2,1,Number,2023,132469.48839586368,148763.92443007752,120586.36215897115
5,Prevalence,53,Serbia,3,Both,20,75-79 years,976,Diabetes mellitus type 2,1,Number,2023,69701.19096320301,78212.18235064857,63705.90504171995
5,Prevalence,53,Serbia,3,Both,30,80-84 years,976,Diabetes mellitus type 2,1,Number,2023,49073.28833197302,55729.15954672472,44612.55001807952
5,Prevalence,53,Serbia,3,Both,31,85-89 years,976,Diabetes mellitus type 2,1,Number,2023,21701.54433218459,24574.49466855571,19344.23872949777
5,Prevalence,53,Serbia,3,Both,32,90-94 years,976,Diabetes mellitus type 2,1,Number,2023,4391.44270956492,4995.316358411406,3867.040994573925
5,Prevalence,53,Serbia,3,Both,235,95+ years,976,Diabetes mellitus type 2,1,Number,2023,611.5928070107702,706.0240900694137,529.9686707967262
5,Prevalence,78,Denmark,3,Both,1,<5 years,976,Diabetes mellitus type 2,1,Number,2023,0.0,0.0,0.0
5,Prevalence,78,Denmark,3,Both,6,5-9 years,976,Diabetes mellitus type 2,1,Number,2023,0.0,0.0,0.0
5,Prevalence,78,Denmark,3,Both,7,10-14 years,976,Diabetes mellitus type 2,1,Number,2023,0.0,0.0,0.0
5,Prevalence,78,Denmark,3,Both,8,15-19 years,976,Diabetes mellitus type 2,1,Number,2023,210.76056794094765,770.0999484305974,0.0
5,Prevalence,78,Denmark,3,Both,9,20-24 years,976,Diabetes mellitus type 2,1,Number,2023,1457.6108641631215,2216.064982160863,662.6961327379087
5,Prevalence,78,Denmark,3,Both,10,25-29 years,976,Diabetes mellitus type 2,1,Number,2023,3679.915149046042,5053.918660284886,2558.849162083613
5,Prevalence,78,Denmark,3,Both,11,30-34 years,976,Diabetes mellitus type 2,1,Number,2023,6320.931158886981,8005.173733853238,4869.952552737533
5,Prevalence,78,Denmark,3,Both,12,35-39 years,976,Diabetes mellitus type 2,1,Number,2023,8473.840135083712,10125.604739300556,6750.002417869631
5,Prevalence,78,Denmark,3,Both,13,40-44 years,976,Diabetes mellitus type 2,1,Number,2023,12012.454071766724,14191.572321231224,9906.450905157531
5,Prevalence,78,Denmark,3,Both,14,45-49 years,976,Diabetes mellitus type 2,1,Number,2023,17768.32534719952,20775.325957065397,14984.335149597398
5,Prevalence,78,Denmark,3,Both,15,50-54 years,976,Diabetes mellitus type 2,1,Number,2023,23777.01543853804,27540.38961306995,20141.699432376005
5,Prevalence,28,Solomon Islands,3,Both,1,<5 years,976,Diabetes mellitus type 2,1,Number,2023,0.0,0.0,0.0
5,Prevalence,28,Solomon Islands,3,Both,6,5-9 years,976,Diabetes mellitus type 2,1,Number,2023,0.0,0.0,0.0
5,Prevalence,28,Solomon Islands,3,Both,7,10-14 years,976,Diabetes mellitus type 2,1,Number,2023,0.0,0.0,0.0
5,Prevalence,28,Solomon Islands,3,Both,8,15-19 years,976,Diabetes mellitus type 2,1,Number,2023,818.3423453364233,1014.5071462647012,649.0489238399681
5,Prevalence,28,Solomon Islands,3,Both,9,20-24 years,976,Diabetes mellitus type 2,1,Number,2023,2316.3318574469927,2818.6420319466097,1870.6267554310489
5,Prevalence,28,Solomon Islands,3,Both,10,25-29 years,976,Diabetes mellitus type 2,1,Number,2023,3112.905200915872,3673.444748767514,2598.5771442655814
5,Prevalence,28,Solomon Islands,3,Both,11,30-34 years,976,Diabetes mellitus type 2,1,Number,2023,3831.4669304076656,4462.316186360224,3216.701920069545
5,Prevalence,28,Solomon Islands,3,Both,12,35-39 years,976,Diabetes mellitus type 2,1,Number,2023,5030.027549998785,5817.276556711794,4261.222932402978
5,Prevalence,113,Guyana,3,Both,1,<5 years,976,Diabetes mellitus type 2,1,Number,2023,0.0,0.0,0.0
5,Prevalence,113,Guyana,3,Both,6,5-9 years,976,Diabetes mellitus type 2,1,Number,2023,0.0,0.0,0.0
5,Prevalence,113,Guyana,3,Both,7,10-14 years,976,Diabetes mellitus type 2,1,Number,2023,0.0,0.0,0.0
5,Prevalence,113,Guyana,3,Both,8,15-19 years,976,Diabetes mellitus type 2,1,Number,2023,937.3466894007896,1162.536574064749,749.5276704946849
5,Prevalence,113,Guyana,3,Both,9,20-24 years,976,Diabetes mellitus type 2,1,Number,2023,1822.9842833313355,2247.9221501906013,1467.3899122263176
5,Prevalence,113,Guyana,3,Both,10,25-29 years,976,Diabetes mellitus type 2,1,Number,2023,3178.371373354229,3756.667424278193,2623.697645775421
5,Prevalence,113,Guyana,3,Both,11,30-34 years,976,Diabetes mellitus type 2,1,Number,2023,3851.809397493384,4538.1339604933455,3200.3571331376584
5,Prevalence,113,Guyana,3,Both,12,35-39 years,976,Diabetes mellitus type 2,1,Number,2023,4648.37194581811,5342.471029753114,4006.837844070107
5,Prevalence,113,Guyana,3,Both,13,40-44 years,976,Diabetes mellitus type 2,1,Number,2023,6385.456532598545,7294.599903937243,5417.166659736965
5,Prevalence,113,Guyana,3,Both,14,45-49 years,976,Diabetes mellitus type 2,1,Number,2023,8316.459428391488,9553.095177595043,7254.642802238329
5,Prevalence,113,Guyana,3,Both,15,50-54 years,976,Diabetes mellitus type 2,1,Number,2023,9852.915856640897,11316.259792432436,8690.620740720025
5,Prevalence,113,Guyana,3,Both,16,55-59 years,976,Diabetes mellitus type 2,1,Number,2023,10523.909767352732,11962.648253838206,9372.760465090036
5,Prevalence,113,Guyana,3,Both,17,60-64 years,976,Diabetes mellitus type 2,1,Number,2023,10338.33430588625,11648.874760597932,9366.881856327858
5,Prevalence,113,Guyana,3,Both,18,65-69 years,976,Diabetes mellitus type 2,1,Number,2023,8446.081912016309,9439.279380826672,7653.208239494901
5,Prevalence,113,Guyana,3,Both,19,70-74 years,976,Diabetes mellitus type 2,1,Number,2023,5968.583453242646,6598.409626239175,5469.261117171397
5,Prevalence,113,Guyana,3,Both,20,75-79 years,976,Diabetes mellitus type 2,1,Number,2023,3208.773663278562,3541.124300841004,2951.6029885475973
5,Prevalence,113,Guyana,3,Both,30,80-84 years,976,Diabetes mellitus type 2,1,Number,2023,1790.6553852614147,1993.9718530595867,1617.8989414082434
5,Prevalence,113,Guyana,3,Both,31,85-89 years,976,Diabetes mellitus type 2,1,Number,2023,781.9184418092896,870.7229278711632,699.7389307231374
5,Prevalence,113,Guyana,3,Both,32,90-94 years,976,Diabetes mellitus type 2,1,Number,2023,256.7204098684618,291.9977353999798,224.4312023108616
5,Prevalence,113,Guyana,3,Both,235,95+ years,976,Diabetes mellitus type 2,1,Number,2023,80.53467124078648,95.95770798667454,67.21783729357882
5,Prevalence,28,Solomon Islands,3,Both,13,40-44 years,976,Diabetes mellitus type 2,1,Number,2023,5929.564689554395,6907.162088075596,5032.056061894994
5,Prevalence,28,Solomon Islands,3,Both,14,45-49 years,976,Diabetes mellitus type 2,1,Number,2023,7024.73096886467,7993.111485047048,6148.874452081539
5,Prevalence,28,Solomon Islands,3,Both,15,50-54 years,976,Diabetes mellitus type 2,1,Number,2023,7442.021259864476,8511.140971684414,6423.627056503852
5,Prevalence,28,Solomon Islands,3,Both,16,55-59 years,976,Diabetes mellitus type 2,1,Number,2023,6343.266235642839,7083.25874056362,5653.07777376702
5,Prevalence,28,Solomon Islands,3,Both,17,60-64 years,976,Diabetes mellitus type 2,1,Number,2023,5249.408526318856,5714.255215156414,4790.914063705179
5,Prevalence,28,Solomon Islands,3,Both,18,65-69 years,976,Diabetes mellitus type 2,1,Number,2023,3899.626872458643,4211.556910505813,3596.869209736321
5,Prevalence,28,Solomon Islands,3,Both,19,70-74 years,976,Diabetes mellitus type 2,1,Number,2023,2681.925646110989,2857.0599582305945,2475.7011818584992
5,Prevalence,28,Solomon Islands,3,Both,20,75-79 years,976,Diabetes mellitus type 2,1,Number,2023,1504.5095734924448,1620.9340182182157,1383.8038254603712
5,Prevalence,28,Solomon Islands,3,Both,30,80-84 years,976,Diabetes mellitus type 2,1,Number,2023,687.0746725332024,747.2920961774373,625.805651906133
5,Prevalence,28,Solomon Islands,3,Both,31,85-89 years,976,Diabetes mellitus type 2,1,Number,2023,167.56218090141144,185.81748456376437,148.89578934959903
5,Prevalence,28,Solomon Islands,3,Both,32,90-94 years,976,Diabetes mellitus type 2,1,Number,2023,28.35088839217811,31.9510353747516,23.94873298800533
5,Prevalence,28,Solomon Islands,3,Both,235,95+ years,976,Diabetes mellitus type 2,1,Number,2023,3.408926787939444,3.945482109948824,2.74860816815482
5,Prevalence,125,Colombia,3,Both,1,<5 years,976,Diabetes mellitus type 2,1,Number,2023,0.0,0.0,0.0
5,Prevalence,125,Colombia,3,Both,6,5-9 years,976,Diabetes mellitus type 2,1,Number,2023,0.0,0.0,0.0
5,Prevalence,125,Colombia,3,Both,7,10-14 years,976,Diabetes mellitus type 2,1,Number,2023,0.0,0.0,0.0
5,Prevalence,125,Colombia,3,Both,8,15-19 years,976,Diabetes mellitus type 2,1,Number,2023,39943.47435122482,52081.95554020068,31523.475047009397
5,Prevalence,125,Colombia,3,Both,9,20-24 years,976,Diabetes mellitus type 2,1,Number,2023,77351.2041727405,93585.35876985514,63010.21186171848
5,Prevalence,125,Colombia,3,Both,10,25-29 years,976,Diabetes mellitus type 2,1,Number,2023,125730.53504724274,151571.96335676397,103055.2341338086
5,Prevalence,125,Colombia,3,Both,11,30-34 years,976,Diabetes mellitus type 2,1,Number,2023,165326.13546584832,197129.36132371187,135439.055050937
5,Prevalence,125,Colombia,3,Both,12,35-39 years,976,Diabetes mellitus type 2,1,Number,2023,206135.36467239432,240065.3088934798,175020.91661892834
5,Prevalence,125,Colombia,3,Both,13,40-44 years,976,Diabetes mellitus type 2,1,Number,2023,256977.497581011,299270.55899823795,219901.07374602137
5,Prevalence,125,Colombia,3,Both,14,45-49 years,976,Diabetes mellitus type 2,1,Number,2023,284630.56395204604,322096.82641634933,243284.5440956921
5,Prevalence,125,Colombia,3,Both,15,50-54 years,976,Diabetes mellitus type 2,1,Number,2023,340808.9892514623,378329.3291906064,300188.63025615714
5,Prevalence,125,Colombia,3,Both,16,55-59 years,976,Diabetes mellitus type 2,1,Number,2023,400018.2143003669,441461.7838569633,359806.31933529
5,Prevalence,125,Colombia,3,Both,17,60-64 years,976,Diabetes mellitus type 2,1,Number,2023,408055.6752334157,446029.1784807424,371642.3186051337
5,Prevalence,125,Colombia,3,Both,18,65-69 years,976,Diabetes mellitus type 2,1,Number,2023,362038.4839700938,392549.1164169131,329580.3013061803
5,Prevalence,125,Colombia,3,Both,19,70-74 years,976,Diabetes mellitus type 2,1,Number,2023,284551.9244290472,309976.9869937071,258114.96078735887
5,Prevalence,125,Colombia,3,Both,20,75-79 years,976,Diabetes mellitus type 2,1,Number,2023,197344.91526123116,217393.95959292856,177392.26202391484
5,Prevalence,125,Colombia,3,Both,30,80-84 years,976,Diabetes mellitus type 2,1,Number,2023,121998.96756619822,134680.03743909052,109466.98407073972
5,Prevalence,125,Colombia,3,Both,31,85-89 years,976,Diabetes mellitus type 2,1,Number,2023,64574.67503163289,71089.06843167378,58027.49025768154
5,Prevalence,125,Colombia,3,Both,32,90-94 years,976,Diabetes mellitus type 2,1,Number,2023,27662.768182390257,30744.800295199915,24744.53220740871
5,Prevalence,125,Colombia,3,Both,235,95+ years,976,Diabetes mellitus type 2,1,Number,2023,9948.489782820963,11172.2187866995,8813.679420339919
5,Prevalence,208,Guinea,3,Both,1,<5 years,976,Diabetes mellitus type 2,1,Number,2023,0.0,0.0,0.0
5,Prevalence,208,Guinea,3,Both,6,5-9 years,976,Diabetes mellitus type 2,1,Number,2023,0.0,0.0,0.0
5,Prevalence,208,Guinea,3,Both,7,10-14 years,976,Diabetes mellitus type 2,1,Number,2023,0.0,0.0,0.0
5,Prevalence,208,Guinea,3,Both,8,15-19 years,976,Diabetes mellitus type 2,1,Number,2023,17087.081548396673,21067.336191111943,13835.07379165864
5,Prevalence,208,Guinea,3,Both,9,20-24 years,976,Diabetes mellitus type 2,1,Number,2023,22801.77816791916,27034.021536421293,18973.6311898562
5,Prevalence,208,Guinea,3,Both,10,25-29 years,976,Diabetes mellitus type 2,1,Number,2023,26715.71622144936,31332.50632838135,22613.100845050543
5,Prevalence,208,Guinea,3,Both,11,30-34 years,976,Diabetes mellitus type 2,1,Number,2023,29410.8129542684,34644.54505863666,24976.053610692918
5,Prevalence,208,Guinea,3,Both,12,35-39 years,976,Diabetes mellitus type 2,1,Number,2023,29439.115210050702,34214.595721168866,25384.324720924305
5,Prevalence,208,Guinea,3,Both,13,40-44 years,976,Diabetes mellitus type 2,1,Number,2023,27626.43719734355,31834.243907411383,23573.65406761725
5,Prevalence,208,Guinea,3,Both,14,45-49 years,976,Diabetes mellitus type 2,1,Number,2023,25786.40661866757,29402.549034964733,22175.613826624063
5,Prevalence,208,Guinea,3,Both,15,50-54 years,976,Diabetes mellitus type 2,1,Number,2023,25190.3317483537,28664.10059211744,21435.479990189426
5,Prevalence,208,Guinea,3,Both,16,55-59 years,976,Diabetes mellitus type 2,1,Number,2023,23690.02367099897,26826.56685863505,20604.773238435704
5,Prevalence,208,Guinea,3,Both,17,60-64 years,976,Diabetes mellitus type 2,1,Number,2023,23343.738194038808,26524.23683481957,20598.20099750654
5,Prevalence,208,Guinea,3,Both,18,65-69 years,976,Diabetes mellitus type 2,1,Number,2023,22695.993093594217,25392.92939307936,20337.116415936944
5,Prevalence,208,Guinea,3,Both,19,70-74 years,976,Diabetes mellitus type 2,1,Number,2023,19567.364523359596,21918.93339428642,17745.912358658286
5,Prevalence,208,Guinea,3,Both,20,75-79 years,976,Diabetes mellitus type 2,1,Number,2023,12942.249110637586,14590.378233322668,11723.707731691486
5,Prevalence,208,Guinea,3,Both,30,80-84 years,976,Diabetes mellitus type 2,1,Number,2023,7308.949085956096,8168.089927896367,6662.882243775458
5,Prevalence,208,Guinea,3,Both,31,85-89 years,976,Diabetes mellitus type 2,1,Number,2023,3339.760060689826,3750.5931492440473,2983.5769016201884
5,Prevalence,208,Guinea,3,Both,32,90-94 years,976,Diabetes mellitus type 2,1,Number,2023,1290.7126930581353,1488.3511389378812,1123.0218402651285
5,Prevalence,208,Guinea,3,Both,235,95+ years,976,Diabetes mellitus type 2,1,Number,2023,407.0783394364337,497.34376183864106,341.2230801119504
5,Prevalence,44,Bosnia and Herzegovina,3,Both,1,<5 years,976,Diabetes mellitus type 2,1,Number,2023,0.0,0.0,0.0
5,Prevalence,44,Bosnia and Herzegovina,3,Both,6,5-9 years,976,Diabetes mellitus type 2,1,Number,2023,0.0,0.0,0.0
5,Prevalence,44,Bosnia and Herzegovina,3,Both,7,10-14 years,976,Diabetes mellitus type 2,1,Number,2023,0.0,0.0,0.0
5,Prevalence,44,Bosnia and Herzegovina,3,Both,8,15-19 years,976,Diabetes mellitus type 2,1,Number,2023,560.4058448936831,804.242451894683,320.78025212007475
5,Prevalence,44,Bosnia and Herzegovina,3,Both,9,20-24 years,976,Diabetes mellitus type 2,1,Number,2023,970.9016596117611,1243.5200462616017,737.9648298071021
5,Prevalence,44,Bosnia and Herzegovina,3,Both,10,25-29 years,976,Diabetes mellitus type 2,1,Number,2023,1541.6939943176096,1895.6921438468423,1227.309171950723
5,Prevalence,44,Bosnia and Herzegovina,3,Both,11,30-34 years,976,Diabetes mellitus type 2,1,Number,2023,1991.3168075669475,2434.9824287720257,1621.7703226993171
5,Prevalence,44,Bosnia and Herzegovina,3,Both,12,35-39 years,976,Diabetes mellitus type 2,1,Number,2023,3498.0929274148634,4066.984110095165,2976.2941141472456
5,Prevalence,44,Bosnia and Herzegovina,3,Both,13,40-44 years,976,Diabetes mellitus type 2,1,Number,2023,6474.022034315492,7425.928564340531,5429.744376404389
5,Prevalence,44,Bosnia and Herzegovina,3,Both,14,45-49 years,976,Diabetes mellitus type 2,1,Number,2023,11074.148762369854,13278.070142048333,9564.779308484882
5,Prevalence,44,Bosnia and Herzegovina,3,Both,15,50-54 years,976,Diabetes mellitus type 2,1,Number,2023,18377.46728383282,22452.80534291945,15555.926253990172
5,Prevalence,44,Bosnia and Herzegovina,3,Both,16,55-59 years,976,Diabetes mellitus type 2,1,Number,2023,36627.48942315474,41415.136813491685,31204.434515144185
5,Prevalence,44,Bosnia and Herzegovina,3,Both,17,60-64 years,976,Diabetes mellitus type 2,1,Number,2023,58725.51849533827,66367.01811602773,49672.220329677584
5,Prevalence,44,Bosnia and Herzegovina,3,Both,18,65-69 years,976,Diabetes mellitus type 2,1,Number,2023,65626.81761705363,73586.59658641167,56693.549171258055
5,Prevalence,44,Bosnia and Herzegovina,3,Both,19,70-74 years,976,Diabetes mellitus type 2,1,Number,2023,56343.08215691448,62082.18918547386,50399.18999828418
5,Prevalence,44,Bosnia and Herzegovina,3,Both,20,75-79 years,976,Diabetes mellitus type 2,1,Number,2023,32960.84746146492,36056.51084569047,29412.30289811205
5,Prevalence,44,Bosnia and Herzegovina,3,Both,30,80-84 years,976,Diabetes mellitus type 2,1,Number,2023,20771.357152218672,22827.493858259797,18531.87267700224
5,Prevalence,44,Bosnia and Herzegovina,3,Both,31,85-89 years,976,Diabetes mellitus type 2,1,Number,2023,11469.358587608527,12792.20853299196,10171.041710744275
5,Prevalence,44,Bosnia and Herzegovina,3,Both,32,90-94 years,976,Diabetes mellitus type 2,1,Number,2023,3579.03694606922,4014.2183960757743,3133.741270050856
5,Prevalence,44,Bosnia and Herzegovina,3,Both,235,95+ years,976,Diabetes mellitus type 2,1,Number,2023,443.1487967851771,507.888737152463,382.4214294799351
5,Prevalence,218,Togo,3,Both,1,<5 years,976,Diabetes mellitus type 2,1,Number,2023,0.0,0.0,0.0
5,Prevalence,218,Togo,3,Both,6,5-9 years,976,Diabetes mellitus type 2,1,Number,2023,0.0,0.0,0.0
5,Prevalence,218,Togo,3,Both,7,10-14 years,976,Diabetes mellitus type 2,1,Number,2023,0.0,0.0,0.0
5,Prevalence,218,Togo,3,Both,8,15-19 years,976,Diabetes mellitus type 2,1,Number,2023,8869.949236510229,10681.083821739086,7204.972668342299
5,Prevalence,218,Togo,3,Both,9,20-24 years,976,Diabetes mellitus type 2,1,Number,2023,12372.351857081618,14815.824296584384,10317.703805818255
5,Prevalence,218,Togo,3,Both,10,25-29 years,976,Diabetes mellitus type 2,1,Number,2023,14869.826205369338,17478.927468410435,12519.558815991102
5,Prevalence,218,Togo,3,Both,11,30-34 years,976,Diabetes mellitus type 2,1,Number,2023,16759.893698181328,19733.353926041567,14139.268805793105
5,Prevalence,218,Togo,3,Both,12,35-39 years,976,Diabetes mellitus type 2,1,Number,2023,18286.388917555665,21125.477094688395,15746.030746145289
5,Prevalence,218,Togo,3,Both,13,40-44 years,976,Diabetes mellitus type 2,1,Number,2023,19298.13955748007,21988.54967287986,16528.564563724627
5,Prevalence,218,Togo,3,Both,14,45-49 years,976,Diabetes mellitus type 2,1,Number,2023,19676.07073254157,22355.742959649197,16821.2766095625
5,Prevalence,218,Togo,3,Both,15,50-54 years,976,Diabetes mellitus type 2,1,Number,2023,18992.546884374176,21715.13016320201,16239.91877076963
5,Prevalence,218,Togo,3,Both,16,55-59 years,976,Diabetes mellitus type 2,1,Number,2023,18244.16249385412,21042.38967774136,15787.66090555631
5,Prevalence,218,Togo,3,Both,17,60-64 years,976,Diabetes mellitus type 2,1,Number,2023,16929.559047238927,19741.531128602583,14709.166333859994
5,Prevalence,218,Togo,3,Both,18,65-69 years,976,Diabetes mellitus type 2,1,Number,2023,15057.929103610508,17282.912061385985,13417.61310948496
5,Prevalence,218,Togo,3,Both,19,70-74 years,976,Diabetes mellitus type 2,1,Number,2023,13329.7031968412,14843.307885301076,12128.022566462074
5,Prevalence,218,Togo,3,Both,20,75-79 years,976,Diabetes mellitus type 2,1,Number,2023,7812.858807272326,8669.296328281336,7100.185216668777
5,Prevalence,218,Togo,3,Both,30,80-84 years,976,Diabetes mellitus type 2,1,Number,2023,4182.647485883455,4663.0245433277705,3786.483980089822
5,Prevalence,218,Togo,3,Both,31,85-89 years,976,Diabetes mellitus type 2,1,Number,2023,1419.4986559077788,1578.6085418547077,1263.8214295983682
5,Prevalence,218,Togo,3,Both,32,90-94 years,976,Diabetes mellitus type 2,1,Number,2023,444.79176980770507,510.8623370737421,385.5094510154238
5,Prevalence,218,Togo,3,Both,235,95+ years,976,Diabetes mellitus type 2,1,Number,2023,92.42970928557936,108.29064572546476,77.47499825653989
5,Prevalence,19,Timor-Leste,3,Both,1,<5 years,976,Diabetes mellitus type 2,1,Number,2023,0.0,0.0,0.0
5,Prevalence,19,Timor-Leste,3,Both,6,5-9 years,976,Diabetes mellitus type 2,1,Number,2023,0.0,0.0,0.0
5,Prevalence,19,Timor-Leste,3,Both,7,10-14 years,976,Diabetes mellitus type 2,1,Number,2023,0.0,0.0,0.0
5,Prevalence,19,Timor-Leste,3,Both,8,15-19 years,976,Diabetes mellitus type 2,1,Number,2023,682.5347624625342,869.957101153402,513.851513828446
5,Prevalence,19,Timor-Leste,3,Both,9,20-24 years,976,Diabetes mellitus type 2,1,Number,2023,1561.6918679787643,1941.2383262583687,1246.8364882130768
5,Prevalence,19,Timor-Leste,3,Both,10,25-29 years,976,Diabetes mellitus type 2,1,Number,2023,2212.777112878477,2668.951241955668,1826.7375744947135
5,Prevalence,19,Timor-Leste,3,Both,11,30-34 years,976,Diabetes mellitus type 2,1,Number,2023,2691.233374319957,3209.1375251989334,2254.3586632841893
5,Prevalence,19,Timor-Leste,3,Both,12,35-39 years,976,Diabetes mellitus type 2,1,Number,2023,3094.6746240346,3575.2458380815306,2642.962240827443
5,Prevalence,19,Timor-Leste,3,Both,13,40-44 years,976,Diabetes mellitus type 2,1,Number,2023,3066.3836142699606,3516.612151679816,2603.6137156770183
5,Prevalence,19,Timor-Leste,3,Both,14,45-49 years,976,Diabetes mellitus type 2,1,Number,2023,3361.792376994143,3856.466973289444,2854.507295233356
5,Prevalence,19,Timor-Leste,3,Both,15,50-54 years,976,Diabetes mellitus type 2,1,Number,2023,3948.665197116041,4554.41625536339,3364.80213736153
5,Prevalence,19,Timor-Leste,3,Both,16,55-59 years,976,Diabetes mellitus type 2,1,Number,2023,3839.884420179667,4319.000054515016,3366.775455067213
5,Prevalence,19,Timor-Leste,3,Both,17,60-64 years,976,Diabetes mellitus type 2,1,Number,2023,3263.5219418765987,3716.888818079144,2907.328946036633
5,Prevalence,19,Timor-Leste,3,Both,18,65-69 years,976,Diabetes mellitus type 2,1,Number,2023,2916.159663769725,3300.976673944463,2609.3855228778166
5,Prevalence,19,Timor-Leste,3,Both,19,70-74 years,976,Diabetes mellitus type 2,1,Number,2023,2991.687655012958,3391.532194750487,2672.945255064753
5,Prevalence,19,Timor-Leste,3,Both,20,75-79 years,976,Diabetes mellitus type 2,1,Number,2023,2241.767798722823,2550.3777508752564,1991.3640166079576
5,Prevalence,19,Timor-Leste,3,Both,30,80-84 years,976,Diabetes mellitus type 2,1,Number,2023,742.4649363081178,841.2369946235546,656.7210890896288
5,Prevalence,19,Timor-Leste,3,Both,31,85-89 years,976,Diabetes mellitus type 2,1,Number,2023,262.3532875440624,298.483717887606,227.99808249487037
5,Prevalence,19,Timor-Leste,3,Both,32,90-94 years,976,Diabetes mellitus type 2,1,Number,2023,79.8911171169126,92.64493969734951,68.14856230520515
5,Prevalence,19,Timor-Leste,3,Both,235,95+ years,976,Diabetes mellitus type 2,1,Number,2023,13.371068096459588,16.2031598388185,10.964391015448614
5,Prevalence,102,United States of America,3,Both,1,<5 years,976,Diabetes mellitus type 2,1,Number,2023,0.0,0.0,0.0
5,Prevalence,102,United States of America,3,Both,6,5-9 years,976,Diabetes mellitus type 2,1,Number,2023,0.0,0.0,0.0
5,Prevalence,102,United States of America,3,Both,7,10-14 years,976,Diabetes mellitus type 2,1,Number,2023,0.0,0.0,0.0
5,Prevalence,102,United States of America,3,Both,8,15-19 years,976,Diabetes mellitus type 2,1,Number,2023,127894.30478970076,174107.36144387888,87864.68596878822
5,Prevalence,102,United States of America,3,Both,9,20-24 years,976,Diabetes mellitus type 2,1,Number,2023,188230.33450475807,236915.27453202303,145587.19105913752
5,Prevalence,102,United States of America,3,Both,10,25-29 years,976,Diabetes mellitus type 2,1,Number,2023,299185.1157523295,357302.7160974576,245856.98020719315
5,Prevalence,102,United States of America,3,Both,11,30-34 years,976,Diabetes mellitus type 2,1,Number,2023,598876.586585866,697149.6390955376,501926.892905313
5,Prevalence,102,United States of America,3,Both,12,35-39 years,976,Diabetes mellitus type 2,1,Number,2023,1045074.9711729484,1173217.3398310526,930730.5854510948
5,Prevalence,102,United States of America,3,Both,13,40-44 years,976,Diabetes mellitus type 2,1,Number,2023,1677632.7040281687,1868072.3922486696,1504663.1829721583
5,Prevalence,102,United States of America,3,Both,14,45-49 years,976,Diabetes mellitus type 2,1,Number,2023,2264427.5616472177,2472416.9344034754,2083455.4631076497
5,Prevalence,102,United States of America,3,Both,15,50-54 years,976,Diabetes mellitus type 2,1,Number,2023,3288121.330679133,3638235.830433697,2946116.375244356
5,Prevalence,102,United States of America,3,Both,16,55-59 years,976,Diabetes mellitus type 2,1,Number,2023,4342163.105688542,4788879.864152387,3926257.1632749126
5,Prevalence,102,United States of America,3,Both,17,60-64 years,976,Diabetes mellitus type 2,1,Number,2023,5630562.644023577,6108871.873632452,5156184.042344288
5,Prevalence,102,United States of America,3,Both,18,65-69 years,976,Diabetes mellitus type 2,1,Number,2023,5949780.28708861,6400426.336956022,5506489.442009589
5,Prevalence,102,United States of America,3,Both,19,70-74 years,976,Diabetes mellitus type 2,1,Number,2023,5306693.567626246,5657186.6665336415,4946670.456382355
5,Prevalence,102,United States of America,3,Both,20,75-79 years,976,Diabetes mellitus type 2,1,Number,2023,3999129.446146642,4317812.278951962,3693057.891572277
5,Prevalence,102,United States of America,3,Both,30,80-84 years,976,Diabetes mellitus type 2,1,Number,2023,2377872.4236281826,2573837.668791247,2191857.712093089
5,Prevalence,102,United States of America,3,Both,31,85-89 years,976,Diabetes mellitus type 2,1,Number,2023,1239556.788023325,1348205.2077675182,1136543.0630405974
5,Prevalence,102,United States of America,3,Both,32,90-94 years,976,Diabetes mellitus type 2,1,Number,2023,521044.5882035311,568098.359507162,476901.98078781896
5,Prevalence,102,United States of America,3,Both,235,95+ years,976,Diabetes mellitus type 2,1,Number,2023,173995.26028203577,191141.88319940667,157774.94170420856
5,Prevalence,170,Congo,3,Both,1,<5 years,976,Diabetes mellitus type 2,1,Number,2023,0.0,0.0,0.0
5,Prevalence,170,Congo,3,Both,6,5-9 years,976,Diabetes mellitus type 2,1,Number,2023,0.0,0.0,0.0
5,Prevalence,170,Congo,3,Both,7,10-14 years,976,Diabetes mellitus type 2,1,Number,2023,0.0,0.0,0.0
5,Prevalence,170,Congo,3,Both,8,15-19 years,976,Diabetes mellitus type 2,1,Number,2023,10526.417547363351,13177.842828900511,8339.387132734762
5,Prevalence,170,Congo,3,Both,9,20-24 years,976,Diabetes mellitus type 2,1,Number,2023,16313.306556017962,19844.796137640205,13571.518776031597
5,Prevalence,170,Congo,3,Both,10,25-29 years,976,Diabetes mellitus type 2,1,Number,2023,21023.25294514478,24677.67464957096,17462.229244718077
5,Prevalence,170,Congo,3,Both,11,30-34 years,976,Diabetes mellitus type 2,1,Number,2023,25166.641362386013,29092.78989305594,21046.827033981583
5,Prevalence,170,Congo,3,Both,12,35-39 years,976,Diabetes mellitus type 2,1,Number,2023,27834.46035906248,32545.258886054093,23704.605946152067
5,Prevalence,170,Congo,3,Both,13,40-44 years,976,Diabetes mellitus type 2,1,Number,2023,29043.341647065776,33527.073370409635,24525.57582386658
5,Prevalence,170,Congo,3,Both,14,45-49 years,976,Diabetes mellitus type 2,1,Number,2023,28745.208297895184,32698.423357809323,24255.9887540184
5,Prevalence,170,Congo,3,Both,15,50-54 years,976,Diabetes mellitus type 2,1,Number,2023,25468.20803113,28658.958108130417,21530.46366589773
5,Prevalence,170,Congo,3,Both,16,55-59 years,976,Diabetes mellitus type 2,1,Number,2023,23033.189055214178,25712.54017826399,20218.80177303643
5,Prevalence,170,Congo,3,Both,17,60-64 years,976,Diabetes mellitus type 2,1,Number,2023,19787.69316508506,22719.32540554184,17304.311122584775
5,Prevalence,170,Congo,3,Both,18,65-69 years,976,Diabetes mellitus type 2,1,Number,2023,16706.169729693953,19302.33057523095,14854.957216808592
5,Prevalence,170,Congo,3,Both,19,70-74 years,976,Diabetes mellitus type 2,1,Number,2023,12645.010556144458,14217.79221750747,11377.83999833146
5,Prevalence,170,Congo,3,Both,20,75-79 years,976,Diabetes mellitus type 2,1,Number,2023,7599.164751743227,8530.641466836722,6863.927702211237
5,Prevalence,170,Congo,3,Both,30,80-84 years,976,Diabetes mellitus type 2,1,Number,2023,4239.409196539926,4773.56348615651,3786.819128546763
5,Prevalence,170,Congo,3,Both,31,85-89 years,976,Diabetes mellitus type 2,1,Number,2023,1822.486422991772,2080.7972156753394,1611.1249458203586
5,Prevalence,170,Congo,3,Both,32,90-94 years,976,Diabetes mellitus type 2,1,Number,2023,547.1535360087915,635.3762791689367,470.1448245580099
5,Prevalence,170,Congo,3,Both,235,95+ years,976,Diabetes mellitus type 2,1,Number,2023,158.08778384011788,190.46094298460764,129.27297747059987
5,Prevalence,181,Madagascar,3,Both,1,<5 years,976,Diabetes mellitus type 2,1,Number,2023,0.0,0.0,0.0
5,Prevalence,181,Madagascar,3,Both,6,5-9 years,976,Diabetes mellitus type 2,1,Number,2023,0.0,0.0,0.0
5,Prevalence,181,Madagascar,3,Both,7,10-14 years,976,Diabetes mellitus type 2,1,Number,2023,0.0,0.0,0.0
5,Prevalence,181,Madagascar,3,Both,8,15-19 years,976,Diabetes mellitus type 2,1,Number,2023,25469.05931977144,32005.83944966564,20033.14271854296
5,Prevalence,181,Madagascar,3,Both,9,20-24 years,976,Diabetes mellitus type 2,1,Number,2023,34189.20348274305,41001.82912264863,28002.00362335611
5,Prevalence,181,Madagascar,3,Both,10,25-29 years,976,Diabetes mellitus type 2,1,Number,2023,36494.92649980806,43320.95293273655,30147.8462362058
5,Prevalence,181,Madagascar,3,Both,11,30-34 years,976,Diabetes mellitus type 2,1,Number,2023,38710.91088655352,45794.13685640748,31943.712093768816
5,Prevalence,181,Madagascar,3,Both,12,35-39 years,976,Diabetes mellitus type 2,1,Number,2023,39391.46326620874,45226.70961186715,33844.475470062665
5,Prevalence,181,Madagascar,3,Both,13,40-44 years,976,Diabetes mellitus type 2,1,Number,2023,44671.49873473941,51556.09721283535,38022.45153416161
5,Prevalence,181,Madagascar,3,Both,14,45-49 years,976,Diabetes mellitus type 2,1,Number,2023,46251.21824277374,52738.38787377627,39561.15213594992
5,Prevalence,181,Madagascar,3,Both,15,50-54 years,976,Diabetes mellitus type 2,1,Number,2023,44830.69561794774,51944.17146544997,37548.34833703899
5,Prevalence,181,Madagascar,3,Both,16,55-59 years,976,Diabetes mellitus type 2,1,Number,2023,41706.29305441212,48126.20621899924,35508.01193371124
5,Prevalence,181,Madagascar,3,Both,17,60-64 years,976,Diabetes mellitus type 2,1,Number,2023,40010.87855053078,46903.05429858255,34503.74134633338
5,Prevalence,181,Madagascar,3,Both,18,65-69 years,976,Diabetes mellitus type 2,1,Number,2023,41634.41113547313,46824.5988200775,36985.11771375347
5,Prevalence,181,Madagascar,3,Both,19,70-74 years,976,Diabetes mellitus type 2,1,Number,2023,31111.296997357607,35026.43310868976,27887.934871164925
5,Prevalence,181,Madagascar,3,Both,20,75-79 years,976,Diabetes mellitus type 2,1,Number,2023,17653.186334721908,19882.38873766724,15883.480955672982
5,Prevalence,181,Madagascar,3,Both,30,80-84 years,976,Diabetes mellitus type 2,1,Number,2023,8751.383643795569,9950.407023732329,7882.842648870652
5,Prevalence,181,Madagascar,3,Both,31,85-89 years,976,Diabetes mellitus type 2,1,Number,2023,3964.663155589715,4522.536607589775,3505.0429309429883
5,Prevalence,181,Madagascar,3,Both,32,90-94 years,976,Diabetes mellitus type 2,1,Number,2023,925.804909049446,1079.5005542712186,805.1793779302906
5,Prevalence,181,Madagascar,3,Both,235,95+ years,976,Diabetes mellitus type 2,1,Number,2023,114.34945574334058,139.21195217509603,96.15795992283374
5,Prevalence,376,Northern Mariana Islands,3,Both,1,<5 years,976,Diabetes mellitus type 2,1,Number,2023,0.0,0.0,0.0
5,Prevalence,376,Northern Mariana Islands,3,Both,6,5-9 years,976,Diabetes mellitus type 2,1,Number,2023,0.0,0.0,0.0
5,Prevalence,376,Northern Mariana Islands,3,Both,7,10-14 years,976,Diabetes mellitus type 2,1,Number,2023,0.0,0.0,0.0
5,Prevalence,376,Northern Mariana Islands,3,Both,8,15-19 years,976,Diabetes mellitus type 2,1,Number,2023,48.22138054455334,62.66749251538156,38.282258023989584
5,Prevalence,376,Northern Mariana Islands,3,Both,9,20-24 years,976,Diabetes mellitus type 2,1,Number,2023,147.3334460357307,179.0434140601698,114.89314849935676
5,Prevalence,376,Northern Mariana Islands,3,Both,10,25-29 years,976,Diabetes mellitus type 2,1,Number,2023,178.60249777042682,211.2352564436789,145.69965941663833
5,Prevalence,376,Northern Mariana Islands,3,Both,11,30-34 years,976,Diabetes mellitus type 2,1,Number,2023,308.2641099726404,361.21435775932713,257.6320802498856
5,Prevalence,376,Northern Mariana Islands,3,Both,12,35-39 years,976,Diabetes mellitus type 2,1,Number,2023,393.4129763065871,449.01669923721727,340.5145294220963
5,Prevalence,376,Northern Mariana Islands,3,Both,13,40-44 years,976,Diabetes mellitus type 2,1,Number,2023,520.1980312648848,594.2658772738141,448.1127896897912
5,Prevalence,376,Northern Mariana Islands,3,Both,14,45-49 years,976,Diabetes mellitus type 2,1,Number,2023,825.7218381333456,933.6606053628186,729.4815643625781
5,Prevalence,376,Northern Mariana Islands,3,Both,15,50-54 years,976,Diabetes mellitus type 2,1,Number,2023,892.6094991171586,993.0749093015048,791.5652035309712
5,Prevalence,376,Northern Mariana Islands,3,Both,16,55-59 years,976,Diabetes mellitus type 2,1,Number,2023,1056.3714711382872,1174.8680257014346,952.9365689738636
5,Prevalence,376,Northern Mariana Islands,3,Both,17,60-64 years,976,Diabetes mellitus type 2,1,Number,2023,866.1378194682724,946.1819442589376,785.5779000024552
5,Prevalence,376,Northern Mariana Islands,3,Both,18,65-69 years,976,Diabetes mellitus type 2,1,Number,2023,487.7892999558474,534.9559146009865,447.4374232808147
5,Prevalence,376,Northern Mariana Islands,3,Both,19,70-74 years,976,Diabetes mellitus type 2,1,Number,2023,402.5134725216456,440.06314481126446,368.07928274681774
5,Prevalence,376,Northern Mariana Islands,3,Both,20,75-79 years,976,Diabetes mellitus type 2,1,Number,2023,60.17576056829964,66.73184235864805,54.86147517141013
5,Prevalence,376,Northern Mariana Islands,3,Both,30,80-84 years,976,Diabetes mellitus type 2,1,Number,2023,50.4270693442507,55.98288660314988,45.31262328122786
5,Prevalence,376,Northern Mariana Islands,3,Both,31,85-89 years,976,Diabetes mellitus type 2,1,Number,2023,17.89821532159873,19.97036947417851,15.659277315489383
5,Prevalence,376,Northern Mariana Islands,3,Both,32,90-94 years,976,Diabetes mellitus type 2,1,Number,2023,5.838081891047185,6.679020981658941,4.967856728900296
5,Prevalence,376,Northern Mariana Islands,3,Both,235,95+ years,976,Diabetes mellitus type 2,1,Number,2023,0.4689760729855762,0.5570730146908318,0.3846939684832362
5,Prevalence,62,Russian Federation,3,Both,1,<5 years,976,Diabetes mellitus type 2,1,Number,2023,0.0,0.0,0.0
5,Prevalence,62,Russian Federation,3,Both,6,5-9 years,976,Diabetes mellitus type 2,1,Number,2023,0.0,0.0,0.0
5,Prevalence,62,Russian Federation,3,Both,7,10-14 years,976,Diabetes mellitus type 2,1,Number,2023,0.0,0.0,0.0
5,Prevalence,62,Russian Federation,3,Both,8,15-19 years,976,Diabetes mellitus type 2,1,Number,2023,17758.255247545305,27984.56585802116,7775.121099839457
5,Prevalence,62,Russian Federation,3,Both,9,20-24 years,976,Diabetes mellitus type 2,1,Number,2023,40374.44194427724,53728.920907005406,28194.79933851448
5,Prevalence,62,Russian Federation,3,Both,10,25-29 years,976,Diabetes mellitus type 2,1,Number,2023,64685.9769471046,82566.71555343467,49398.07601265831
5,Prevalence,62,Russian Federation,3,Both,11,30-34 years,976,Diabetes mellitus type 2,1,Number,2023,133033.42572576585,165766.90727823443,104616.2677076455
5,Prevalence,62,Russian Federation,3,Both,12,35-39 years,976,Diabetes mellitus type 2,1,Number,2023,256820.5241328817,311877.0875540523,208921.0015907232
5,Prevalence,62,Russian Federation,3,Both,13,40-44 years,976,Diabetes mellitus type 2,1,Number,2023,357575.9948610857,430746.32944919576,294595.1831725861
5,Prevalence,62,Russian Federation,3,Both,14,45-49 years,976,Diabetes mellitus type 2,1,Number,2023,492664.1854700273,578229.2163163656,403854.2700839302
5,Prevalence,62,Russian Federation,3,Both,15,50-54 years,976,Diabetes mellitus type 2,1,Number,2023,678919.0384529632,812582.3343234521,556041.6799867668
5,Prevalence,62,Russian Federation,3,Both,16,55-59 years,976,Diabetes mellitus type 2,1,Number,2023,948250.0417317617,1093707.0656193015,822291.8644841625
5,Prevalence,62,Russian Federation,3,Both,17,60-64 years,976,Diabetes mellitus type 2,1,Number,2023,1543187.3177735098,1763447.0306870742,1343310.2907680485
5,Prevalence,62,Russian Federation,3,Both,18,65-69 years,976,Diabetes mellitus type 2,1,Number,2023,1688423.395207998,1902922.4623184176,1481169.997940304
5,Prevalence,62,Russian Federation,3,Both,19,70-74 years,976,Diabetes mellitus type 2,1,Number,2023,1409489.8904492955,1595083.7992220065,1252710.3652003426
5,Prevalence,62,Russian Federation,3,Both,20,75-79 years,976,Diabetes mellitus type 2,1,Number,2023,706265.6784354537,794811.0778776477,627008.9181283363
5,Prevalence,62,Russian Federation,3,Both,30,80-84 years,976,Diabetes mellitus type 2,1,Number,2023,510157.7800777806,575558.4292228315,448860.0920046122
5,Prevalence,62,Russian Federation,3,Both,31,85-89 years,976,Diabetes mellitus type 2,1,Number,2023,272946.965224174,309799.63784858043,238971.6388717763
5,Prevalence,62,Russian Federation,3,Both,32,90-94 years,976,Diabetes mellitus type 2,1,Number,2023,68465.54089265832,78771.89600522896,59137.941737598645
5,Prevalence,62,Russian Federation,3,Both,235,95+ years,976,Diabetes mellitus type 2,1,Number,2023,15374.5228921047,17798.273922795335,13081.789331125854
5,Prevalence,197,Eswatini,3,Both,1,<5 years,976,Diabetes mellitus type 2,1,Number,2023,0.0,0.0,0.0
5,Prevalence,197,Eswatini,3,Both,6,5-9 years,976,Diabetes mellitus type 2,1,Number,2023,0.0,0.0,0.0
5,Prevalence,197,Eswatini,3,Both,7,10-14 years,976,Diabetes mellitus type 2,1,Number,2023,0.0,0.0,0.0
5,Prevalence,197,Eswatini,3,Both,8,15-19 years,976,Diabetes mellitus type 2,1,Number,2023,1479.245442079438,1853.153004470796,1184.2373495193774
5,Prevalence,197,Eswatini,3,Both,9,20-24 years,976,Diabetes mellitus type 2,1,Number,2023,2218.491852231825,2692.401033456569,1833.4757560888013
5,Prevalence,197,Eswatini,3,Both,10,25-29 years,976,Diabetes mellitus type 2,1,Number,2023,2867.583513565688,3406.894734645391,2388.06753402248
5,Prevalence,197,Eswatini,3,Both,11,30-34 years,976,Diabetes mellitus type 2,1,Number,2023,3500.2820664927804,4195.799597753397,2921.051132196285
5,Prevalence,197,Eswatini,3,Both,12,35-39 years,976,Diabetes mellitus type 2,1,Number,2023,4191.881618535819,4876.853420358493,3571.8761637927814
5,Prevalence,197,Eswatini,3,Both,13,40-44 years,976,Diabetes mellitus type 2,1,Number,2023,4544.486240941738,5275.530105925182,3805.8983772356273
5,Prevalence,197,Eswatini,3,Both,14,45-49 years,976,Diabetes mellitus type 2,1,Number,2023,4452.796866681558,5167.580390940149,3709.7237644520255
5,Prevalence,197,Eswatini,3,Both,15,50-54 years,976,Diabetes mellitus type 2,1,Number,2023,4515.488083450073,5330.718947110392,3792.499288446604
5,Prevalence,197,Eswatini,3,Both,16,55-59 years,976,Diabetes mellitus type 2,1,Number,2023,4920.112965974706,5626.485749496907,4297.327292469043
5,Prevalence,197,Eswatini,3,Both,17,60-64 years,976,Diabetes mellitus type 2,1,Number,2023,5342.194872742269,6126.796042208122,4696.289984195886
5,Prevalence,197,Eswatini,3,Both,18,65-69 years,976,Diabetes mellitus type 2,1,Number,2023,5191.9676121729,5874.773908717719,4686.400918504529
5,Prevalence,197,Eswatini,3,Both,19,70-74 years,976,Diabetes mellitus type 2,1,Number,2023,4347.869464799497,4850.409741827569,3957.5947542471768
5,Prevalence,197,Eswatini,3,Both,20,75-79 years,976,Diabetes mellitus type 2,1,Number,2023,3109.974330026765,3498.0296723912343,2804.490397706593
5,Prevalence,197,Eswatini,3,Both,30,80-84 years,976,Diabetes mellitus type 2,1,Number,2023,1873.3958196467347,2122.229827387461,1680.5201359520895
5,Prevalence,197,Eswatini,3,Both,31,85-89 years,976,Diabetes mellitus type 2,1,Number,2023,781.2010824774344,894.2956636139983,684.5578434402025
5,Prevalence,197,Eswatini,3,Both,32,90-94 years,976,Diabetes mellitus type 2,1,Number,2023,230.63535934195176,269.0209005259011,195.3479609471062
5,Prevalence,197,Eswatini,3,Both,235,95+ years,976,Diabetes mellitus type 2,1,Number,2023,73.94647704738756,90.55282216005328,59.52231492146331
5,Prevalence,150,Oman,3,Both,1,<5 years,976,Diabetes mellitus type 2,1,Number,2023,0.0,0.0,0.0
5,Prevalence,150,Oman,3,Both,6,5-9 years,976,Diabetes mellitus type 2,1,Number,2023,0.0,0.0,0.0
5,Prevalence,150,Oman,3,Both,7,10-14 years,976,Diabetes mellitus type 2,1,Number,2023,0.0,0.0,0.0
5,Prevalence,150,Oman,3,Both,8,15-19 years,976,Diabetes mellitus type 2,1,Number,2023,2452.673364957197,3244.5380658343174,1865.5983718997968
5,Prevalence,150,Oman,3,Both,9,20-24 years,976,Diabetes mellitus type 2,1,Number,2023,9926.50342537465,12203.806214075015,7969.787746812455
5,Prevalence,150,Oman,3,Both,10,25-29 years,976,Diabetes mellitus type 2,1,Number,2023,26971.80981808877,32467.862183034937,22476.655850269057
5,Prevalence,150,Oman,3,Both,11,30-34 years,976,Diabetes mellitus type 2,1,Number,2023,51480.35972238634,60339.537251536894,42035.277750890906
5,Prevalence,150,Oman,3,Both,12,35-39 years,976,Diabetes mellitus type 2,1,Number,2023,68675.16441176814,78508.1628129693,58857.3749944112
5,Prevalence,150,Oman,3,Both,13,40-44 years,976,Diabetes mellitus type 2,1,Number,2023,74339.94112209904,84759.92467762402,64175.21866980723
5,Prevalence,150,Oman,3,Both,14,45-49 years,976,Diabetes mellitus type 2,1,Number,2023,65734.76488851661,74367.2954057485,57823.08316650723
5,Prevalence,150,Oman,3,Both,15,50-54 years,976,Diabetes mellitus type 2,1,Number,2023,54765.28418096237,61311.926130689455,49449.11184473024
5,Prevalence,150,Oman,3,Both,16,55-59 years,976,Diabetes mellitus type 2,1,Number,2023,41523.31127425475,46419.56606475152,37664.74141754677
5,Prevalence,150,Oman,3,Both,17,60-64 years,976,Diabetes mellitus type 2,1,Number,2023,31951.13625674505,35649.371953106376,28981.93620042604
5,Prevalence,150,Oman,3,Both,18,65-69 years,976,Diabetes mellitus type 2,1,Number,2023,20180.021178590167,22299.880718186,18196.173909739504
5,Prevalence,150,Oman,3,Both,19,70-74 years,976,Diabetes mellitus type 2,1,Number,2023,12687.707560333589,13994.256185520257,11605.9591521552
5,Prevalence,150,Oman,3,Both,20,75-79 years,976,Diabetes mellitus type 2,1,Number,2023,7588.091179876119,8404.588881767408,6956.740324603418
5,Prevalence,150,Oman,3,Both,30,80-84 years,976,Diabetes mellitus type 2,1,Number,2023,4423.7619280640965,4938.5737995146055,4016.3918150989766
5,Prevalence,150,Oman,3,Both,31,85-89 years,976,Diabetes mellitus type 2,1,Number,2023,1165.254361486055,1301.4152623566329,1038.875594414563
5,Prevalence,150,Oman,3,Both,32,90-94 years,976,Diabetes mellitus type 2,1,Number,2023,326.81895907015786,372.94253332355663,281.6978137823074
5,Prevalence,150,Oman,3,Both,235,95+ years,976,Diabetes mellitus type 2,1,Number,2023,39.49358871614404,47.06904882287709,32.39519037986411
5,Prevalence,161,Bangladesh,3,Both,1,<5 years,976,Diabetes mellitus type 2,1,Number,2023,0.0,0.0,0.0
5,Prevalence,161,Bangladesh,3,Both,6,5-9 years,976,Diabetes mellitus type 2,1,Number,2023,0.0,0.0,0.0
5,Prevalence,161,Bangladesh,3,Both,7,10-14 years,976,Diabetes mellitus type 2,1,Number,2023,0.0,0.0,0.0
5,Prevalence,161,Bangladesh,3,Both,8,15-19 years,976,Diabetes mellitus type 2,1,Number,2023,199714.0261679754,253805.06331299015,158543.9898833099
5,Prevalence,161,Bangladesh,3,Both,9,20-24 years,976,Diabetes mellitus type 2,1,Number,2023,347565.76009624155,425575.180837456,285924.85309584864
5,Prevalence,161,Bangladesh,3,Both,10,25-29 years,976,Diabetes mellitus type 2,1,Number,2023,516657.2868774842,617367.2013893116,435984.9430782497
5,Prevalence,161,Bangladesh,3,Both,11,30-34 years,976,Diabetes mellitus type 2,1,Number,2023,726150.9737192716,843985.3332698452,604725.584693175
5,Prevalence,161,Bangladesh,3,Both,12,35-39 years,976,Diabetes mellitus type 2,1,Number,2023,928840.565449466,1043893.5166115996,803670.1242093352
5,Prevalence,161,Bangladesh,3,Both,13,40-44 years,976,Diabetes mellitus type 2,1,Number,2023,1038904.9226711958,1176905.2826792216,898905.5082146795
5,Prevalence,161,Bangladesh,3,Both,14,45-49 years,976,Diabetes mellitus type 2,1,Number,2023,1115195.672697981,1235364.1900286395,990388.885242872
5,Prevalence,161,Bangladesh,3,Both,15,50-54 years,976,Diabetes mellitus type 2,1,Number,2023,1143319.3707833504,1262345.879489041,1015585.0361881248
5,Prevalence,161,Bangladesh,3,Both,16,55-59 years,976,Diabetes mellitus type 2,1,Number,2023,1114833.6707253575,1219497.8560469016,1013181.7497031346
5,Prevalence,161,Bangladesh,3,Both,17,60-64 years,976,Diabetes mellitus type 2,1,Number,2023,1069334.03574441,1184217.1372267343,977349.7652068576
5,Prevalence,161,Bangladesh,3,Both,18,65-69 years,976,Diabetes mellitus type 2,1,Number,2023,906995.0203218228,1007471.7871490231,831910.4397449265
5,Prevalence,161,Bangladesh,3,Both,19,70-74 years,976,Diabetes mellitus type 2,1,Number,2023,574971.2313859125,634877.0057232191,526241.0886715157
5,Prevalence,161,Bangladesh,3,Both,20,75-79 years,976,Diabetes mellitus type 2,1,Number,2023,354196.09999150963,394344.8101374113,325832.11979288247
5,Prevalence,161,Bangladesh,3,Both,30,80-84 years,976,Diabetes mellitus type 2,1,Number,2023,195661.7118045616,219358.99765381945,177887.03216673
5,Prevalence,161,Bangladesh,3,Both,31,85-89 years,976,Diabetes mellitus type 2,1,Number,2023,66700.61737279745,75040.00699436365,59897.7706282584
5,Prevalence,161,Bangladesh,3,Both,32,90-94 years,976,Diabetes mellitus type 2,1,Number,2023,15702.915538561134,17977.998732923057,13882.23461771872
5,Prevalence,161,Bangladesh,3,Both,235,95+ years,976,Diabetes mellitus type 2,1,Number,2023,2288.67718699953,2743.934043707752,1945.0551279138297
5,Prevalence,66,Brunei Darussalam,3,Both,1,<5 years,976,Diabetes mellitus type 2,1,Number,2023,0.0,0.0,0.0
5,Prevalence,66,Brunei Darussalam,3,Both,6,5-9 years,976,Diabetes mellitus type 2,1,Number,2023,0.0,0.0,0.0
5,Prevalence,66,Brunei Darussalam,3,Both,7,10-14 years,976,Diabetes mellitus type 2,1,Number,2023,0.0,0.0,0.0
5,Prevalence,66,Brunei Darussalam,3,Both,8,15-19 years,976,Diabetes mellitus type 2,1,Number,2023,121.79906549437814,160.39552943007695,88.94983252922145
5,Prevalence,66,Brunei Darussalam,3,Both,9,20-24 years,976,Diabetes mellitus type 2,1,Number,2023,551.913107455914,689.9454740020117,436.0684339462039
5,Prevalence,66,Brunei Darussalam,3,Both,10,25-29 years,976,Diabetes mellitus type 2,1,Number,2023,1070.8081715897945,1269.0482930646976,875.4422116749375
5,Prevalence,66,Brunei Darussalam,3,Both,11,30-34 years,976,Diabetes mellitus type 2,1,Number,2023,1571.957058995741,1857.5825490071572,1320.3160219627753
5,Prevalence,66,Brunei Darussalam,3,Both,12,35-39 years,976,Diabetes mellitus type 2,1,Number,2023,2401.9977481796923,2728.74848304136,2090.01540117401
5,Prevalence,66,Brunei Darussalam,3,Both,13,40-44 years,976,Diabetes mellitus type 2,1,Number,2023,3407.573820687792,3885.470789385596,2933.6462201493005
5,Prevalence,66,Brunei Darussalam,3,Both,14,45-49 years,976,Diabetes mellitus type 2,1,Number,2023,4441.4396289346005,5085.625027107682,3907.42524662349
5,Prevalence,66,Brunei Darussalam,3,Both,15,50-54 years,976,Diabetes mellitus type 2,1,Number,2023,5355.822287249191,6139.52990660511,4754.754040399794
5,Prevalence,66,Brunei Darussalam,3,Both,16,55-59 years,976,Diabetes mellitus type 2,1,Number,2023,5346.8064975282205,5940.479442321392,4885.935181825122
5,Prevalence,66,Brunei Darussalam,3,Both,17,60-64 years,976,Diabetes mellitus type 2,1,Number,2023,5249.4722410687245,5796.847858034287,4792.217015512837
5,Prevalence,66,Brunei Darussalam,3,Both,18,65-69 years,976,Diabetes mellitus type 2,1,Number,2023,4294.275267227926,4784.005761537792,3877.251230803457
5,Prevalence,66,Brunei Darussalam,3,Both,19,70-74 years,976,Diabetes mellitus type 2,1,Number,2023,2856.086102373669,3192.742683449748,2592.0048670800725
5,Prevalence,66,Brunei Darussalam,3,Both,20,75-79 years,976,Diabetes mellitus type 2,1,Number,2023,1358.3511175710703,1517.9716118360448,1238.1506169850768
5,Prevalence,66,Brunei Darussalam,3,Both,30,80-84 years,976,Diabetes mellitus type 2,1,Number,2023,813.5699831911896,914.2668341637192,740.8112550218991
5,Prevalence,66,Brunei Darussalam,3,Both,31,85-89 years,976,Diabetes mellitus type 2,1,Number,2023,307.27418068189206,348.30547554957565,274.7259437615499
5,Prevalence,66,Brunei Darussalam,3,Both,32,90-94 years,976,Diabetes mellitus type 2,1,Number,2023,84.95952040721289,98.66326388862603,75.19555211842642
5,Prevalence,66,Brunei Darussalam,3,Both,235,95+ years,976,Diabetes mellitus type 2,1,Number,2023,17.966992316707753,21.236287958229504,15.071891957354818
5,Prevalence,147,Libya,3,Both,1,<5 years,976,Diabetes mellitus type 2,1,Number,2023,0.0,0.0,0.0
5,Prevalence,147,Libya,3,Both,6,5-9 years,976,Diabetes mellitus type 2,1,Number,2023,0.0,0.0,0.0
5,Prevalence,147,Libya,3,Both,7,10-14 years,976,Diabetes mellitus type 2,1,Number,2023,0.0,0.0,0.0
5,Prevalence,147,Libya,3,Both,8,15-19 years,976,Diabetes mellitus type 2,1,Number,2023,7043.027419743569,9540.452457754272,5043.871010594506
5,Prevalence,147,Libya,3,Both,9,20-24 years,976,Diabetes mellitus type 2,1,Number,2023,28906.076196957765,37158.601971412834,21984.10769332341
5,Prevalence,147,Libya,3,Both,10,25-29 years,976,Diabetes mellitus type 2,1,Number,2023,46541.75509530088,57066.07406505168,37453.88526430727
5,Prevalence,147,Libya,3,Both,11,30-34 years,976,Diabetes mellitus type 2,1,Number,2023,61945.0566246842,74691.62266963227,50158.69084087175
5,Prevalence,147,Libya,3,Both,12,35-39 years,976,Diabetes mellitus type 2,1,Number,2023,91445.621921113,106726.27100118063,79334.23244133452
5,Prevalence,147,Libya,3,Both,13,40-44 years,976,Diabetes mellitus type 2,1,Number,2023,117135.33650388476,137091.59545223374,99656.3930224102
5,Prevalence,147,Libya,3,Both,14,45-49 years,976,Diabetes mellitus type 2,1,Number,2023,144574.14496673885,163946.19754329542,124812.45338033976
5,Prevalence,147,Libya,3,Both,15,50-54 years,976,Diabetes mellitus type 2,1,Number,2023,148133.3250804979,166137.8650331184,130442.9695552628
5,Prevalence,147,Libya,3,Both,16,55-59 years,976,Diabetes mellitus type 2,1,Number,2023,122269.69691469,135873.62150107618,108933.83629686652
5,Prevalence,147,Libya,3,Both,17,60-64 years,976,Diabetes mellitus type 2,1,Number,2023,91102.98600477893,101827.1784653042,82361.16993704802
5,Prevalence,147,Libya,3,Both,18,65-69 years,976,Diabetes mellitus type 2,1,Number,2023,61158.221199949934,68463.57973991986,55311.98430520622
5,Prevalence,147,Libya,3,Both,19,70-74 years,976,Diabetes mellitus type 2,1,Number,2023,40217.81497842874,44778.72191415171,36369.85408763879
5,Prevalence,147,Libya,3,Both,20,75-79 years,976,Diabetes mellitus type 2,1,Number,2023,27140.6742248402,30320.35928228422,24556.15060408308
5,Prevalence,147,Libya,3,Both,30,80-84 years,976,Diabetes mellitus type 2,1,Number,2023,16087.756945650077,17953.06960032661,14447.691638777573
5,Prevalence,147,Libya,3,Both,31,85-89 years,976,Diabetes mellitus type 2,1,Number,2023,7860.556449090363,8820.384096423064,7008.911844638742
5,Prevalence,147,Libya,3,Both,32,90-94 years,976,Diabetes mellitus type 2,1,Number,2023,2526.7101186550603,2844.52612670943,2230.83863751342
5,Prevalence,147,Libya,3,Both,235,95+ years,976,Diabetes mellitus type 2,1,Number,2023,552.3013594692757,627.6902873966139,477.3302796341484
5,Prevalence,171,Democratic Republic of the Congo,3,Both,1,<5 years,976,Diabetes mellitus type 2,1,Number,2023,0.0,0.0,0.0
5,Prevalence,171,Democratic Republic of the Congo,3,Both,6,5-9 years,976,Diabetes mellitus type 2,1,Number,2023,0.0,0.0,0.0
5,Prevalence,171,Democratic Republic of the Congo,3,Both,7,10-14 years,976,Diabetes mellitus type 2,1,Number,2023,0.0,0.0,0.0
5,Prevalence,171,Democratic Republic of the Congo,3,Both,8,15-19 years,976,Diabetes mellitus type 2,1,Number,2023,139031.75949939294,173794.13099389098,110921.78572071625
5,Prevalence,171,Democratic Republic of the Congo,3,Both,9,20-24 years,976,Diabetes mellitus type 2,1,Number,2023,202963.03049994603,248646.38971777185,167458.26253386604
5,Prevalence,171,Democratic Republic of the Congo,3,Both,10,25-29 years,976,Diabetes mellitus type 2,1,Number,2023,245445.1633951121,290302.1080470339,206383.7051453608
5,Prevalence,171,Democratic Republic of the Congo,3,Both,11,30-34 years,976,Diabetes mellitus type 2,1,Number,2023,272897.4578104375,315244.8343829275,227797.8690909648
5,Prevalence,171,Democratic Republic of the Congo,3,Both,12,35-39 years,976,Diabetes mellitus type 2,1,Number,2023,290754.0547524534,332686.9236277905,251310.44789093715
5,Prevalence,171,Democratic Republic of the Congo,3,Both,13,40-44 years,976,Diabetes mellitus type 2,1,Number,2023,294827.66984743864,335792.4301979933,252556.60632733244
5,Prevalence,171,Democratic Republic of the Congo,3,Both,14,45-49 years,976,Diabetes mellitus type 2,1,Number,2023,293925.92525852926,331708.34953708044,250250.07173233252
5,Prevalence,171,Democratic Republic of the Congo,3,Both,15,50-54 years,976,Diabetes mellitus type 2,1,Number,2023,297496.3952036529,341184.3829286285,256574.87135792
5,Prevalence,171,Democratic Republic of the Congo,3,Both,16,55-59 years,976,Diabetes mellitus type 2,1,Number,2023,293243.54184636334,333525.2848053846,258079.60686163005
5,Prevalence,171,Democratic Republic of the Congo,3,Both,17,60-64 years,976,Diabetes mellitus type 2,1,Number,2023,272703.3216890524,319177.99364098755,239000.07143782984
5,Prevalence,171,Democratic Republic of the Congo,3,Both,18,65-69 years,976,Diabetes mellitus type 2,1,Number,2023,228600.71892989875,262311.8637283684,203284.7546229261
5,Prevalence,171,Democratic Republic of the Congo,3,Both,19,70-74 years,976,Diabetes mellitus type 2,1,Number,2023,164163.06200779803,183456.6332247378,148242.08403799456
5,Prevalence,171,Democratic Republic of the Congo,3,Both,20,75-79 years,976,Diabetes mellitus type 2,1,Number,2023,95401.15087478416,108200.2045606854,85824.19466832941
5,Prevalence,171,Democratic Republic of the Congo,3,Both,30,80-84 years,976,Diabetes mellitus type 2,1,Number,2023,48615.23503866375,55154.44606619233,43003.63894002211
5,Prevalence,171,Democratic Republic of the Congo,3,Both,31,85-89 years,976,Diabetes mellitus type 2,1,Number,2023,20408.48891713329,23243.327880284785,17854.09205175064
5,Prevalence,171,Democratic Republic of the Congo,3,Both,32,90-94 years,976,Diabetes mellitus type 2,1,Number,2023,6190.714914273516,7139.996837361658,5298.006091018309
5,Prevalence,171,Democratic Republic of the Congo,3,Both,235,95+ years,976,Diabetes mellitus type 2,1,Number,2023,1694.3964081434071,2029.915158479416,1389.9073244072083
5,Prevalence,30,Vanuatu,3,Both,1,<5 years,976,Diabetes mellitus type 2,1,Number,2023,0.0,0.0,0.0
5,Prevalence,30,Vanuatu,3,Both,6,5-9 years,976,Diabetes mellitus type 2,1,Number,2023,0.0,0.0,0.0
5,Prevalence,30,Vanuatu,3,Both,7,10-14 years,976,Diabetes mellitus type 2,1,Number,2023,0.0,0.0,0.0
5,Prevalence,30,Vanuatu,3,Both,8,15-19 years,976,Diabetes mellitus type 2,1,Number,2023,315.0547486803828,404.9577811723778,248.38571898171324
5,Prevalence,30,Vanuatu,3,Both,9,20-24 years,976,Diabetes mellitus type 2,1,Number,2023,901.4618069358528,1106.845286168373,733.1037970413371
5,Prevalence,30,Vanuatu,3,Both,10,25-29 years,976,Diabetes mellitus type 2,1,Number,2023,1322.472070018181,1561.068077705654,1095.480021067981
5,Prevalence,30,Vanuatu,3,Both,11,30-34 years,976,Diabetes mellitus type 2,1,Number,2023,1533.6728904178158,1816.714038959286,1292.6026685264624
5,Prevalence,30,Vanuatu,3,Both,12,35-39 years,976,Diabetes mellitus type 2,1,Number,2023,1888.290692917623,2182.3115792375334,1622.6800798668094
5,Prevalence,30,Vanuatu,3,Both,13,40-44 years,976,Diabetes mellitus type 2,1,Number,2023,2417.1270219674298,2818.290376588786,2086.1532375055613
5,Prevalence,30,Vanuatu,3,Both,14,45-49 years,976,Diabetes mellitus type 2,1,Number,2023,2871.716914020569,3306.089177954924,2536.021480280144
5,Prevalence,30,Vanuatu,3,Both,15,50-54 years,976,Diabetes mellitus type 2,1,Number,2023,2948.377286254462,3277.335876707401,2564.803770455728
5,Prevalence,30,Vanuatu,3,Both,16,55-59 years,976,Diabetes mellitus type 2,1,Number,2023,2690.2678534063543,2945.256843922609,2386.4018204234244
5,Prevalence,30,Vanuatu,3,Both,17,60-64 years,976,Diabetes mellitus type 2,1,Number,2023,2191.582064310225,2399.1724596830563,1969.329385208504
5,Prevalence,30,Vanuatu,3,Both,18,65-69 years,976,Diabetes mellitus type 2,1,Number,2023,1687.2654600999272,1839.7294327314053,1520.3433908847087
5,Prevalence,30,Vanuatu,3,Both,19,70-74 years,976,Diabetes mellitus type 2,1,Number,2023,1075.281550148764,1175.3047535199996,980.676814580683
5,Prevalence,30,Vanuatu,3,Both,20,75-79 years,976,Diabetes mellitus type 2,1,Number,2023,603.7283568212638,666.892382536342,544.2952403496381
5,Prevalence,30,Vanuatu,3,Both,30,80-84 years,976,Diabetes mellitus type 2,1,Number,2023,320.8102990787925,358.8121660142306,288.7657666016828
5,Prevalence,30,Vanuatu,3,Both,31,85-89 years,976,Diabetes mellitus type 2,1,Number,2023,138.48156498107102,155.7810560313646,122.0442851423798
5,Prevalence,30,Vanuatu,3,Both,32,90-94 years,976,Diabetes mellitus type 2,1,Number,2023,41.51229582506853,47.51469709365129,35.53904736988966
5,Prevalence,30,Vanuatu,3,Both,235,95+ years,976,Diabetes mellitus type 2,1,Number,2023,10.02811664612291,11.943058502737742,8.173400353716906
5,Prevalence,67,Japan,3,Both,1,<5 years,976,Diabetes mellitus type 2,1,Number,2023,0.0,0.0,0.0
5,Prevalence,67,Japan,3,Both,6,5-9 years,976,Diabetes mellitus type 2,1,Number,2023,0.0,0.0,0.0
5,Prevalence,67,Japan,3,Both,7,10-14 years,976,Diabetes mellitus type 2,1,Number,2023,0.0,0.0,0.0
5,Prevalence,67,Japan,3,Both,8,15-19 years,976,Diabetes mellitus type 2,1,Number,2023,14612.51075228928,20382.869912020804,10270.687549216596
5,Prevalence,67,Japan,3,Both,9,20-24 years,976,Diabetes mellitus type 2,1,Number,2023,55642.2580194386,72908.68244628512,41822.49604526735
5,Prevalence,67,Japan,3,Both,10,25-29 years,976,Diabetes mellitus type 2,1,Number,2023,108586.24374892873,136054.906705972,86137.35076043863
5,Prevalence,67,Japan,3,Both,11,30-34 years,976,Diabetes mellitus type 2,1,Number,2023,164401.92849298517,202173.17366880333,133758.28250337494
5,Prevalence,67,Japan,3,Both,12,35-39 years,976,Diabetes mellitus type 2,1,Number,2023,265216.3675586303,317899.8555445805,220177.85655199052
5,Prevalence,67,Japan,3,Both,13,40-44 years,976,Diabetes mellitus type 2,1,Number,2023,415035.2678958845,496077.62573693134,338836.3373265737
5,Prevalence,67,Japan,3,Both,14,45-49 years,976,Diabetes mellitus type 2,1,Number,2023,689621.0357043291,794378.3064670796,578737.0809374233
5,Prevalence,67,Japan,3,Both,15,50-54 years,976,Diabetes mellitus type 2,1,Number,2023,1020677.7424113172,1197139.1161630496,848379.9354043783
5,Prevalence,67,Japan,3,Both,16,55-59 years,976,Diabetes mellitus type 2,1,Number,2023,1241233.8464411278,1425735.7908771057,1085796.7256824132
5,Prevalence,67,Japan,3,Both,17,60-64 years,976,Diabetes mellitus type 2,1,Number,2023,1504846.418067386,1696600.7849940637,1331658.1948781975
5,Prevalence,67,Japan,3,Both,18,65-69 years,976,Diabetes mellitus type 2,1,Number,2023,1687539.7023891902,1898352.2274791484,1494385.49575666
5,Prevalence,67,Japan,3,Both,19,70-74 years,976,Diabetes mellitus type 2,1,Number,2023,2092591.5386251572,2346174.2734480416,1856915.9466418836
5,Prevalence,67,Japan,3,Both,20,75-79 years,976,Diabetes mellitus type 2,1,Number,2023,1762870.0978679613,1982146.399633162,1567753.8441002923
5,Prevalence,67,Japan,3,Both,30,80-84 years,976,Diabetes mellitus type 2,1,Number,2023,1342421.9797541862,1506311.283445442,1197005.8017117456
5,Prevalence,67,Japan,3,Both,31,85-89 years,976,Diabetes mellitus type 2,1,Number,2023,861053.0566813094,968980.1693280786,767096.9156972867
5,Prevalence,67,Japan,3,Both,32,90-94 years,976,Diabetes mellitus type 2,1,Number,2023,432757.8751890062,488715.080129243,385524.1478573029
5,Prevalence,67,Japan,3,Both,235,95+ years,976,Diabetes mellitus type 2,1,Number,2023,142098.68457345068,160147.9242677361,124930.30143757178
5,Prevalence,139,Algeria,3,Both,1,<5 years,976,Diabetes mellitus type 2,1,Number,2023,0.0,0.0,0.0
5,Prevalence,139,Algeria,3,Both,6,5-9 years,976,Diabetes mellitus type 2,1,Number,2023,0.0,0.0,0.0
5,Prevalence,139,Algeria,3,Both,7,10-14 years,976,Diabetes mellitus type 2,1,Number,2023,0.0,0.0,0.0
5,Prevalence,139,Algeria,3,Both,8,15-19 years,976,Diabetes mellitus type 2,1,Number,2023,20529.22740900909,28364.919816391008,13410.3062771589
5,Prevalence,139,Algeria,3,Both,9,20-24 years,976,Diabetes mellitus type 2,1,Number,2023,92190.59889870534,116638.00688126178,73019.65338675599
5,Prevalence,139,Algeria,3,Both,10,25-29 years,976,Diabetes mellitus type 2,1,Number,2023,176517.35765361454,214616.8019547673,145116.67541056042
5,Prevalence,139,Algeria,3,Both,11,30-34 years,976,Diabetes mellitus type 2,1,Number,2023,266991.2682325417,316296.5689167904,223464.8044682872
5,Prevalence,139,Algeria,3,Both,12,35-39 years,976,Diabetes mellitus type 2,1,Number,2023,379221.3123008892,438356.7780615324,332589.91432969377
5,Prevalence,139,Algeria,3,Both,13,40-44 years,976,Diabetes mellitus type 2,1,Number,2023,477103.46715057176,546763.5009831686,413389.4749861398
5,Prevalence,139,Algeria,3,Both,14,45-49 years,976,Diabetes mellitus type 2,1,Number,2023,523708.7836102927,584809.8605997342,466225.6250863233
5,Prevalence,139,Algeria,3,Both,15,50-54 years,976,Diabetes mellitus type 2,1,Number,2023,582598.1579265812,649162.4632600908,513480.4988901685
5,Prevalence,139,Algeria,3,Both,16,55-59 years,976,Diabetes mellitus type 2,1,Number,2023,590013.1526489083,649996.9152572565,529363.164155127
5,Prevalence,139,Algeria,3,Both,17,60-64 years,976,Diabetes mellitus type 2,1,Number,2023,518224.93660176976,572988.8403698426,464825.2094507996
5,Prevalence,139,Algeria,3,Both,18,65-69 years,976,Diabetes mellitus type 2,1,Number,2023,436270.6813071963,481244.9817201951,392575.13695684494
5,Prevalence,139,Algeria,3,Both,19,70-74 years,976,Diabetes mellitus type 2,1,Number,2023,318611.7465639027,350837.0246101797,287799.2264267547
5,Prevalence,139,Algeria,3,Both,20,75-79 years,976,Diabetes mellitus type 2,1,Number,2023,181079.36112313977,200710.7578611688,162962.84569840072
5,Prevalence,139,Algeria,3,Both,30,80-84 years,976,Diabetes mellitus type 2,1,Number,2023,115336.34912911266,128398.60273193002,103473.43889392866
5,Prevalence,139,Algeria,3,Both,31,85-89 years,976,Diabetes mellitus type 2,1,Number,2023,54953.48953723935,61428.76526414316,48776.07370345277
5,Prevalence,139,Algeria,3,Both,32,90-94 years,976,Diabetes mellitus type 2,1,Number,2023,16933.916899352687,19030.59187132022,14896.10623809138
5,Prevalence,139,Algeria,3,Both,235,95+ years,976,Diabetes mellitus type 2,1,Number,2023,2947.823462337516,3363.857633437893,2509.76832043716
5,Prevalence,118,Suriname,3,Both,1,<5 years,976,Diabetes mellitus type 2,1,Number,2023,0.0,0.0,0.0
5,Prevalence,118,Suriname,3,Both,6,5-9 years,976,Diabetes mellitus type 2,1,Number,2023,0.0,0.0,0.0
5,Prevalence,118,Suriname,3,Both,7,10-14 years,976,Diabetes mellitus type 2,1,Number,2023,0.0,0.0,0.0
5,Prevalence,118,Suriname,3,Both,8,15-19 years,976,Diabetes mellitus type 2,1,Number,2023,721.9484013372947,924.3606288912664,566.7662386027985
5,Prevalence,118,Suriname,3,Both,9,20-24 years,976,Diabetes mellitus type 2,1,Number,2023,1314.3110696604904,1615.8681526009684,1070.2369207044517
5,Prevalence,118,Suriname,3,Both,10,25-29 years,976,Diabetes mellitus type 2,1,Number,2023,2038.0119486146325,2414.8012320171674,1683.0936400397986
5,Prevalence,118,Suriname,3,Both,11,30-34 years,976,Diabetes mellitus type 2,1,Number,2023,2952.5098017420287,3468.8306976759545,2417.811075050169
5,Prevalence,118,Suriname,3,Both,12,35-39 years,976,Diabetes mellitus type 2,1,Number,2023,4411.79683091976,5054.552410789232,3733.540562820197
5,Prevalence,118,Suriname,3,Both,13,40-44 years,976,Diabetes mellitus type 2,1,Number,2023,5712.718078030792,6595.586701112454,4826.098398508763
5,Prevalence,118,Suriname,3,Both,14,45-49 years,976,Diabetes mellitus type 2,1,Number,2023,7208.156189781656,8188.815889475822,6276.082587265441
5,Prevalence,118,Suriname,3,Both,15,50-54 years,976,Diabetes mellitus type 2,1,Number,2023,9306.285399226834,10663.121061347578,8123.075765243447
5,Prevalence,118,Suriname,3,Both,16,55-59 years,976,Diabetes mellitus type 2,1,Number,2023,10631.984922717584,11924.230260970397,9510.057977672854
5,Prevalence,118,Suriname,3,Both,17,60-64 years,976,Diabetes mellitus type 2,1,Number,2023,10205.36748307842,11374.16630091165,9189.046723675963
5,Prevalence,118,Suriname,3,Both,18,65-69 years,976,Diabetes mellitus type 2,1,Number,2023,7995.631467696104,8880.816160587421,7178.164651666806
5,Prevalence,118,Suriname,3,Both,19,70-74 years,976,Diabetes mellitus type 2,1,Number,2023,5506.21859255194,6107.163360726647,4985.48811603857
5,Prevalence,118,Suriname,3,Both,20,75-79 years,976,Diabetes mellitus type 2,1,Number,2023,3739.2697313753415,4136.311556851373,3392.865480730842
5,Prevalence,118,Suriname,3,Both,30,80-84 years,976,Diabetes mellitus type 2,1,Number,2023,2201.7462705437915,2468.2488477555944,1990.270046873168
5,Prevalence,118,Suriname,3,Both,31,85-89 years,976,Diabetes mellitus type 2,1,Number,2023,1030.5884544917492,1158.054358876423,917.724244542557
5,Prevalence,118,Suriname,3,Both,32,90-94 years,976,Diabetes mellitus type 2,1,Number,2023,370.3368777402349,422.4982627143888,324.96967339065253
5,Prevalence,118,Suriname,3,Both,235,95+ years,976,Diabetes mellitus type 2,1,Number,2023,134.93654972492942,157.55685221951484,115.61979143996136
5,Prevalence,20,Viet Nam,3,Both,1,<5 years,976,Diabetes mellitus type 2,1,Number,2023,0.0,0.0,0.0
5,Prevalence,20,Viet Nam,3,Both,6,5-9 years,976,Diabetes mellitus type 2,1,Number,2023,0.0,0.0,0.0
5,Prevalence,20,Viet Nam,3,Both,7,10-14 years,976,Diabetes mellitus type 2,1,Number,2023,0.0,0.0,0.0
5,Prevalence,20,Viet Nam,3,Both,8,15-19 years,976,Diabetes mellitus type 2,1,Number,2023,30958.2084140641,39560.23334067118,23599.93264182861
5,Prevalence,20,Viet Nam,3,Both,9,20-24 years,976,Diabetes mellitus type 2,1,Number,2023,66434.0029968811,78870.64947643875,53514.20369158863
5,Prevalence,20,Viet Nam,3,Both,10,25-29 years,976,Diabetes mellitus type 2,1,Number,2023,124912.48267556189,150745.1254252826,103561.17745758271
5,Prevalence,20,Viet Nam,3,Both,11,30-34 years,976,Diabetes mellitus type 2,1,Number,2023,218483.60786541857,256416.57341969688,183386.25622167552
5,Prevalence,20,Viet Nam,3,Both,12,35-39 years,976,Diabetes mellitus type 2,1,Number,2023,286809.87490889087,329541.6181425416,249062.42730365996
5,Prevalence,20,Viet Nam,3,Both,13,40-44 years,976,Diabetes mellitus type 2,1,Number,2023,344607.80416419054,393935.10575152136,297425.5014873712
5,Prevalence,20,Viet Nam,3,Both,14,45-49 years,976,Diabetes mellitus type 2,1,Number,2023,393690.79117114295,446498.4627476442,334743.08586717513
5,Prevalence,20,Viet Nam,3,Both,15,50-54 years,976,Diabetes mellitus type 2,1,Number,2023,470065.16981004376,531494.1637721888,403835.7950108369
5,Prevalence,20,Viet Nam,3,Both,16,55-59 years,976,Diabetes mellitus type 2,1,Number,2023,525384.7511055664,590143.9007151893,463077.2673217907
5,Prevalence,20,Viet Nam,3,Both,17,60-64 years,976,Diabetes mellitus type 2,1,Number,2023,566675.1705981599,633732.0525584847,501411.7529740789
5,Prevalence,20,Viet Nam,3,Both,18,65-69 years,976,Diabetes mellitus type 2,1,Number,2023,496513.26335838414,553596.4525803083,444157.96549600526
5,Prevalence,20,Viet Nam,3,Both,19,70-74 years,976,Diabetes mellitus type 2,1,Number,2023,345298.0288981026,383691.7258686802,311008.32806270896
5,Prevalence,20,Viet Nam,3,Both,20,75-79 years,976,Diabetes mellitus type 2,1,Number,2023,200797.6769067802,224305.39085570525,182160.27891777587
5,Prevalence,20,Viet Nam,3,Both,30,80-84 years,976,Diabetes mellitus type 2,1,Number,2023,123127.91822550136,137882.8997106832,110616.9544522393
5,Prevalence,20,Viet Nam,3,Both,31,85-89 years,976,Diabetes mellitus type 2,1,Number,2023,67940.89671779315,76767.2932572103,59296.98919901309
5,Prevalence,20,Viet Nam,3,Both,32,90-94 years,976,Diabetes mellitus type 2,1,Number,2023,26087.66721407097,30028.961740268354,22133.50828657585
5,Prevalence,20,Viet Nam,3,Both,235,95+ years,976,Diabetes mellitus type 2,1,Number,2023,8258.162694018298,9665.995994318371,6791.299857598486
5,Prevalence,8,Taiwan,3,Both,1,<5 years,976,Diabetes mellitus type 2,1,Number,2023,0.0,0.0,0.0
5,Prevalence,8,Taiwan,3,Both,6,5-9 years,976,Diabetes mellitus type 2,1,Number,2023,0.0,0.0,0.0
5,Prevalence,8,Taiwan,3,Both,7,10-14 years,976,Diabetes mellitus type 2,1,Number,2023,0.0,0.0,0.0
5,Prevalence,8,Taiwan,3,Both,8,15-19 years,976,Diabetes mellitus type 2,1,Number,2023,5121.065170553922,6602.056200283458,4080.262895393569
5,Prevalence,8,Taiwan,3,Both,9,20-24 years,976,Diabetes mellitus type 2,1,Number,2023,30269.953327548046,37649.91581736244,24446.033804916264
5,Prevalence,8,Taiwan,3,Both,10,25-29 years,976,Diabetes mellitus type 2,1,Number,2023,61925.21372182067,73941.03207435261,51980.53314596584
5,Prevalence,8,Taiwan,3,Both,11,30-34 years,976,Diabetes mellitus type 2,1,Number,2023,83648.57836885865,97810.90742491592,69761.06241338453
5,Prevalence,8,Taiwan,3,Both,12,35-39 years,976,Diabetes mellitus type 2,1,Number,2023,109826.4757966296,124338.2364186716,96236.84845118943
5,Prevalence,8,Taiwan,3,Both,13,40-44 years,976,Diabetes mellitus type 2,1,Number,2023,169723.9026045421,191966.2190966798,151592.4374913632
5,Prevalence,8,Taiwan,3,Both,14,45-49 years,976,Diabetes mellitus type 2,1,Number,2023,199412.1811190659,225050.04361013643,174652.30253131362
5,Prevalence,8,Taiwan,3,Both,15,50-54 years,976,Diabetes mellitus type 2,1,Number,2023,226236.303316012,251652.93517219147,195458.67010011565
5,Prevalence,8,Taiwan,3,Both,16,55-59 years,976,Diabetes mellitus type 2,1,Number,2023,269661.55044417776,299731.9612686179,242930.07298107335
5,Prevalence,8,Taiwan,3,Both,17,60-64 years,976,Diabetes mellitus type 2,1,Number,2023,304477.7020403792,339749.2420698937,275276.16342416964
5,Prevalence,8,Taiwan,3,Both,18,65-69 years,976,Diabetes mellitus type 2,1,Number,2023,290881.4097228767,324227.94701143855,263349.84728336096
5,Prevalence,8,Taiwan,3,Both,19,70-74 years,976,Diabetes mellitus type 2,1,Number,2023,236490.6356785176,258352.55698946203,218451.00818993777
5,Prevalence,8,Taiwan,3,Both,20,75-79 years,976,Diabetes mellitus type 2,1,Number,2023,122098.14924075692,132237.77333541666,112250.61718314048
5,Prevalence,8,Taiwan,3,Both,30,80-84 years,976,Diabetes mellitus type 2,1,Number,2023,84329.82960159442,92386.6434430158,77538.85299828419
5,Prevalence,8,Taiwan,3,Both,31,85-89 years,976,Diabetes mellitus type 2,1,Number,2023,40924.15273255971,45240.69026316128,36873.72799462358
5,Prevalence,8,Taiwan,3,Both,32,90-94 years,976,Diabetes mellitus type 2,1,Number,2023,17680.225973726538,19941.707318800465,15622.676768374076
5,Prevalence,8,Taiwan,3,Both,235,95+ years,976,Diabetes mellitus type 2,1,Number,2023,3878.445691093424,4598.400920167691,3220.1127452582004
5,Prevalence,75,Austria,3,Both,1,<5 years,976,Diabetes mellitus type 2,1,Number,2023,0.0,0.0,0.0
5,Prevalence,75,Austria,3,Both,6,5-9 years,976,Diabetes mellitus type 2,1,Number,2023,0.0,0.0,0.0
5,Prevalence,75,Austria,3,Both,7,10-14 years,976,Diabetes mellitus type 2,1,Number,2023,0.0,0.0,0.0
5,Prevalence,75,Austria,3,Both,8,15-19 years,976,Diabetes mellitus type 2,1,Number,2023,535.0438183567594,1125.08575973268,0.0
5,Prevalence,75,Austria,3,Both,9,20-24 years,976,Diabetes mellitus type 2,1,Number,2023,2072.060842117881,2899.544688556052,1290.6925767269088
5,Prevalence,75,Austria,3,Both,10,25-29 years,976,Diabetes mellitus type 2,1,Number,2023,4846.676888460663,6327.458674294425,3627.696612382082
5,Prevalence,75,Austria,3,Both,11,30-34 years,976,Diabetes mellitus type 2,1,Number,2023,8551.993649389979,10722.156551295106,6814.921756947491
5,Prevalence,75,Austria,3,Both,12,35-39 years,976,Diabetes mellitus type 2,1,Number,2023,12331.837162197802,14885.292969686205,10143.764150306182
5,Prevalence,75,Austria,3,Both,13,40-44 years,976,Diabetes mellitus type 2,1,Number,2023,16694.676167662165,20118.686197360585,13918.763589625683
5,Prevalence,75,Austria,3,Both,14,45-49 years,976,Diabetes mellitus type 2,1,Number,2023,21365.010755441486,24997.371164807053,18168.227627188837
5,Prevalence,75,Austria,3,Both,15,50-54 years,976,Diabetes mellitus type 2,1,Number,2023,32262.934318114203,37099.00569849129,28374.017491359587
5,Prevalence,75,Austria,3,Both,16,55-59 years,976,Diabetes mellitus type 2,1,Number,2023,45927.057992271046,51682.84913162029,41003.69206704849
5,Prevalence,75,Austria,3,Both,17,60-64 years,976,Diabetes mellitus type 2,1,Number,2023,53691.25688669404,61560.74555833437,47338.891103860005
5,Prevalence,75,Austria,3,Both,18,65-69 years,976,Diabetes mellitus type 2,1,Number,2023,52889.46270960032,58892.24131684248,47842.359631060775
5,Prevalence,75,Austria,3,Both,19,70-74 years,976,Diabetes mellitus type 2,1,Number,2023,51175.155621812926,55243.34816467775,47399.49086512956
5,Prevalence,75,Austria,3,Both,20,75-79 years,976,Diabetes mellitus type 2,1,Number,2023,43460.71956295872,47009.28989763427,40420.28556323412
5,Prevalence,75,Austria,3,Both,30,80-84 years,976,Diabetes mellitus type 2,1,Number,2023,38977.19123094993,42338.12786149158,36470.13744632588
5,Prevalence,75,Austria,3,Both,31,85-89 years,976,Diabetes mellitus type 2,1,Number,2023,15655.330754751823,17086.236192565426,14534.26250305312
5,Prevalence,75,Austria,3,Both,32,90-94 years,976,Diabetes mellitus type 2,1,Number,2023,5947.436352772244,6630.030885214753,5456.287694050225
5,Prevalence,75,Austria,3,Both,235,95+ years,976,Diabetes mellitus type 2,1,Number,2023,1044.6839175736818,1226.6571141669583,941.1968817799008
5,Prevalence,152,Saudi Arabia,3,Both,1,<5 years,976,Diabetes mellitus type 2,1,Number,2023,0.0,0.0,0.0
5,Prevalence,152,Saudi Arabia,3,Both,6,5-9 years,976,Diabetes mellitus type 2,1,Number,2023,0.0,0.0,0.0
5,Prevalence,152,Saudi Arabia,3,Both,7,10-14 years,976,Diabetes mellitus type 2,1,Number,2023,0.0,0.0,0.0
5,Prevalence,152,Saudi Arabia,3,Both,8,15-19 years,976,Diabetes mellitus type 2,1,Number,2023,40296.92023926853,54523.1718204021,27923.317386745905
5,Prevalence,152,Saudi Arabia,3,Both,9,20-24 years,976,Diabetes mellitus type 2,1,Number,2023,209202.5077621602,271902.206629266,160061.38969685545
5,Prevalence,152,Saudi Arabia,3,Both,10,25-29 years,976,Diabetes mellitus type 2,1,Number,2023,500319.0917203546,605963.6861656338,398275.4873546871
5,Prevalence,152,Saudi Arabia,3,Both,11,30-34 years,976,Diabetes mellitus type 2,1,Number,2023,716884.850465706,858444.1472286901,584881.1905689845
5,Prevalence,152,Saudi Arabia,3,Both,12,35-39 years,976,Diabetes mellitus type 2,1,Number,2023,870052.5927987365,1014958.9053464064,735784.9391635166
5,Prevalence,152,Saudi Arabia,3,Both,13,40-44 years,976,Diabetes mellitus type 2,1,Number,2023,908050.862678458,1080214.938426376,773707.1807678321
5,Prevalence,152,Saudi Arabia,3,Both,14,45-49 years,976,Diabetes mellitus type 2,1,Number,2023,851766.3028090592,975859.1424852612,753231.2712648646
5,Prevalence,152,Saudi Arabia,3,Both,15,50-54 years,976,Diabetes mellitus type 2,1,Number,2023,807317.8648377531,892720.6545698431,710909.4193253921
5,Prevalence,152,Saudi Arabia,3,Both,16,55-59 years,976,Diabetes mellitus type 2,1,Number,2023,652155.2235319633,706735.0676132655,586924.2706071769
5,Prevalence,152,Saudi Arabia,3,Both,17,60-64 years,976,Diabetes mellitus type 2,1,Number,2023,454298.4108345818,491266.4384504821,417651.66574711306
5,Prevalence,152,Saudi Arabia,3,Both,18,65-69 years,976,Diabetes mellitus type 2,1,Number,2023,260592.5094655463,281309.1144925526,240054.6785794968
5,Prevalence,152,Saudi Arabia,3,Both,19,70-74 years,976,Diabetes mellitus type 2,1,Number,2023,142537.1043810007,154630.2081169106,131979.107130326
5,Prevalence,152,Saudi Arabia,3,Both,20,75-79 years,976,Diabetes mellitus type 2,1,Number,2023,88095.59286241306,94474.85661992311,81724.5225022863
5,Prevalence,152,Saudi Arabia,3,Both,30,80-84 years,976,Diabetes mellitus type 2,1,Number,2023,38565.48201430749,42034.34386483576,35956.52886735289
5,Prevalence,152,Saudi Arabia,3,Both,31,85-89 years,976,Diabetes mellitus type 2,1,Number,2023,12368.12326234805,13574.956065658016,11376.027731553768
5,Prevalence,152,Saudi Arabia,3,Both,32,90-94 years,976,Diabetes mellitus type 2,1,Number,2023,3543.8780876025576,3896.304714170301,3196.007863858264
5,Prevalence,152,Saudi Arabia,3,Both,235,95+ years,976,Diabetes mellitus type 2,1,Number,2023,638.4914359792707,712.569316172759,563.7726925198157
5,Prevalence,114,Haiti,3,Both,1,<5 years,976,Diabetes mellitus type 2,1,Number,2023,0.0,0.0,0.0
5,Prevalence,114,Haiti,3,Both,6,5-9 years,976,Diabetes mellitus type 2,1,Number,2023,0.0,0.0,0.0
5,Prevalence,114,Haiti,3,Both,7,10-14 years,976,Diabetes mellitus type 2,1,Number,2023,0.0,0.0,0.0
5,Prevalence,114,Haiti,3,Both,8,15-19 years,976,Diabetes mellitus type 2,1,Number,2023,13315.31387167194,16537.648497732545,10737.321919852942
5,Prevalence,114,Haiti,3,Both,9,20-24 years,976,Diabetes mellitus type 2,1,Number,2023,20323.37606853312,24801.261973160137,16715.92100415582
5,Prevalence,114,Haiti,3,Both,10,25-29 years,976,Diabetes mellitus type 2,1,Number,2023,28976.910180230054,34472.37420016865,23975.28962232901
5,Prevalence,114,Haiti,3,Both,11,30-34 years,976,Diabetes mellitus type 2,1,Number,2023,41580.12972979492,49820.125159596064,34268.19561427923
5,Prevalence,114,Haiti,3,Both,12,35-39 years,976,Diabetes mellitus type 2,1,Number,2023,56407.73767849651,65761.20604937886,47536.89391201971
5,Prevalence,114,Haiti,3,Both,13,40-44 years,976,Diabetes mellitus type 2,1,Number,2023,66445.85512324923,79308.14241493045,55614.92017859922
5,Prevalence,114,Haiti,3,Both,14,45-49 years,976,Diabetes mellitus type 2,1,Number,2023,69852.08545168,81406.83859975211,59753.22142146967
5,Prevalence,114,Haiti,3,Both,15,50-54 years,976,Diabetes mellitus type 2,1,Number,2023,70104.62457195105,80133.53291980717,59308.06089968764
5,Prevalence,114,Haiti,3,Both,16,55-59 years,976,Diabetes mellitus type 2,1,Number,2023,69915.55205566755,78968.8519937409,60913.2709296571
5,Prevalence,114,Haiti,3,Both,17,60-64 years,976,Diabetes mellitus type 2,1,Number,2023,65650.13770368134,73743.24178499875,58176.99908123317
5,Prevalence,114,Haiti,3,Both,18,65-69 years,976,Diabetes mellitus type 2,1,Number,2023,53783.56273124052,60611.9629361339,47613.11743914048
5,Prevalence,114,Haiti,3,Both,19,70-74 years,976,Diabetes mellitus type 2,1,Number,2023,37561.97089343257,41499.731885540365,34042.76228710948
5,Prevalence,114,Haiti,3,Both,20,75-79 years,976,Diabetes mellitus type 2,1,Number,2023,20373.02067742484,22507.774642182856,18300.10170179149
5,Prevalence,114,Haiti,3,Both,30,80-84 years,976,Diabetes mellitus type 2,1,Number,2023,9513.233473740103,10590.779885994169,8569.430575009103
5,Prevalence,114,Haiti,3,Both,31,85-89 years,976,Diabetes mellitus type 2,1,Number,2023,3503.20313026794,3927.1585682864425,3082.4623506015014
5,Prevalence,114,Haiti,3,Both,32,90-94 years,976,Diabetes mellitus type 2,1,Number,2023,831.7227581575305,945.9347619314424,714.8238777074334
5,Prevalence,114,Haiti,3,Both,235,95+ years,976,Diabetes mellitus type 2,1,Number,2023,156.3544485719598,185.1351772053966,131.05565955763018
5,Prevalence,105,Antigua and Barbuda,3,Both,1,<5 years,976,Diabetes mellitus type 2,1,Number,2023,0.0,0.0,0.0
5,Prevalence,105,Antigua and Barbuda,3,Both,6,5-9 years,976,Diabetes mellitus type 2,1,Number,2023,0.0,0.0,0.0
5,Prevalence,105,Antigua and Barbuda,3,Both,7,10-14 years,976,Diabetes mellitus type 2,1,Number,2023,0.0,0.0,0.0
5,Prevalence,105,Antigua and Barbuda,3,Both,8,15-19 years,976,Diabetes mellitus type 2,1,Number,2023,77.72316118172421,98.89033456380936,61.57347439568758
5,Prevalence,105,Antigua and Barbuda,3,Both,9,20-24 years,976,Diabetes mellitus type 2,1,Number,2023,151.29085329496462,187.76212733497928,123.78515014038994
5,Prevalence,105,Antigua and Barbuda,3,Both,10,25-29 years,976,Diabetes mellitus type 2,1,Number,2023,259.0120370194213,308.3557714090776,220.86809895514256
5,Prevalence,105,Antigua and Barbuda,3,Both,11,30-34 years,976,Diabetes mellitus type 2,1,Number,2023,370.7117328950069,427.30624423363065,322.5852049223004
5,Prevalence,105,Antigua and Barbuda,3,Both,12,35-39 years,976,Diabetes mellitus type 2,1,Number,2023,530.6412530326251,605.4578685629114,459.5564846925667
5,Prevalence,105,Antigua and Barbuda,3,Both,13,40-44 years,976,Diabetes mellitus type 2,1,Number,2023,714.844401792942,820.5602736750664,606.6542813438218
5,Prevalence,105,Antigua and Barbuda,3,Both,14,45-49 years,976,Diabetes mellitus type 2,1,Number,2023,920.0105981329128,1079.6877920822972,789.3610291296501
5,Prevalence,105,Antigua and Barbuda,3,Both,15,50-54 years,976,Diabetes mellitus type 2,1,Number,2023,1119.8296473503617,1289.1657914865125,949.1647015547856
5,Prevalence,105,Antigua and Barbuda,3,Both,16,55-59 years,976,Diabetes mellitus type 2,1,Number,2023,1305.950800766333,1491.9874406280624,1155.7337312945149
5,Prevalence,105,Antigua and Barbuda,3,Both,17,60-64 years,976,Diabetes mellitus type 2,1,Number,2023,1390.846983677873,1585.1043649256312,1261.1270403264994
5,Prevalence,105,Antigua and Barbuda,3,Both,18,65-69 years,976,Diabetes mellitus type 2,1,Number,2023,1201.976535105084,1348.2010625125088,1094.203560578161
5,Prevalence,105,Antigua and Barbuda,3,Both,19,70-74 years,976,Diabetes mellitus type 2,1,Number,2023,931.4309002111104,1017.2091117093692,866.2590730893709
5,Prevalence,105,Antigua and Barbuda,3,Both,20,75-79 years,976,Diabetes mellitus type 2,1,Number,2023,658.0277081910479,710.7576320388662,613.5985929334498
5,Prevalence,105,Antigua and Barbuda,3,Both,30,80-84 years,976,Diabetes mellitus type 2,1,Number,2023,370.2695424772237,398.7598967234257,345.30647068630446
5,Prevalence,105,Antigua and Barbuda,3,Both,31,85-89 years,976,Diabetes mellitus type 2,1,Number,2023,181.8069863249393,197.150189172889,168.07918871342542
5,Prevalence,105,Antigua and Barbuda,3,Both,32,90-94 years,976,Diabetes mellitus type 2,1,Number,2023,45.60669052415937,50.19691027513879,41.82648144309424
5,Prevalence,105,Antigua and Barbuda,3,Both,235,95+ years,976,Diabetes mellitus type 2,1,Number,2023,17.458606360745716,19.994787657002888,15.464607177644671
5,Prevalence,41,Uzbekistan,3,Both,1,<5 years,976,Diabetes mellitus type 2,1,Number,2023,0.0,0.0,0.0
5,Prevalence,41,Uzbekistan,3,Both,6,5-9 years,976,Diabetes mellitus type 2,1,Number,2023,0.0,0.0,0.0
5,Prevalence,41,Uzbekistan,3,Both,7,10-14 years,976,Diabetes mellitus type 2,1,Number,2023,0.0,0.0,0.0
5,Prevalence,41,Uzbekistan,3,Both,8,15-19 years,976,Diabetes mellitus type 2,1,Number,2023,21921.89335735253,27920.79288202259,17219.142542842284
5,Prevalence,41,Uzbekistan,3,Both,9,20-24 years,976,Diabetes mellitus type 2,1,Number,2023,34361.63124686929,42916.475032442606,28388.597653057965
5,Prevalence,41,Uzbekistan,3,Both,10,25-29 years,976,Diabetes mellitus type 2,1,Number,2023,50666.72634355999,60582.20623989609,42285.16057700492
5,Prevalence,41,Uzbekistan,3,Both,11,30-34 years,976,Diabetes mellitus type 2,1,Number,2023,69431.5916452994,82039.19781710062,58870.20144413009
5,Prevalence,41,Uzbekistan,3,Both,12,35-39 years,976,Diabetes mellitus type 2,1,Number,2023,86505.39479503852,100827.18217339688,75897.90614351878
5,Prevalence,41,Uzbekistan,3,Both,13,40-44 years,976,Diabetes mellitus type 2,1,Number,2023,99392.5147069034,115454.09258198048,85943.2316824829
5,Prevalence,41,Uzbekistan,3,Both,14,45-49 years,976,Diabetes mellitus type 2,1,Number,2023,126940.44933967124,149831.21535294518,109377.46608227184
5,Prevalence,41,Uzbekistan,3,Both,15,50-54 years,976,Diabetes mellitus type 2,1,Number,2023,161256.1072690297,190751.79345225595,141104.4271108567
5,Prevalence,41,Uzbekistan,3,Both,16,55-59 years,976,Diabetes mellitus type 2,1,Number,2023,217067.3826955455,243919.5782942084,194516.3767213603
5,Prevalence,41,Uzbekistan,3,Both,17,60-64 years,976,Diabetes mellitus type 2,1,Number,2023,255284.07703340455,281363.62373794225,225419.98958564657
5,Prevalence,41,Uzbekistan,3,Both,18,65-69 years,976,Diabetes mellitus type 2,1,Number,2023,183959.28545682764,204770.2558089589,161221.3999623088
5,Prevalence,41,Uzbekistan,3,Both,19,70-74 years,976,Diabetes mellitus type 2,1,Number,2023,102946.9838407677,113984.95672518726,90933.9231180702
5,Prevalence,41,Uzbekistan,3,Both,20,75-79 years,976,Diabetes mellitus type 2,1,Number,2023,44649.8286652414,49651.68955772148,39910.23135679784
5,Prevalence,41,Uzbekistan,3,Both,30,80-84 years,976,Diabetes mellitus type 2,1,Number,2023,32459.396123465354,36301.05569185318,28885.31001957929
5,Prevalence,41,Uzbekistan,3,Both,31,85-89 years,976,Diabetes mellitus type 2,1,Number,2023,18832.61020817191,21153.276323763,16789.918995630367
5,Prevalence,41,Uzbekistan,3,Both,32,90-94 years,976,Diabetes mellitus type 2,1,Number,2023,6025.186435580282,6748.633965421395,5326.8726434559685
5,Prevalence,41,Uzbekistan,3,Both,235,95+ years,976,Diabetes mellitus type 2,1,Number,2023,1591.0290315724314,1806.4264995188616,1386.682540361422
5,Prevalence,77,Cyprus,3,Both,1,<5 years,976,Diabetes mellitus type 2,1,Number,2023,0.0,0.0,0.0
5,Prevalence,77,Cyprus,3,Both,6,5-9 years,976,Diabetes mellitus type 2,1,Number,2023,0.0,0.0,0.0
5,Prevalence,77,Cyprus,3,Both,7,10-14 years,976,Diabetes mellitus type 2,1,Number,2023,0.0,0.0,0.0
5,Prevalence,77,Cyprus,3,Both,8,15-19 years,976,Diabetes mellitus type 2,1,Number,2023,208.61548334672744,335.38157068086866,111.38230185724274
5,Prevalence,77,Cyprus,3,Both,9,20-24 years,976,Diabetes mellitus type 2,1,Number,2023,661.3755079516625,864.2636454031556,468.8599576399986
5,Prevalence,77,Cyprus,3,Both,10,25-29 years,976,Diabetes mellitus type 2,1,Number,2023,1607.650464227148,2023.8431394653016,1220.4426037653366
5,Prevalence,77,Cyprus,3,Both,11,30-34 years,976,Diabetes mellitus type 2,1,Number,2023,3240.7393977098614,3969.54923717204,2557.7798584164843
5,Prevalence,77,Cyprus,3,Both,12,35-39 years,976,Diabetes mellitus type 2,1,Number,2023,5140.906937170503,6169.807393196571,4248.117642677789
5,Prevalence,77,Cyprus,3,Both,13,40-44 years,976,Diabetes mellitus type 2,1,Number,2023,6686.059918476072,8032.824206953306,5528.17994088599
5,Prevalence,77,Cyprus,3,Both,14,45-49 years,976,Diabetes mellitus type 2,1,Number,2023,7277.016695140155,8637.410845272134,6104.0533995079695
5,Prevalence,77,Cyprus,3,Both,15,50-54 years,976,Diabetes mellitus type 2,1,Number,2023,8350.110368886188,9799.85202394546,7075.435567040812
5,Prevalence,77,Cyprus,3,Both,16,55-59 years,976,Diabetes mellitus type 2,1,Number,2023,10313.405086757592,11819.167255678556,9089.973810711286
5,Prevalence,77,Cyprus,3,Both,17,60-64 years,976,Diabetes mellitus type 2,1,Number,2023,13168.58386586796,15297.945872583236,11519.517402398817
5,Prevalence,77,Cyprus,3,Both,18,65-69 years,976,Diabetes mellitus type 2,1,Number,2023,10762.608912804297,12334.837054966118,9436.694863866262
5,Prevalence,77,Cyprus,3,Both,19,70-74 years,976,Diabetes mellitus type 2,1,Number,2023,9941.14108521836,11065.217529135163,8878.599936299559
5,Prevalence,77,Cyprus,3,Both,20,75-79 years,976,Diabetes mellitus type 2,1,Number,2023,9087.650419913418,10149.697514844074,8149.176532820153
5,Prevalence,77,Cyprus,3,Both,30,80-84 years,976,Diabetes mellitus type 2,1,Number,2023,4875.2102900646805,5462.632023743034,4342.122770741961
5,Prevalence,77,Cyprus,3,Both,31,85-89 years,976,Diabetes mellitus type 2,1,Number,2023,2360.2433486798927,2647.8879464569127,2060.0522123413907
5,Prevalence,77,Cyprus,3,Both,32,90-94 years,976,Diabetes mellitus type 2,1,Number,2023,690.6424993175898,792.4204078062616,582.5038250961329
5,Prevalence,77,Cyprus,3,Both,235,95+ years,976,Diabetes mellitus type 2,1,Number,2023,61.88223522333868,74.63740101357432,50.05091603901697
5,Prevalence,80,France,3,Both,1,<5 years,976,Diabetes mellitus type 2,1,Number,2023,0.0,0.0,0.0
5,Prevalence,80,France,3,Both,6,5-9 years,976,Diabetes mellitus type 2,1,Number,2023,0.0,0.0,0.0
5,Prevalence,80,France,3,Both,7,10-14 years,976,Diabetes mellitus type 2,1,Number,2023,0.0,0.0,0.0
5,Prevalence,80,France,3,Both,8,15-19 years,976,Diabetes mellitus type 2,1,Number,2023,8858.850174399891,14722.358358668522,4056.334607405064
5,Prevalence,80,France,3,Both,9,20-24 years,976,Diabetes mellitus type 2,1,Number,2023,29191.39967525421,38946.49582083903,19452.81788382485
5,Prevalence,80,France,3,Both,10,25-29 years,976,Diabetes mellitus type 2,1,Number,2023,55554.01612515425,70235.89164421753,42407.73837648846
5,Prevalence,80,France,3,Both,11,30-34 years,976,Diabetes mellitus type 2,1,Number,2023,97059.8863672245,120912.50540778124,77316.5292563623
5,Prevalence,80,France,3,Both,12,35-39 years,976,Diabetes mellitus type 2,1,Number,2023,145937.9615227205,175955.68383137468,119333.55139141458
5,Prevalence,80,France,3,Both,13,40-44 years,976,Diabetes mellitus type 2,1,Number,2023,200735.7985774026,236814.0969359913,166577.40796786657
5,Prevalence,80,France,3,Both,14,45-49 years,976,Diabetes mellitus type 2,1,Number,2023,261892.57195567145,310512.3155179601,222958.65537883015
5,Prevalence,80,France,3,Both,15,50-54 years,976,Diabetes mellitus type 2,1,Number,2023,342938.582917102,402173.4577049518,297856.6483250267
5,Prevalence,80,France,3,Both,16,55-59 years,976,Diabetes mellitus type 2,1,Number,2023,429668.6394771893,491293.1352028665,375981.0804962523
5,Prevalence,80,France,3,Both,17,60-64 years,976,Diabetes mellitus type 2,1,Number,2023,515481.28676040313,581577.5272893137,451810.2310005854
5,Prevalence,80,France,3,Both,18,65-69 years,976,Diabetes mellitus type 2,1,Number,2023,570439.3126976602,636230.5955859191,512054.5975358721
5,Prevalence,80,France,3,Both,19,70-74 years,976,Diabetes mellitus type 2,1,Number,2023,574207.0481147066,634565.8358187545,522035.03530204674
5,Prevalence,80,France,3,Both,20,75-79 years,976,Diabetes mellitus type 2,1,Number,2023,435773.4277287263,478609.19208863936,398172.797399821
5,Prevalence,80,France,3,Both,30,80-84 years,976,Diabetes mellitus type 2,1,Number,2023,298394.13207055733,327396.4322027315,272660.9751110536
5,Prevalence,80,France,3,Both,31,85-89 years,976,Diabetes mellitus type 2,1,Number,2023,201952.36700922291,221926.7776342869,182080.37662770128
5,Prevalence,80,France,3,Both,32,90-94 years,976,Diabetes mellitus type 2,1,Number,2023,82013.62088350866,92442.75424550954,72279.01362786873
5,Prevalence,80,France,3,Both,235,95+ years,976,Diabetes mellitus type 2,1,Number,2023,16145.973118625778,18741.549596108416,13567.375728709116
5,Prevalence,154,Tunisia,3,Both,1,<5 years,976,Diabetes mellitus type 2,1,Number,2023,0.0,0.0,0.0
5,Prevalence,154,Tunisia,3,Both,6,5-9 years,976,Diabetes mellitus type 2,1,Number,2023,0.0,0.0,0.0
5,Prevalence,154,Tunisia,3,Both,7,10-14 years,976,Diabetes mellitus type 2,1,Number,2023,0.0,0.0,0.0
5,Prevalence,154,Tunisia,3,Both,8,15-19 years,976,Diabetes mellitus type 2,1,Number,2023,5861.860009211565,7995.3427147171315,4108.7731342838415
5,Prevalence,154,Tunisia,3,Both,9,20-24 years,976,Diabetes mellitus type 2,1,Number,2023,21928.09859970833,27783.706191875342,17158.79627897615
5,Prevalence,154,Tunisia,3,Both,10,25-29 years,976,Diabetes mellitus type 2,1,Number,2023,38157.3969939344,45929.46728794348,31092.7533140497
5,Prevalence,154,Tunisia,3,Both,11,30-34 years,976,Diabetes mellitus type 2,1,Number,2023,60269.98731832854,71563.6862247489,49844.33168539315
5,Prevalence,154,Tunisia,3,Both,12,35-39 years,976,Diabetes mellitus type 2,1,Number,2023,91075.12239065564,106098.2553821434,77201.59163016602
5,Prevalence,154,Tunisia,3,Both,13,40-44 years,976,Diabetes mellitus type 2,1,Number,2023,127627.45679333898,146839.68877076186,109497.15595011854
5,Prevalence,154,Tunisia,3,Both,14,45-49 years,976,Diabetes mellitus type 2,1,Number,2023,153267.4462152067,173762.00179987994,133263.46301470714
5,Prevalence,154,Tunisia,3,Both,15,50-54 years,976,Diabetes mellitus type 2,1,Number,2023,174757.87153457553,197357.9041893391,153417.22151541186
5,Prevalence,154,Tunisia,3,Both,16,55-59 years,976,Diabetes mellitus type 2,1,Number,2023,191620.3778535384,212106.42986265023,172388.97638084742
5,Prevalence,154,Tunisia,3,Both,17,60-64 years,976,Diabetes mellitus type 2,1,Number,2023,195094.8538654924,215741.36346791429,177594.71271274064
5,Prevalence,154,Tunisia,3,Both,18,65-69 years,976,Diabetes mellitus type 2,1,Number,2023,167468.64891262518,183290.63864586924,153605.50890391754
5,Prevalence,154,Tunisia,3,Both,19,70-74 years,976,Diabetes mellitus type 2,1,Number,2023,114701.60310391198,125256.61595342198,104853.54233389848
5,Prevalence,154,Tunisia,3,Both,20,75-79 years,976,Diabetes mellitus type 2,1,Number,2023,67953.01483071553,75190.43787674428,62397.17897589381
5,Prevalence,154,Tunisia,3,Both,30,80-84 years,976,Diabetes mellitus type 2,1,Number,2023,36122.59821666242,39781.56685979325,32916.076792241685
5,Prevalence,154,Tunisia,3,Both,31,85-89 years,976,Diabetes mellitus type 2,1,Number,2023,15295.047786297113,17008.447282259072,13636.17832681406
5,Prevalence,154,Tunisia,3,Both,32,90-94 years,976,Diabetes mellitus type 2,1,Number,2023,3673.8722898020633,4190.774921742563,3198.19503228868
5,Prevalence,154,Tunisia,3,Both,235,95+ years,976,Diabetes mellitus type 2,1,Number,2023,487.7352413562657,581.9533462844049,409.7830909175629
5,Prevalence,33,Armenia,3,Both,1,<5 years,976,Diabetes mellitus type 2,1,Number,2023,0.0,0.0,0.0
5,Prevalence,33,Armenia,3,Both,6,5-9 years,976,Diabetes mellitus type 2,1,Number,2023,0.0,0.0,0.0
5,Prevalence,33,Armenia,3,Both,7,10-14 years,976,Diabetes mellitus type 2,1,Number,2023,0.0,0.0,0.0
5,Prevalence,33,Armenia,3,Both,8,15-19 years,976,Diabetes mellitus type 2,1,Number,2023,1454.364270600884,1873.417705965588,1138.1954635355128
5,Prevalence,33,Armenia,3,Both,9,20-24 years,976,Diabetes mellitus type 2,1,Number,2023,2106.0783873977475,2531.2898944158114,1755.3681387713011
5,Prevalence,33,Armenia,3,Both,10,25-29 years,976,Diabetes mellitus type 2,1,Number,2023,3050.7379310026536,3608.875453125739,2553.257854678123
5,Prevalence,33,Armenia,3,Both,11,30-34 years,976,Diabetes mellitus type 2,1,Number,2023,5092.440132109568,5967.7107122279285,4270.501881968022
5,Prevalence,33,Armenia,3,Both,12,35-39 years,976,Diabetes mellitus type 2,1,Number,2023,6947.175951476365,8053.454117086417,5919.239144968217
5,Prevalence,33,Armenia,3,Both,13,40-44 years,976,Diabetes mellitus type 2,1,Number,2023,8984.341878669411,10388.751159172169,7627.866570004928
5,Prevalence,33,Armenia,3,Both,14,45-49 years,976,Diabetes mellitus type 2,1,Number,2023,10653.38141133422,12170.11075926451,9340.617029925108
5,Prevalence,33,Armenia,3,Both,15,50-54 years,976,Diabetes mellitus type 2,1,Number,2023,13791.508478326086,16205.800508147026,12211.702073590084
5,Prevalence,33,Armenia,3,Both,16,55-59 years,976,Diabetes mellitus type 2,1,Number,2023,20167.233447057064,23307.73252424358,18176.50765924889
5,Prevalence,33,Armenia,3,Both,17,60-64 years,976,Diabetes mellitus type 2,1,Number,2023,33964.52978238724,38476.57527542187,30686.603459188605
5,Prevalence,33,Armenia,3,Both,18,65-69 years,976,Diabetes mellitus type 2,1,Number,2023,33761.25961096046,37425.88683730965,30676.46332991795
5,Prevalence,33,Armenia,3,Both,19,70-74 years,976,Diabetes mellitus type 2,1,Number,2023,26552.7155872749,28976.90582292524,24345.52855816535
5,Prevalence,33,Armenia,3,Both,20,75-79 years,976,Diabetes mellitus type 2,1,Number,2023,12672.53482489954,13703.744525140455,11601.528010291371
5,Prevalence,33,Armenia,3,Both,30,80-84 years,976,Diabetes mellitus type 2,1,Number,2023,8796.844572041618,9580.589846155262,8048.607114886247
5,Prevalence,33,Armenia,3,Both,31,85-89 years,976,Diabetes mellitus type 2,1,Number,2023,5476.559018912469,5974.658221496255,4991.451257880833
5,Prevalence,33,Armenia,3,Both,32,90-94 years,976,Diabetes mellitus type 2,1,Number,2023,2293.701278671346,2520.675600916491,2097.499941560348
5,Prevalence,33,Armenia,3,Both,235,95+ years,976,Diabetes mellitus type 2,1,Number,2023,635.2427049489937,696.324110887012,578.3514364085121
5,Prevalence,184,Mozambique,3,Both,1,<5 years,976,Diabetes mellitus type 2,1,Number,2023,0.0,0.0,0.0
5,Prevalence,184,Mozambique,3,Both,6,5-9 years,976,Diabetes mellitus type 2,1,Number,2023,0.0,0.0,0.0
5,Prevalence,184,Mozambique,3,Both,7,10-14 years,976,Diabetes mellitus type 2,1,Number,2023,0.0,0.0,0.0
5,Prevalence,184,Mozambique,3,Both,8,15-19 years,976,Diabetes mellitus type 2,1,Number,2023,21002.251686453703,25925.668091949257,17012.16679410413
5,Prevalence,184,Mozambique,3,Both,9,20-24 years,976,Diabetes mellitus type 2,1,Number,2023,27082.38874759354,32413.440902136677,22540.46692258947
5,Prevalence,184,Mozambique,3,Both,10,25-29 years,976,Diabetes mellitus type 2,1,Number,2023,30925.112288779208,36149.46382677947,25887.749973280486
5,Prevalence,184,Mozambique,3,Both,11,30-34 years,976,Diabetes mellitus type 2,1,Number,2023,31272.64591798155,36470.57107684058,26370.65952009321
5,Prevalence,184,Mozambique,3,Both,12,35-39 years,976,Diabetes mellitus type 2,1,Number,2023,32962.927226587526,38265.54533791223,28325.728753974763
5,Prevalence,184,Mozambique,3,Both,13,40-44 years,976,Diabetes mellitus type 2,1,Number,2023,35908.949177087015,41752.91371900155,30700.756378006703
5,Prevalence,184,Mozambique,3,Both,14,45-49 years,976,Diabetes mellitus type 2,1,Number,2023,36356.628493735225,42107.95616705388,31505.951499502164
5,Prevalence,184,Mozambique,3,Both,15,50-54 years,976,Diabetes mellitus type 2,1,Number,2023,35156.7162881685,40725.60121216932,30261.48482987036
5,Prevalence,184,Mozambique,3,Both,16,55-59 years,976,Diabetes mellitus type 2,1,Number,2023,31815.18273281048,36863.06711926352,27520.089578199942
5,Prevalence,184,Mozambique,3,Both,17,60-64 years,976,Diabetes mellitus type 2,1,Number,2023,31947.83651734315,37229.44501048477,27252.48269761315
5,Prevalence,184,Mozambique,3,Both,18,65-69 years,976,Diabetes mellitus type 2,1,Number,2023,37301.96161811957,41750.44822950407,33884.60729616219
5,Prevalence,184,Mozambique,3,Both,19,70-74 years,976,Diabetes mellitus type 2,1,Number,2023,38985.43084999481,42803.534119642325,35426.555474030814
5,Prevalence,184,Mozambique,3,Both,20,75-79 years,976,Diabetes mellitus type 2,1,Number,2023,28503.597223712663,31236.84019264718,25926.19328111643
5,Prevalence,184,Mozambique,3,Both,30,80-84 years,976,Diabetes mellitus type 2,1,Number,2023,15572.424599286263,17096.754389289767,14189.792264336817
5,Prevalence,184,Mozambique,3,Both,31,85-89 years,976,Diabetes mellitus type 2,1,Number,2023,6786.922857120181,7489.225924760846,6107.896543832559
5,Prevalence,184,Mozambique,3,Both,32,90-94 years,976,Diabetes mellitus type 2,1,Number,2023,2119.126514567103,2399.6811653938007,1857.903706586534
5,Prevalence,184,Mozambique,3,Both,235,95+ years,976,Diabetes mellitus type 2,1,Number,2023,789.7324668588317,905.1509388913452,678.0681360672429
5,Prevalence,122,Ecuador,3,Both,1,<5 years,976,Diabetes mellitus type 2,1,Number,2023,0.0,0.0,0.0
5,Prevalence,122,Ecuador,3,Both,6,5-9 years,976,Diabetes mellitus type 2,1,Number,2023,0.0,0.0,0.0
5,Prevalence,122,Ecuador,3,Both,7,10-14 years,976,Diabetes mellitus type 2,1,Number,2023,0.0,0.0,0.0
5,Prevalence,122,Ecuador,3,Both,8,15-19 years,976,Diabetes mellitus type 2,1,Number,2023,8766.999541835889,11459.537027213017,6698.464975414865
5,Prevalence,122,Ecuador,3,Both,9,20-24 years,976,Diabetes mellitus type 2,1,Number,2023,14728.461771386785,18111.26069064818,11956.75403666886
5,Prevalence,122,Ecuador,3,Both,10,25-29 years,976,Diabetes mellitus type 2,1,Number,2023,21540.232206883957,25611.81219287525,18072.455554914748
5,Prevalence,122,Ecuador,3,Both,11,30-34 years,976,Diabetes mellitus type 2,1,Number,2023,31415.784518675395,36720.70507184301,25681.25576204645
5,Prevalence,122,Ecuador,3,Both,12,35-39 years,976,Diabetes mellitus type 2,1,Number,2023,46090.991386906695,52888.96388777241,39083.35250529562
5,Prevalence,122,Ecuador,3,Both,13,40-44 years,976,Diabetes mellitus type 2,1,Number,2023,66305.96722631283,75415.85622637233,56671.17053667271
5,Prevalence,122,Ecuador,3,Both,14,45-49 years,976,Diabetes mellitus type 2,1,Number,2023,83422.44080737226,93674.2247606704,73250.64319195403
5,Prevalence,122,Ecuador,3,Both,15,50-54 years,976,Diabetes mellitus type 2,1,Number,2023,104139.72172778744,119417.15508007463,91384.15469928744
5,Prevalence,122,Ecuador,3,Both,16,55-59 years,976,Diabetes mellitus type 2,1,Number,2023,119374.36546587736,134040.58737030093,104769.25032257724
5,Prevalence,122,Ecuador,3,Both,17,60-64 years,976,Diabetes mellitus type 2,1,Number,2023,132048.61922236157,148669.7320874835,111928.40911900662
5,Prevalence,122,Ecuador,3,Both,18,65-69 years,976,Diabetes mellitus type 2,1,Number,2023,137019.0114115051,150721.48429709114,121182.14021519777
5,Prevalence,122,Ecuador,3,Both,19,70-74 years,976,Diabetes mellitus type 2,1,Number,2023,125205.5678983755,133504.44032672924,118582.12023104807
5,Prevalence,122,Ecuador,3,Both,20,75-79 years,976,Diabetes mellitus type 2,1,Number,2023,96366.05213697528,101708.95346647444,91523.81135682132
5,Prevalence,122,Ecuador,3,Both,30,80-84 years,976,Diabetes mellitus type 2,1,Number,2023,61474.9011160286,65032.56657866093,58312.36208439895
5,Prevalence,122,Ecuador,3,Both,31,85-89 years,976,Diabetes mellitus type 2,1,Number,2023,33356.11538588037,35194.00785989654,31534.45447948253
5,Prevalence,122,Ecuador,3,Both,32,90-94 years,976,Diabetes mellitus type 2,1,Number,2023,12599.175596013758,13468.246214783874,11836.305977359503
5,Prevalence,122,Ecuador,3,Both,235,95+ years,976,Diabetes mellitus type 2,1,Number,2023,1596.783322362163,1732.1653450810195,1494.047404148282
5,Prevalence,163,India,3,Both,1,<5 years,976,Diabetes mellitus type 2,1,Number,2023,0.0,0.0,0.0
5,Prevalence,163,India,3,Both,6,5-9 years,976,Diabetes mellitus type 2,1,Number,2023,0.0,0.0,0.0
5,Prevalence,163,India,3,Both,7,10-14 years,976,Diabetes mellitus type 2,1,Number,2023,0.0,0.0,0.0
5,Prevalence,163,India,3,Both,8,15-19 years,976,Diabetes mellitus type 2,1,Number,2023,1014499.138043382,1344703.0525499922,776348.139126762
5,Prevalence,163,India,3,Both,9,20-24 years,976,Diabetes mellitus type 2,1,Number,2023,1903180.8710618685,2383225.986199864,1520128.5131022604
5,Prevalence,163,India,3,Both,10,25-29 years,976,Diabetes mellitus type 2,1,Number,2023,3086405.532421333,3827206.980067948,2493727.564780946
5,Prevalence,163,India,3,Both,11,30-34 years,976,Diabetes mellitus type 2,1,Number,2023,4851784.739763003,5868607.506912868,3951711.751465637
5,Prevalence,163,India,3,Both,12,35-39 years,976,Diabetes mellitus type 2,1,Number,2023,7358119.22244419,8690410.100069815,6201041.204566553
5,Prevalence,163,India,3,Both,13,40-44 years,976,Diabetes mellitus type 2,1,Number,2023,9755763.568164248,11533486.604800148,8267670.28615441
5,Prevalence,163,India,3,Both,14,45-49 years,976,Diabetes mellitus type 2,1,Number,2023,11543412.05273517,13229932.451131206,10028655.118374284
5,Prevalence,163,India,3,Both,15,50-54 years,976,Diabetes mellitus type 2,1,Number,2023,12910784.458840674,14709770.19330969,10964470.997858517
5,Prevalence,163,India,3,Both,16,55-59 years,976,Diabetes mellitus type 2,1,Number,2023,13151202.200333573,14746328.95030591,11596845.56009895
5,Prevalence,163,India,3,Both,17,60-64 years,976,Diabetes mellitus type 2,1,Number,2023,12870583.873308768,14301555.565342948,11600749.274674688
5,Prevalence,163,India,3,Both,18,65-69 years,976,Diabetes mellitus type 2,1,Number,2023,10774595.612773152,11912005.10718686,9757049.79338311
5,Prevalence,163,India,3,Both,19,70-74 years,976,Diabetes mellitus type 2,1,Number,2023,7960685.631900713,8764847.809441607,7257855.548556821
5,Prevalence,163,India,3,Both,20,75-79 years,976,Diabetes mellitus type 2,1,Number,2023,4838157.54960374,5317297.8846846605,4401786.613964054
5,Prevalence,163,India,3,Both,30,80-84 years,976,Diabetes mellitus type 2,1,Number,2023,2461993.7890055343,2703750.445625306,2219184.412148932
5,Prevalence,163,India,3,Both,31,85-89 years,976,Diabetes mellitus type 2,1,Number,2023,949988.2093748607,1066843.1068269366,841119.2406415215
5,Prevalence,163,India,3,Both,32,90-94 years,976,Diabetes mellitus type 2,1,Number,2023,226202.50018679327,258663.7053538873,193077.1134582521
5,Prevalence,163,India,3,Both,235,95+ years,976,Diabetes mellitus type 2,1,Number,2023,34764.78409908299,40549.31893029633,28493.05136364015
5,Prevalence,101,Canada,3,Both,1,<5 years,976,Diabetes mellitus type 2,1,Number,2023,0.0,0.0,0.0
5,Prevalence,101,Canada,3,Both,6,5-9 years,976,Diabetes mellitus type 2,1,Number,2023,0.0,0.0,0.0
5,Prevalence,101,Canada,3,Both,7,10-14 years,976,Diabetes mellitus type 2,1,Number,2023,0.0,0.0,0.0
5,Prevalence,101,Canada,3,Both,8,15-19 years,976,Diabetes mellitus type 2,1,Number,2023,4088.0787253766766,6100.783916876286,1335.008135851357
5,Prevalence,101,Canada,3,Both,9,20-24 years,976,Diabetes mellitus type 2,1,Number,2023,3693.391419650842,6638.486687561095,973.3947723109494
5,Prevalence,298,American Samoa,3,Both,1,<5 years,976,Diabetes mellitus type 2,1,Number,2023,0.0,0.0,0.0
5,Prevalence,298,American Samoa,3,Both,6,5-9 years,976,Diabetes mellitus type 2,1,Number,2023,0.0,0.0,0.0
5,Prevalence,298,American Samoa,3,Both,7,10-14 years,976,Diabetes mellitus type 2,1,Number,2023,0.0,0.0,0.0
5,Prevalence,298,American Samoa,3,Both,8,15-19 years,976,Diabetes mellitus type 2,1,Number,2023,83.93308487627387,108.64684615321286,66.69683262337593
5,Prevalence,298,American Samoa,3,Both,9,20-24 years,976,Diabetes mellitus type 2,1,Number,2023,209.1764688743153,258.6847445911816,168.58765316259664
5,Prevalence,298,American Samoa,3,Both,10,25-29 years,976,Diabetes mellitus type 2,1,Number,2023,269.59565793313266,321.2243760340923,223.96793810166983
5,Prevalence,298,American Samoa,3,Both,11,30-34 years,976,Diabetes mellitus type 2,1,Number,2023,375.046429780099,441.9292991159152,318.6955252598009
5,Prevalence,298,American Samoa,3,Both,12,35-39 years,976,Diabetes mellitus type 2,1,Number,2023,512.8091770650532,594.4314768493005,443.3286282318304
5,Prevalence,298,American Samoa,3,Both,13,40-44 years,976,Diabetes mellitus type 2,1,Number,2023,746.8879485365569,863.9365973912327,637.9691920017713
5,Prevalence,298,American Samoa,3,Both,14,45-49 years,976,Diabetes mellitus type 2,1,Number,2023,1052.671989829356,1176.5876843466008,930.7645388827708
5,Prevalence,298,American Samoa,3,Both,15,50-54 years,976,Diabetes mellitus type 2,1,Number,2023,1249.281588182242,1365.9789493379883,1122.4753623821784
5,Prevalence,298,American Samoa,3,Both,16,55-59 years,976,Diabetes mellitus type 2,1,Number,2023,1319.8810489778928,1444.683699033545,1191.3004674082115
5,Prevalence,298,American Samoa,3,Both,17,60-64 years,976,Diabetes mellitus type 2,1,Number,2023,1016.1572121910236,1102.7400796704828,936.5041157483828
5,Prevalence,298,American Samoa,3,Both,18,65-69 years,976,Diabetes mellitus type 2,1,Number,2023,734.6576179116208,792.4655473299408,685.1561626717873
5,Prevalence,298,American Samoa,3,Both,19,70-74 years,976,Diabetes mellitus type 2,1,Number,2023,485.4055160364655,521.7899181263296,450.2159262709488
5,Prevalence,298,American Samoa,3,Both,20,75-79 years,976,Diabetes mellitus type 2,1,Number,2023,244.7700801388156,265.0674897012776,225.40120450215448
5,Prevalence,298,American Samoa,3,Both,30,80-84 years,976,Diabetes mellitus type 2,1,Number,2023,113.831021502253,123.7711692000337,104.35966119139022
5,Prevalence,298,American Samoa,3,Both,31,85-89 years,976,Diabetes mellitus type 2,1,Number,2023,44.30569871221351,48.88323693163094,39.456415981621525
5,Prevalence,298,American Samoa,3,Both,32,90-94 years,976,Diabetes mellitus type 2,1,Number,2023,10.66079183554783,12.073279902619014,9.287210912325191
5,Prevalence,298,American Samoa,3,Both,235,95+ years,976,Diabetes mellitus type 2,1,Number,2023,1.778447783920875,2.1507751170343696,1.440483945032739
5,Prevalence,89,Netherlands,3,Both,1,<5 years,976,Diabetes mellitus type 2,1,Number,2023,0.0,0.0,0.0
5,Prevalence,89,Netherlands,3,Both,6,5-9 years,976,Diabetes mellitus type 2,1,Number,2023,0.0,0.0,0.0
5,Prevalence,89,Netherlands,3,Both,7,10-14 years,976,Diabetes mellitus type 2,1,Number,2023,0.0,0.0,0.0
5,Prevalence,89,Netherlands,3,Both,8,15-19 years,976,Diabetes mellitus type 2,1,Number,2023,798.6905768548767,2289.279394012549,0.0
5,Prevalence,89,Netherlands,3,Both,9,20-24 years,976,Diabetes mellitus type 2,1,Number,2023,4774.889556187116,7108.325046248069,2601.0380446644167
5,Prevalence,89,Netherlands,3,Both,10,25-29 years,976,Diabetes mellitus type 2,1,Number,2023,10450.865746013224,14093.647992952749,7533.158543586805
5,Prevalence,89,Netherlands,3,Both,11,30-34 years,976,Diabetes mellitus type 2,1,Number,2023,18710.84718903141,23285.978274430992,14705.67340116124
5,Prevalence,89,Netherlands,3,Both,12,35-39 years,976,Diabetes mellitus type 2,1,Number,2023,26570.64604813245,32394.111191968685,21629.103119720523
5,Prevalence,89,Netherlands,3,Both,13,40-44 years,976,Diabetes mellitus type 2,1,Number,2023,35785.53763618536,42312.23181507235,29866.847749026823
5,Prevalence,89,Netherlands,3,Both,14,45-49 years,976,Diabetes mellitus type 2,1,Number,2023,47463.7841260355,55890.1728750894,40495.46688244953
5,Prevalence,89,Netherlands,3,Both,15,50-54 years,976,Diabetes mellitus type 2,1,Number,2023,73891.46038510617,85208.28224087266,63345.784513346895
5,Prevalence,89,Netherlands,3,Both,16,55-59 years,976,Diabetes mellitus type 2,1,Number,2023,95420.61190780612,108456.42006798716,82582.87610195711
5,Prevalence,89,Netherlands,3,Both,17,60-64 years,976,Diabetes mellitus type 2,1,Number,2023,113033.86173876315,126530.37503872567,100738.47604572737
5,Prevalence,89,Netherlands,3,Both,18,65-69 years,976,Diabetes mellitus type 2,1,Number,2023,120021.53304865069,130027.22182930604,109656.86800239272
5,Prevalence,89,Netherlands,3,Both,19,70-74 years,976,Diabetes mellitus type 2,1,Number,2023,124903.41673483168,133655.4140414425,116978.36363052504
5,Prevalence,89,Netherlands,3,Both,20,75-79 years,976,Diabetes mellitus type 2,1,Number,2023,109550.1361215758,117583.84694058228,102448.81468433209
5,Prevalence,89,Netherlands,3,Both,30,80-84 years,976,Diabetes mellitus type 2,1,Number,2023,64947.48737656552,69589.90398006889,60624.35823507588
5,Prevalence,89,Netherlands,3,Both,31,85-89 years,976,Diabetes mellitus type 2,1,Number,2023,33732.27701222749,36140.6406380823,31518.61100994055
5,Prevalence,89,Netherlands,3,Both,32,90-94 years,976,Diabetes mellitus type 2,1,Number,2023,12828.510256111853,13902.56581249134,11853.15969633548
5,Prevalence,89,Netherlands,3,Both,235,95+ years,976,Diabetes mellitus type 2,1,Number,2023,2391.3095799604453,2700.9376642667057,2149.481602083113
5,Prevalence,126,Costa Rica,3,Both,1,<5 years,976,Diabetes mellitus type 2,1,Number,2023,0.0,0.0,0.0
5,Prevalence,126,Costa Rica,3,Both,6,5-9 years,976,Diabetes mellitus type 2,1,Number,2023,0.0,0.0,0.0
5,Prevalence,126,Costa Rica,3,Both,7,10-14 years,976,Diabetes mellitus type 2,1,Number,2023,0.0,0.0,0.0
5,Prevalence,126,Costa Rica,3,Both,8,15-19 years,976,Diabetes mellitus type 2,1,Number,2023,5283.518556907902,6873.169062126498,4169.860179836523
5,Prevalence,126,Costa Rica,3,Both,9,20-24 years,976,Diabetes mellitus type 2,1,Number,2023,9841.544749165392,11876.021245671014,7888.463960718815
5,Prevalence,126,Costa Rica,3,Both,10,25-29 years,976,Diabetes mellitus type 2,1,Number,2023,16261.303987267896,19537.80257848427,13364.792181568188
5,Prevalence,126,Costa Rica,3,Both,11,30-34 years,976,Diabetes mellitus type 2,1,Number,2023,24055.517801032,28949.91904117321,19686.17462204751
5,Prevalence,126,Costa Rica,3,Both,12,35-39 years,976,Diabetes mellitus type 2,1,Number,2023,33092.46802650593,39118.904263426215,27387.721004997595
5,Prevalence,126,Costa Rica,3,Both,13,40-44 years,976,Diabetes mellitus type 2,1,Number,2023,38405.696757125246,44718.64331182025,32336.83388361233
5,Prevalence,126,Costa Rica,3,Both,14,45-49 years,976,Diabetes mellitus type 2,1,Number,2023,41659.80567800396,48411.06881304394,35110.36800025501
5,Prevalence,126,Costa Rica,3,Both,15,50-54 years,976,Diabetes mellitus type 2,1,Number,2023,48670.3311102248,55775.72871804662,42486.54894673345
5,Prevalence,126,Costa Rica,3,Both,16,55-59 years,976,Diabetes mellitus type 2,1,Number,2023,60699.67509231629,69026.59103396916,52584.96645868428
5,Prevalence,126,Costa Rica,3,Both,17,60-64 years,976,Diabetes mellitus type 2,1,Number,2023,65242.99355963419,74777.47231832234,57216.650737947566
5,Prevalence,126,Costa Rica,3,Both,18,65-69 years,976,Diabetes mellitus type 2,1,Number,2023,58113.00405812107,66361.77080020873,50865.75704999102
5,Prevalence,126,Costa Rica,3,Both,19,70-74 years,976,Diabetes mellitus type 2,1,Number,2023,43729.87821738622,48464.86718869896,39532.94288268896
5,Prevalence,126,Costa Rica,3,Both,20,75-79 years,976,Diabetes mellitus type 2,1,Number,2023,29862.07358948817,33283.92131401488,27010.55439114405
5,Prevalence,126,Costa Rica,3,Both,30,80-84 years,976,Diabetes mellitus type 2,1,Number,2023,17928.41187395495,19972.926304083863,16121.310719446454
5,Prevalence,126,Costa Rica,3,Both,31,85-89 years,976,Diabetes mellitus type 2,1,Number,2023,9447.474545062514,10610.803053720098,8420.52456713637
5,Prevalence,126,Costa Rica,3,Both,32,90-94 years,976,Diabetes mellitus type 2,1,Number,2023,4147.096955218295,4702.580224950983,3618.681960048289
5,Prevalence,79,Finland,3,Both,1,<5 years,976,Diabetes mellitus type 2,1,Number,2023,0.0,0.0,0.0
5,Prevalence,79,Finland,3,Both,6,5-9 years,976,Diabetes mellitus type 2,1,Number,2023,0.0,0.0,0.0
5,Prevalence,79,Finland,3,Both,7,10-14 years,976,Diabetes mellitus type 2,1,Number,2023,0.0,0.0,0.0
5,Prevalence,79,Finland,3,Both,8,15-19 years,976,Diabetes mellitus type 2,1,Number,2023,249.31993957660916,1006.8790800500844,0.0
5,Prevalence,79,Finland,3,Both,9,20-24 years,976,Diabetes mellitus type 2,1,Number,2023,2148.457111985197,3470.9125813723404,962.354204011398
5,Prevalence,79,Finland,3,Both,10,25-29 years,976,Diabetes mellitus type 2,1,Number,2023,5835.754367995408,7937.745293484006,3900.508657945869
5,Prevalence,79,Finland,3,Both,11,30-34 years,976,Diabetes mellitus type 2,1,Number,2023,11718.780631299607,15106.09090688123,8850.181622693386
5,Prevalence,79,Finland,3,Both,12,35-39 years,976,Diabetes mellitus type 2,1,Number,2023,17554.971858150362,21342.12610190844,14312.593728303063
5,Prevalence,79,Finland,3,Both,13,40-44 years,976,Diabetes mellitus type 2,1,Number,2023,24507.271541100803,29258.21585829618,20337.90373796137
5,Prevalence,79,Finland,3,Both,14,45-49 years,976,Diabetes mellitus type 2,1,Number,2023,30432.054323558048,34808.4405227082,25579.727615168653
5,Prevalence,79,Finland,3,Both,15,50-54 years,976,Diabetes mellitus type 2,1,Number,2023,34886.91628814821,39305.465981344896,29472.264817476444
5,Prevalence,79,Finland,3,Both,16,55-59 years,976,Diabetes mellitus type 2,1,Number,2023,49453.164294522285,56162.37319288171,42813.46579421229
5,Prevalence,79,Finland,3,Both,17,60-64 years,976,Diabetes mellitus type 2,1,Number,2023,59906.37086672976,68348.91498778238,52336.810230805815
5,Prevalence,79,Finland,3,Both,18,65-69 years,976,Diabetes mellitus type 2,1,Number,2023,67675.98054966766,77135.657269314,59891.35959488976
5,Prevalence,79,Finland,3,Both,19,70-74 years,976,Diabetes mellitus type 2,1,Number,2023,73963.60760962217,82016.9325345798,66770.53884787268
5,Prevalence,79,Finland,3,Both,20,75-79 years,976,Diabetes mellitus type 2,1,Number,2023,67792.04276644292,74031.63565532397,61512.76259459581
5,Prevalence,79,Finland,3,Both,30,80-84 years,976,Diabetes mellitus type 2,1,Number,2023,38461.13033233399,42099.35524763406,35008.601419972256
5,Prevalence,79,Finland,3,Both,31,85-89 years,976,Diabetes mellitus type 2,1,Number,2023,22659.09272231285,24872.126062472085,20397.924731217183
5,Prevalence,79,Finland,3,Both,32,90-94 years,976,Diabetes mellitus type 2,1,Number,2023,9864.004029697033,10977.04674409055,8825.1438023682
5,Prevalence,79,Finland,3,Both,235,95+ years,976,Diabetes mellitus type 2,1,Number,2023,2396.5553227871906,2680.65412438183,2110.6962152997967
5,Prevalence,78,Denmark,3,Both,16,55-59 years,976,Diabetes mellitus type 2,1,Number,2023,33969.997734838624,38707.96613543873,29362.216597174072
5,Prevalence,78,Denmark,3,Both,17,60-64 years,976,Diabetes mellitus type 2,1,Number,2023,37583.56999497217,41871.685512119046,33301.413491392304
5,Prevalence,78,Denmark,3,Both,18,65-69 years,976,Diabetes mellitus type 2,1,Number,2023,41666.93055332265,45909.017238723536,37581.75858058807
5,Prevalence,78,Denmark,3,Both,19,70-74 years,976,Diabetes mellitus type 2,1,Number,2023,43932.1521508101,47487.18851660319,39636.1404877609
5,Prevalence,78,Denmark,3,Both,20,75-79 years,976,Diabetes mellitus type 2,1,Number,2023,43967.85859997854,47335.3436965234,39251.50021955812
5,Prevalence,78,Denmark,3,Both,30,80-84 years,976,Diabetes mellitus type 2,1,Number,2023,25146.09913510812,27119.08830707987,22639.79506398754
5,Prevalence,78,Denmark,3,Both,31,85-89 years,976,Diabetes mellitus type 2,1,Number,2023,11972.515543404184,13064.869313096597,10816.019577595169
5,Prevalence,78,Denmark,3,Both,32,90-94 years,976,Diabetes mellitus type 2,1,Number,2023,4141.10873839056,4600.70219393021,3655.582709631981
5,Prevalence,78,Denmark,3,Both,235,95+ years,976,Diabetes mellitus type 2,1,Number,2023,829.5356614682951,960.938774111888,710.2497603293974
5,Prevalence,69,Singapore,3,Both,1,<5 years,976,Diabetes mellitus type 2,1,Number,2023,0.0,0.0,0.0
5,Prevalence,69,Singapore,3,Both,6,5-9 years,976,Diabetes mellitus type 2,1,Number,2023,0.0,0.0,0.0
5,Prevalence,69,Singapore,3,Both,7,10-14 years,976,Diabetes mellitus type 2,1,Number,2023,0.0,0.0,0.0
5,Prevalence,69,Singapore,3,Both,8,15-19 years,976,Diabetes mellitus type 2,1,Number,2023,535.8739370282373,757.5849736036424,360.20703153323626
5,Prevalence,69,Singapore,3,Both,9,20-24 years,976,Diabetes mellitus type 2,1,Number,2023,2212.979153167031,2875.4406847348964,1676.4237094228818
5,Prevalence,69,Singapore,3,Both,10,25-29 years,976,Diabetes mellitus type 2,1,Number,2023,4461.80709935054,5612.834905480738,3567.994802081707
5,Prevalence,69,Singapore,3,Both,11,30-34 years,976,Diabetes mellitus type 2,1,Number,2023,10929.612330738984,13260.4074160944,8952.963016865813
5,Prevalence,69,Singapore,3,Both,12,35-39 years,976,Diabetes mellitus type 2,1,Number,2023,15251.678604758774,17592.399966395264,12931.332101887643
5,Prevalence,69,Singapore,3,Both,13,40-44 years,976,Diabetes mellitus type 2,1,Number,2023,35589.15599736386,40850.79042499662,29598.898867384523
5,Prevalence,69,Singapore,3,Both,14,45-49 years,976,Diabetes mellitus type 2,1,Number,2023,28801.01017923258,33197.426196471075,24467.9475085094
5,Prevalence,69,Singapore,3,Both,15,50-54 years,976,Diabetes mellitus type 2,1,Number,2023,40911.45568367641,47388.067495610645,35480.735338185295
5,Prevalence,69,Singapore,3,Both,16,55-59 years,976,Diabetes mellitus type 2,1,Number,2023,46338.35850019216,53169.17654719853,40626.99078891217
5,Prevalence,69,Singapore,3,Both,17,60-64 years,976,Diabetes mellitus type 2,1,Number,2023,50119.81138244698,56844.16600281249,43810.394279887296
5,Prevalence,69,Singapore,3,Both,18,65-69 years,976,Diabetes mellitus type 2,1,Number,2023,47118.63240458754,53585.88581077328,42215.2821573111
5,Prevalence,69,Singapore,3,Both,19,70-74 years,976,Diabetes mellitus type 2,1,Number,2023,38135.56046295283,42862.3013106723,34474.522155880564
5,Prevalence,69,Singapore,3,Both,20,75-79 years,976,Diabetes mellitus type 2,1,Number,2023,23497.298555167665,26410.298153709395,21227.91473452423
5,Prevalence,69,Singapore,3,Both,30,80-84 years,976,Diabetes mellitus type 2,1,Number,2023,14171.50521903535,15914.112047908837,12826.86389382166
5,Prevalence,69,Singapore,3,Both,31,85-89 years,976,Diabetes mellitus type 2,1,Number,2023,7236.394198190039,8152.995527179718,6566.494395981764
5,Prevalence,69,Singapore,3,Both,32,90-94 years,976,Diabetes mellitus type 2,1,Number,2023,3529.338732528897,3985.7349497833593,3191.6871198650547
5,Prevalence,207,Ghana,3,Both,1,<5 years,976,Diabetes mellitus type 2,1,Number,2023,0.0,0.0,0.0
5,Prevalence,207,Ghana,3,Both,6,5-9 years,976,Diabetes mellitus type 2,1,Number,2023,0.0,0.0,0.0
5,Prevalence,207,Ghana,3,Both,7,10-14 years,976,Diabetes mellitus type 2,1,Number,2023,0.0,0.0,0.0
5,Prevalence,207,Ghana,3,Both,8,15-19 years,976,Diabetes mellitus type 2,1,Number,2023,48363.95976384994,60462.84476943973,39295.73048916215
5,Prevalence,207,Ghana,3,Both,9,20-24 years,976,Diabetes mellitus type 2,1,Number,2023,74585.11575215543,90320.97248370072,61646.342227980655
5,Prevalence,207,Ghana,3,Both,10,25-29 years,976,Diabetes mellitus type 2,1,Number,2023,91776.6000604072,109050.02617723792,76883.37665143108
5,Prevalence,207,Ghana,3,Both,11,30-34 years,976,Diabetes mellitus type 2,1,Number,2023,103914.30920677388,121622.2978230745,88109.0715190509
5,Prevalence,207,Ghana,3,Both,12,35-39 years,976,Diabetes mellitus type 2,1,Number,2023,112349.2781739519,127287.43109814214,96875.68728640124
5,Prevalence,207,Ghana,3,Both,13,40-44 years,976,Diabetes mellitus type 2,1,Number,2023,113325.2252854686,131019.54696791938,96419.8007755705
5,Prevalence,207,Ghana,3,Both,14,45-49 years,976,Diabetes mellitus type 2,1,Number,2023,106748.46421186352,121307.29507333964,88370.43894234412
5,Prevalence,207,Ghana,3,Both,15,50-54 years,976,Diabetes mellitus type 2,1,Number,2023,100485.47776044914,115743.56615870446,84096.22281148087
5,Prevalence,207,Ghana,3,Both,16,55-59 years,976,Diabetes mellitus type 2,1,Number,2023,96442.35776546456,110883.9917437633,82241.94288874761
5,Prevalence,207,Ghana,3,Both,17,60-64 years,976,Diabetes mellitus type 2,1,Number,2023,95869.02204617774,110408.86850934794,82272.39581709058
5,Prevalence,207,Ghana,3,Both,18,65-69 years,976,Diabetes mellitus type 2,1,Number,2023,90663.68602656107,101698.34518983016,80912.30638697272
5,Prevalence,207,Ghana,3,Both,19,70-74 years,976,Diabetes mellitus type 2,1,Number,2023,75230.875648893,82553.7613761978,68682.49240244014
5,Prevalence,207,Ghana,3,Both,20,75-79 years,976,Diabetes mellitus type 2,1,Number,2023,48253.53100468599,53255.32524713528,44039.71188203112
5,Prevalence,207,Ghana,3,Both,30,80-84 years,976,Diabetes mellitus type 2,1,Number,2023,26696.911174648245,29666.73172350906,24241.71110852824
5,Prevalence,207,Ghana,3,Both,31,85-89 years,976,Diabetes mellitus type 2,1,Number,2023,11161.20631750454,12440.453589536712,9988.177817062468
5,Prevalence,207,Ghana,3,Both,32,90-94 years,976,Diabetes mellitus type 2,1,Number,2023,3045.055450530077,3472.331198148888,2648.3390200508675
5,Prevalence,207,Ghana,3,Both,235,95+ years,976,Diabetes mellitus type 2,1,Number,2023,671.218427042277,801.4547649094753,554.7082755297275
5,Prevalence,126,Costa Rica,3,Both,235,95+ years,976,Diabetes mellitus type 2,1,Number,2023,733.8901050266381,859.7006118945259,612.7872093906361
5,Prevalence,198,Zimbabwe,3,Both,1,<5 years,976,Diabetes mellitus type 2,1,Number,2023,0.0,0.0,0.0
5,Prevalence,198,Zimbabwe,3,Both,6,5-9 years,976,Diabetes mellitus type 2,1,Number,2023,0.0,0.0,0.0
5,Prevalence,198,Zimbabwe,3,Both,7,10-14 years,976,Diabetes mellitus type 2,1,Number,2023,0.0,0.0,0.0
5,Prevalence,198,Zimbabwe,3,Both,8,15-19 years,976,Diabetes mellitus type 2,1,Number,2023,14376.848625435856,17780.745134308305,11408.161045378612
5,Prevalence,198,Zimbabwe,3,Both,9,20-24 years,976,Diabetes mellitus type 2,1,Number,2023,17102.104161505522,20773.085564915636,14196.370217709084
5,Prevalence,198,Zimbabwe,3,Both,10,25-29 years,976,Diabetes mellitus type 2,1,Number,2023,20476.54759714812,24397.044800579977,17248.85184762871
5,Prevalence,198,Zimbabwe,3,Both,11,30-34 years,976,Diabetes mellitus type 2,1,Number,2023,26182.324847301763,30936.395167879517,22052.43484382343
5,Prevalence,198,Zimbabwe,3,Both,12,35-39 years,976,Diabetes mellitus type 2,1,Number,2023,31303.972645790032,36324.00026958065,26651.94830038269
5,Prevalence,198,Zimbabwe,3,Both,13,40-44 years,976,Diabetes mellitus type 2,1,Number,2023,36269.2056892374,41500.50417222735,30781.606015722708
5,Prevalence,198,Zimbabwe,3,Both,14,45-49 years,976,Diabetes mellitus type 2,1,Number,2023,39030.6008115391,44461.829063152734,33165.17049266059
5,Prevalence,198,Zimbabwe,3,Both,15,50-54 years,976,Diabetes mellitus type 2,1,Number,2023,33160.182445618,38723.14455677528,28414.30324606496
5,Prevalence,198,Zimbabwe,3,Both,16,55-59 years,976,Diabetes mellitus type 2,1,Number,2023,32221.45589928211,36898.87160582209,28256.3670150464
5,Prevalence,198,Zimbabwe,3,Both,17,60-64 years,976,Diabetes mellitus type 2,1,Number,2023,37592.6137267712,43036.74885955505,32935.280919154524
5,Prevalence,198,Zimbabwe,3,Both,18,65-69 years,976,Diabetes mellitus type 2,1,Number,2023,40160.29956624032,45056.89982164086,35933.73959772149
5,Prevalence,198,Zimbabwe,3,Both,19,70-74 years,976,Diabetes mellitus type 2,1,Number,2023,36341.358207784906,40492.02630500535,32745.043394665823
5,Prevalence,198,Zimbabwe,3,Both,20,75-79 years,976,Diabetes mellitus type 2,1,Number,2023,25153.12297385605,28223.18641231454,22695.134721967777
5,Prevalence,198,Zimbabwe,3,Both,30,80-84 years,976,Diabetes mellitus type 2,1,Number,2023,14562.571912313477,16408.325516030687,13098.449432268502
5,Prevalence,198,Zimbabwe,3,Both,31,85-89 years,976,Diabetes mellitus type 2,1,Number,2023,6681.318482056135,7563.180522629469,5854.26200715618
5,Prevalence,198,Zimbabwe,3,Both,32,90-94 years,976,Diabetes mellitus type 2,1,Number,2023,2107.85216300276,2471.747110023932,1776.1388596793954
5,Prevalence,198,Zimbabwe,3,Both,235,95+ years,976,Diabetes mellitus type 2,1,Number,2023,863.7103732470541,1091.6667349828238,692.6370180098642
5,Prevalence,127,El Salvador,3,Both,1,<5 years,976,Diabetes mellitus type 2,1,Number,2023,0.0,0.0,0.0
5,Prevalence,127,El Salvador,3,Both,6,5-9 years,976,Diabetes mellitus type 2,1,Number,2023,0.0,0.0,0.0
5,Prevalence,127,El Salvador,3,Both,7,10-14 years,976,Diabetes mellitus type 2,1,Number,2023,0.0,0.0,0.0
5,Prevalence,127,El Salvador,3,Both,8,15-19 years,976,Diabetes mellitus type 2,1,Number,2023,5724.552473815385,7409.449113059498,4519.758532088612
5,Prevalence,127,El Salvador,3,Both,9,20-24 years,976,Diabetes mellitus type 2,1,Number,2023,11087.4778772639,13495.41338930232,8943.457111268519
5,Prevalence,127,El Salvador,3,Both,10,25-29 years,976,Diabetes mellitus type 2,1,Number,2023,18176.888182197097,21511.58585151488,15108.716853253616
5,Prevalence,127,El Salvador,3,Both,11,30-34 years,976,Diabetes mellitus type 2,1,Number,2023,23440.215510340004,27413.934774680805,19268.51618774319
5,Prevalence,127,El Salvador,3,Both,12,35-39 years,976,Diabetes mellitus type 2,1,Number,2023,27967.77175713851,32173.962228401568,24240.58515477177
5,Prevalence,127,El Salvador,3,Both,13,40-44 years,976,Diabetes mellitus type 2,1,Number,2023,36539.8820532775,41277.38264147373,30970.204401769628
5,Prevalence,127,El Salvador,3,Both,14,45-49 years,976,Diabetes mellitus type 2,1,Number,2023,44266.09570551303,49863.69946937062,38035.51174046764
5,Prevalence,127,El Salvador,3,Both,15,50-54 years,976,Diabetes mellitus type 2,1,Number,2023,48750.61238478564,55336.37913661984,42939.91703647694
5,Prevalence,127,El Salvador,3,Both,16,55-59 years,976,Diabetes mellitus type 2,1,Number,2023,51074.36445504431,57181.27788451739,45578.56341295589
5,Prevalence,127,El Salvador,3,Both,17,60-64 years,976,Diabetes mellitus type 2,1,Number,2023,49598.49270849575,55046.330494755166,44386.32550842965
5,Prevalence,127,El Salvador,3,Both,18,65-69 years,976,Diabetes mellitus type 2,1,Number,2023,44565.66835565268,49037.63528537189,39779.09515970413
5,Prevalence,127,El Salvador,3,Both,19,70-74 years,976,Diabetes mellitus type 2,1,Number,2023,36321.55759450828,39926.06117587834,32599.052028681075
5,Prevalence,127,El Salvador,3,Both,20,75-79 years,976,Diabetes mellitus type 2,1,Number,2023,26621.38774397804,29252.670489474556,24023.574703579878
5,Prevalence,127,El Salvador,3,Both,30,80-84 years,976,Diabetes mellitus type 2,1,Number,2023,16345.401713919791,18221.78553724613,14772.827628949148
5,Prevalence,127,El Salvador,3,Both,31,85-89 years,976,Diabetes mellitus type 2,1,Number,2023,7768.169465327679,8738.606956385565,6921.294603944327
5,Prevalence,127,El Salvador,3,Both,32,90-94 years,976,Diabetes mellitus type 2,1,Number,2023,2407.9168068166973,2778.03021063764,2107.977613201529
5,Prevalence,127,El Salvador,3,Both,235,95+ years,976,Diabetes mellitus type 2,1,Number,2023,384.3232432202233,470.0458502688016,319.93885163623514
5,Prevalence,69,Singapore,3,Both,235,95+ years,976,Diabetes mellitus type 2,1,Number,2023,1159.0526938737478,1318.1798641132766,1046.980602917161
5,Prevalence,55,Slovenia,3,Both,1,<5 years,976,Diabetes mellitus type 2,1,Number,2023,0.0,0.0,0.0
5,Prevalence,55,Slovenia,3,Both,6,5-9 years,976,Diabetes mellitus type 2,1,Number,2023,0.0,0.0,0.0
5,Prevalence,55,Slovenia,3,Both,7,10-14 years,976,Diabetes mellitus type 2,1,Number,2023,0.0,0.0,0.0
5,Prevalence,55,Slovenia,3,Both,8,15-19 years,976,Diabetes mellitus type 2,1,Number,2023,188.93779627685905,345.83430939650333,26.423456904587784
5,Prevalence,55,Slovenia,3,Both,9,20-24 years,976,Diabetes mellitus type 2,1,Number,2023,382.2539793791857,547.7212879944767,228.63520064497308
5,Prevalence,55,Slovenia,3,Both,10,25-29 years,976,Diabetes mellitus type 2,1,Number,2023,625.3647166779339,814.6937374414338,453.5318713039726
5,Prevalence,55,Slovenia,3,Both,11,30-34 years,976,Diabetes mellitus type 2,1,Number,2023,1023.6302248620032,1273.2764806019527,786.2356501776721
5,Prevalence,55,Slovenia,3,Both,12,35-39 years,976,Diabetes mellitus type 2,1,Number,2023,1877.2137010911515,2292.3738741488723,1495.664505936053
5,Prevalence,55,Slovenia,3,Both,13,40-44 years,976,Diabetes mellitus type 2,1,Number,2023,3469.8303349446232,4233.305882888943,2781.6986179885635
5,Prevalence,55,Slovenia,3,Both,14,45-49 years,976,Diabetes mellitus type 2,1,Number,2023,5790.535174288159,6883.034993169626,4852.665484266497
5,Prevalence,55,Slovenia,3,Both,15,50-54 years,976,Diabetes mellitus type 2,1,Number,2023,9125.746014057337,10905.397709092396,7671.345777871581
5,Prevalence,55,Slovenia,3,Both,16,55-59 years,976,Diabetes mellitus type 2,1,Number,2023,16590.322637677844,18829.269127697964,14459.163775376028
5,Prevalence,55,Slovenia,3,Both,17,60-64 years,976,Diabetes mellitus type 2,1,Number,2023,24244.275297283548,27566.06810115688,20792.52209922144
5,Prevalence,55,Slovenia,3,Both,18,65-69 years,976,Diabetes mellitus type 2,1,Number,2023,30077.87492594649,33876.225002004525,26456.497164734446
5,Prevalence,55,Slovenia,3,Both,19,70-74 years,976,Diabetes mellitus type 2,1,Number,2023,29073.14352210825,31926.361986888525,26331.713463239557
5,Prevalence,55,Slovenia,3,Both,20,75-79 years,976,Diabetes mellitus type 2,1,Number,2023,19953.717200258576,21971.771578930693,18045.69037813187
5,Prevalence,393,Saint Kitts and Nevis,3,Both,1,<5 years,976,Diabetes mellitus type 2,1,Number,2023,0.0,0.0,0.0
5,Prevalence,393,Saint Kitts and Nevis,3,Both,6,5-9 years,976,Diabetes mellitus type 2,1,Number,2023,0.0,0.0,0.0
5,Prevalence,393,Saint Kitts and Nevis,3,Both,7,10-14 years,976,Diabetes mellitus type 2,1,Number,2023,0.0,0.0,0.0
5,Prevalence,393,Saint Kitts and Nevis,3,Both,8,15-19 years,976,Diabetes mellitus type 2,1,Number,2023,36.81291819762197,45.60907892958953,29.11834917696365
5,Prevalence,393,Saint Kitts and Nevis,3,Both,9,20-24 years,976,Diabetes mellitus type 2,1,Number,2023,68.0064228466191,83.90398080839157,55.87235774642929
5,Prevalence,393,Saint Kitts and Nevis,3,Both,10,25-29 years,976,Diabetes mellitus type 2,1,Number,2023,112.54586922404717,135.8709778941637,92.66004322365885
5,Prevalence,393,Saint Kitts and Nevis,3,Both,11,30-34 years,976,Diabetes mellitus type 2,1,Number,2023,182.39615254229423,222.2703605650024,149.47417133146155
5,Prevalence,393,Saint Kitts and Nevis,3,Both,12,35-39 years,976,Diabetes mellitus type 2,1,Number,2023,265.0795937730656,313.2401015780075,225.0053417256933
5,Prevalence,393,Saint Kitts and Nevis,3,Both,13,40-44 years,976,Diabetes mellitus type 2,1,Number,2023,349.7945994741148,417.49776321099785,289.34558942850754
5,Prevalence,393,Saint Kitts and Nevis,3,Both,14,45-49 years,976,Diabetes mellitus type 2,1,Number,2023,455.510181180693,531.7477604712301,392.5226197857127
5,Prevalence,393,Saint Kitts and Nevis,3,Both,15,50-54 years,976,Diabetes mellitus type 2,1,Number,2023,604.3227008104263,694.1855856281963,526.484544058961
5,Prevalence,393,Saint Kitts and Nevis,3,Both,16,55-59 years,976,Diabetes mellitus type 2,1,Number,2023,784.2302250898457,875.4361328865546,694.8874188583561
5,Prevalence,393,Saint Kitts and Nevis,3,Both,17,60-64 years,976,Diabetes mellitus type 2,1,Number,2023,942.2187599769476,1081.633033635152,831.5106842215869
5,Prevalence,393,Saint Kitts and Nevis,3,Both,18,65-69 years,976,Diabetes mellitus type 2,1,Number,2023,710.6607449596397,794.9446115642144,643.70703560979
5,Prevalence,393,Saint Kitts and Nevis,3,Both,19,70-74 years,976,Diabetes mellitus type 2,1,Number,2023,465.5656968395835,507.4630615568378,428.1121079980809
5,Prevalence,393,Saint Kitts and Nevis,3,Both,20,75-79 years,976,Diabetes mellitus type 2,1,Number,2023,214.5602740734247,233.1807170983637,198.21765054960483
5,Prevalence,393,Saint Kitts and Nevis,3,Both,30,80-84 years,976,Diabetes mellitus type 2,1,Number,2023,140.5044681046792,153.77185942529184,129.84602117280048
5,Prevalence,393,Saint Kitts and Nevis,3,Both,31,85-89 years,976,Diabetes mellitus type 2,1,Number,2023,101.7554785467686,113.26354545451996,92.4529471065789
5,Prevalence,393,Saint Kitts and Nevis,3,Both,32,90-94 years,976,Diabetes mellitus type 2,1,Number,2023,24.086814387964157,27.446076023904062,21.19678303839281
5,Prevalence,393,Saint Kitts and Nevis,3,Both,235,95+ years,976,Diabetes mellitus type 2,1,Number,2023,2.81850596520621,3.3845606052298245,2.281083601802075
5,Prevalence,165,Pakistan,3,Both,1,<5 years,976,Diabetes mellitus type 2,1,Number,2023,0.0,0.0,0.0
5,Prevalence,165,Pakistan,3,Both,6,5-9 years,976,Diabetes mellitus type 2,1,Number,2023,0.0,0.0,0.0
5,Prevalence,165,Pakistan,3,Both,7,10-14 years,976,Diabetes mellitus type 2,1,Number,2023,0.0,0.0,0.0
5,Prevalence,165,Pakistan,3,Both,8,15-19 years,976,Diabetes mellitus type 2,1,Number,2023,272800.3938812388,358862.06813968153,212325.76725081663
5,Prevalence,165,Pakistan,3,Both,9,20-24 years,976,Diabetes mellitus type 2,1,Number,2023,435155.5751721974,544413.2516475511,347807.56843897
5,Prevalence,165,Pakistan,3,Both,10,25-29 years,976,Diabetes mellitus type 2,1,Number,2023,620165.1214873819,760301.3039683079,511922.0341026174
5,Prevalence,165,Pakistan,3,Both,11,30-34 years,976,Diabetes mellitus type 2,1,Number,2023,872657.6666743841,1059013.8265459011,720088.4079491575
5,Prevalence,165,Pakistan,3,Both,12,35-39 years,976,Diabetes mellitus type 2,1,Number,2023,1200262.835345115,1409946.5802030792,1018435.6774069376
5,Prevalence,165,Pakistan,3,Both,13,40-44 years,976,Diabetes mellitus type 2,1,Number,2023,1492269.5219195755,1792540.2431643095,1278961.6832156149
5,Prevalence,165,Pakistan,3,Both,14,45-49 years,976,Diabetes mellitus type 2,1,Number,2023,1601874.8693217754,1841686.802614074,1381066.5542443828
5,Prevalence,165,Pakistan,3,Both,15,50-54 years,976,Diabetes mellitus type 2,1,Number,2023,1598445.8336802188,1815311.7091228468,1366910.712233334
5,Prevalence,165,Pakistan,3,Both,16,55-59 years,976,Diabetes mellitus type 2,1,Number,2023,1507999.0865103814,1691540.5589328054,1329998.2587807695
5,Prevalence,165,Pakistan,3,Both,17,60-64 years,976,Diabetes mellitus type 2,1,Number,2023,1298345.771258238,1453122.6915702997,1154768.840261863
5,Prevalence,165,Pakistan,3,Both,18,65-69 years,976,Diabetes mellitus type 2,1,Number,2023,1121422.3275476245,1248424.3811554683,995203.0865657168
5,Prevalence,165,Pakistan,3,Both,19,70-74 years,976,Diabetes mellitus type 2,1,Number,2023,806300.2233084571,888757.7545534034,725220.2036400673
5,Prevalence,165,Pakistan,3,Both,20,75-79 years,976,Diabetes mellitus type 2,1,Number,2023,514557.2220464191,572055.2853574106,457249.4931901748
5,Prevalence,165,Pakistan,3,Both,30,80-84 years,976,Diabetes mellitus type 2,1,Number,2023,288241.9975575964,322221.2426421,255185.72509820815
5,Prevalence,165,Pakistan,3,Both,31,85-89 years,976,Diabetes mellitus type 2,1,Number,2023,120597.49784252892,136314.0062934009,104281.28702501784
5,Prevalence,165,Pakistan,3,Both,32,90-94 years,976,Diabetes mellitus type 2,1,Number,2023,33112.290453425696,38027.14340317277,27742.145285363724
5,Prevalence,165,Pakistan,3,Both,235,95+ years,976,Diabetes mellitus type 2,1,Number,2023,7726.839792610229,9134.169038000888,6233.4973439883215
5,Prevalence,107,Barbados,3,Both,1,<5 years,976,Diabetes mellitus type 2,1,Number,2023,0.0,0.0,0.0
5,Prevalence,107,Barbados,3,Both,6,5-9 years,976,Diabetes mellitus type 2,1,Number,2023,0.0,0.0,0.0
5,Prevalence,107,Barbados,3,Both,7,10-14 years,976,Diabetes mellitus type 2,1,Number,2023,0.0,0.0,0.0
5,Prevalence,107,Barbados,3,Both,8,15-19 years,976,Diabetes mellitus type 2,1,Number,2023,252.68551570880103,318.77792736124945,203.95029748571
5,Prevalence,107,Barbados,3,Both,9,20-24 years,976,Diabetes mellitus type 2,1,Number,2023,472.2738820247404,582.6281646746357,391.7107801114772
5,Prevalence,107,Barbados,3,Both,10,25-29 years,976,Diabetes mellitus type 2,1,Number,2023,704.362701905966,838.0817839440717,590.5678607958606
5,Prevalence,107,Barbados,3,Both,11,30-34 years,976,Diabetes mellitus type 2,1,Number,2023,1140.4730756460478,1346.2469141001031,941.3009372758204
5,Prevalence,107,Barbados,3,Both,12,35-39 years,976,Diabetes mellitus type 2,1,Number,2023,1583.6684527827558,1895.3289556023717,1333.5096043457163
5,Prevalence,107,Barbados,3,Both,13,40-44 years,976,Diabetes mellitus type 2,1,Number,2023,2264.3602315553912,2688.4803710304923,1924.78035606312
5,Prevalence,107,Barbados,3,Both,14,45-49 years,976,Diabetes mellitus type 2,1,Number,2023,3154.8268545424817,3687.343303909332,2722.038737959164
5,Prevalence,107,Barbados,3,Both,15,50-54 years,976,Diabetes mellitus type 2,1,Number,2023,4361.518204419116,5077.069489688007,3826.16207170213
5,Prevalence,107,Barbados,3,Both,16,55-59 years,976,Diabetes mellitus type 2,1,Number,2023,5997.503378791946,6886.60635161283,5223.656262648485
5,Prevalence,107,Barbados,3,Both,17,60-64 years,976,Diabetes mellitus type 2,1,Number,2023,7661.820745463113,8933.062609034088,6501.916660880606
5,Prevalence,107,Barbados,3,Both,18,65-69 years,976,Diabetes mellitus type 2,1,Number,2023,7673.297524705738,8637.249004005045,6703.015855575135
5,Prevalence,107,Barbados,3,Both,19,70-74 years,976,Diabetes mellitus type 2,1,Number,2023,6454.549043981209,6973.003178829986,6048.912853319622
5,Prevalence,107,Barbados,3,Both,20,75-79 years,976,Diabetes mellitus type 2,1,Number,2023,4434.4242476020845,4722.135236634136,4220.038541631397
5,Prevalence,107,Barbados,3,Both,30,80-84 years,976,Diabetes mellitus type 2,1,Number,2023,2645.837751829411,2796.1999332358723,2517.8038952777506
5,Prevalence,107,Barbados,3,Both,31,85-89 years,976,Diabetes mellitus type 2,1,Number,2023,1345.7509709659369,1436.207632447111,1269.0934079351005
5,Prevalence,107,Barbados,3,Both,32,90-94 years,976,Diabetes mellitus type 2,1,Number,2023,449.3315982931189,486.98290260233495,418.84344822940926
5,Prevalence,107,Barbados,3,Both,235,95+ years,976,Diabetes mellitus type 2,1,Number,2023,71.5861861429322,79.55021667536592,65.39071914547753
5,Prevalence,211,Mali,3,Both,1,<5 years,976,Diabetes mellitus type 2,1,Number,2023,0.0,0.0,0.0
5,Prevalence,211,Mali,3,Both,6,5-9 years,976,Diabetes mellitus type 2,1,Number,2023,0.0,0.0,0.0
5,Prevalence,211,Mali,3,Both,7,10-14 years,976,Diabetes mellitus type 2,1,Number,2023,0.0,0.0,0.0
5,Prevalence,211,Mali,3,Both,8,15-19 years,976,Diabetes mellitus type 2,1,Number,2023,52860.11865787118,66925.1988153954,41911.10542203015
5,Prevalence,211,Mali,3,Both,9,20-24 years,976,Diabetes mellitus type 2,1,Number,2023,79563.46325273778,98063.72505777163,64453.21146282944
5,Prevalence,211,Mali,3,Both,10,25-29 years,976,Diabetes mellitus type 2,1,Number,2023,90952.25080551289,110744.1909890596,73860.87192682023
5,Prevalence,211,Mali,3,Both,11,30-34 years,976,Diabetes mellitus type 2,1,Number,2023,94517.72343531527,112547.2895405446,77306.42100870462
5,Prevalence,211,Mali,3,Both,12,35-39 years,976,Diabetes mellitus type 2,1,Number,2023,95461.48864479102,112849.53171291469,81689.81244451078
5,Prevalence,211,Mali,3,Both,13,40-44 years,976,Diabetes mellitus type 2,1,Number,2023,89963.27484933603,104594.4159173833,76191.17017120733
5,Prevalence,211,Mali,3,Both,14,45-49 years,976,Diabetes mellitus type 2,1,Number,2023,86413.17404123777,99281.15746527936,73762.08519575663
5,Prevalence,211,Mali,3,Both,15,50-54 years,976,Diabetes mellitus type 2,1,Number,2023,80309.37884223045,92523.74726206648,67308.19559622352
5,Prevalence,211,Mali,3,Both,16,55-59 years,976,Diabetes mellitus type 2,1,Number,2023,78065.49561078737,89026.80800384439,67239.38337413396
5,Prevalence,211,Mali,3,Both,17,60-64 years,976,Diabetes mellitus type 2,1,Number,2023,77819.74008963985,88825.29410007334,66675.98532718826
5,Prevalence,211,Mali,3,Both,18,65-69 years,976,Diabetes mellitus type 2,1,Number,2023,72417.08811888895,82699.2294249619,63548.763570280746
5,Prevalence,211,Mali,3,Both,19,70-74 years,976,Diabetes mellitus type 2,1,Number,2023,55713.685410493104,62725.75207408403,49773.16607192145
5,Prevalence,211,Mali,3,Both,20,75-79 years,976,Diabetes mellitus type 2,1,Number,2023,36554.06878070263,41468.37058726148,32769.71808933983
5,Prevalence,211,Mali,3,Both,30,80-84 years,976,Diabetes mellitus type 2,1,Number,2023,20032.76422109409,22789.89795048544,17785.183408542103
5,Prevalence,211,Mali,3,Both,31,85-89 years,976,Diabetes mellitus type 2,1,Number,2023,8707.757147714932,9890.578508156214,7651.374453100593
5,Prevalence,211,Mali,3,Both,32,90-94 years,976,Diabetes mellitus type 2,1,Number,2023,2785.800810052863,3185.574989910823,2411.589136218433
5,Prevalence,211,Mali,3,Both,235,95+ years,976,Diabetes mellitus type 2,1,Number,2023,824.7063122571949,962.0557138919852,699.2091277916069
5,Prevalence,172,Equatorial Guinea,3,Both,1,<5 years,976,Diabetes mellitus type 2,1,Number,2023,0.0,0.0,0.0
5,Prevalence,172,Equatorial Guinea,3,Both,6,5-9 years,976,Diabetes mellitus type 2,1,Number,2023,0.0,0.0,0.0
5,Prevalence,172,Equatorial Guinea,3,Both,7,10-14 years,976,Diabetes mellitus type 2,1,Number,2023,0.0,0.0,0.0
5,Prevalence,172,Equatorial Guinea,3,Both,8,15-19 years,976,Diabetes mellitus type 2,1,Number,2023,3391.0565485694697,4247.107479756847,2676.474765507653
5,Prevalence,172,Equatorial Guinea,3,Both,9,20-24 years,976,Diabetes mellitus type 2,1,Number,2023,5421.282518584133,6580.561646354223,4496.3564410098015
5,Prevalence,172,Equatorial Guinea,3,Both,10,25-29 years,976,Diabetes mellitus type 2,1,Number,2023,6662.397348030448,7883.542623280251,5603.99528236784
5,Prevalence,172,Equatorial Guinea,3,Both,11,30-34 years,976,Diabetes mellitus type 2,1,Number,2023,7161.871640279462,8431.780211387895,6122.331351278635
5,Prevalence,172,Equatorial Guinea,3,Both,12,35-39 years,976,Diabetes mellitus type 2,1,Number,2023,7067.141285423347,8368.441462056344,6088.568995181323
5,Prevalence,172,Equatorial Guinea,3,Both,13,40-44 years,976,Diabetes mellitus type 2,1,Number,2023,6389.214121725055,7415.458080075104,5391.055135795577
5,Prevalence,172,Equatorial Guinea,3,Both,14,45-49 years,976,Diabetes mellitus type 2,1,Number,2023,5551.966859325866,6381.890428168461,4696.40794609908
5,Prevalence,172,Equatorial Guinea,3,Both,15,50-54 years,976,Diabetes mellitus type 2,1,Number,2023,5031.328352276465,5879.129431586368,4238.539667551308
5,Prevalence,172,Equatorial Guinea,3,Both,16,55-59 years,976,Diabetes mellitus type 2,1,Number,2023,4452.948158731886,5096.902401837962,3913.40405110551
5,Prevalence,172,Equatorial Guinea,3,Both,17,60-64 years,976,Diabetes mellitus type 2,1,Number,2023,3754.516502787922,4350.845365659633,3295.679170002752
5,Prevalence,172,Equatorial Guinea,3,Both,18,65-69 years,976,Diabetes mellitus type 2,1,Number,2023,3253.007187122107,3673.046955620516,2899.4248597850155
5,Prevalence,172,Equatorial Guinea,3,Both,19,70-74 years,976,Diabetes mellitus type 2,1,Number,2023,2558.940176213009,2869.417149189508,2321.5754688866364
5,Prevalence,172,Equatorial Guinea,3,Both,20,75-79 years,976,Diabetes mellitus type 2,1,Number,2023,1674.488774120901,1893.2872104270195,1520.1899413640715
5,Prevalence,172,Equatorial Guinea,3,Both,30,80-84 years,976,Diabetes mellitus type 2,1,Number,2023,975.1798189522856,1106.8666007709062,880.9601245436883
5,Prevalence,172,Equatorial Guinea,3,Both,31,85-89 years,976,Diabetes mellitus type 2,1,Number,2023,411.4906660285953,468.734656382008,367.3580216528374
5,Prevalence,172,Equatorial Guinea,3,Both,32,90-94 years,976,Diabetes mellitus type 2,1,Number,2023,119.17727667523523,137.57431704980553,103.41321687788452
5,Prevalence,172,Equatorial Guinea,3,Both,235,95+ years,976,Diabetes mellitus type 2,1,Number,2023,32.20165831711548,38.4095407031126,27.08490292842374
5,Prevalence,133,Venezuela (Bolivarian Republic of),3,Both,1,<5 years,976,Diabetes mellitus type 2,1,Number,2023,0.0,0.0,0.0
5,Prevalence,133,Venezuela (Bolivarian Republic of),3,Both,6,5-9 years,976,Diabetes mellitus type 2,1,Number,2023,0.0,0.0,0.0
5,Prevalence,133,Venezuela (Bolivarian Republic of),3,Both,7,10-14 years,976,Diabetes mellitus type 2,1,Number,2023,0.0,0.0,0.0
5,Prevalence,133,Venezuela (Bolivarian Republic of),3,Both,8,15-19 years,976,Diabetes mellitus type 2,1,Number,2023,21390.358789523827,27628.013595627555,17108.387060598663
5,Prevalence,133,Venezuela (Bolivarian Republic of),3,Both,9,20-24 years,976,Diabetes mellitus type 2,1,Number,2023,26046.83627704589,32136.20789859821,21471.130327103117
5,Prevalence,133,Venezuela (Bolivarian Republic of),3,Both,10,25-29 years,976,Diabetes mellitus type 2,1,Number,2023,38472.00568234893,45846.6152748064,32193.423211635465
5,Prevalence,133,Venezuela (Bolivarian Republic of),3,Both,11,30-34 years,976,Diabetes mellitus type 2,1,Number,2023,74379.152187246,87134.99730606948,62294.453073412034
5,Prevalence,133,Venezuela (Bolivarian Republic of),3,Both,12,35-39 years,976,Diabetes mellitus type 2,1,Number,2023,108640.83446544404,124221.3861697029,92588.32464978924
5,Prevalence,133,Venezuela (Bolivarian Republic of),3,Both,13,40-44 years,976,Diabetes mellitus type 2,1,Number,2023,156329.8035834971,179927.50158897188,133223.92697070332
5,Prevalence,133,Venezuela (Bolivarian Republic of),3,Both,14,45-49 years,976,Diabetes mellitus type 2,1,Number,2023,196019.7786991749,223661.8719925958,171915.95016699645
5,Prevalence,133,Venezuela (Bolivarian Republic of),3,Both,15,50-54 years,976,Diabetes mellitus type 2,1,Number,2023,233868.35771404643,268713.36061121454,205212.26424203312
5,Prevalence,133,Venezuela (Bolivarian Republic of),3,Both,16,55-59 years,976,Diabetes mellitus type 2,1,Number,2023,273461.69447737763,313064.4149557254,239889.11971927248
5,Prevalence,133,Venezuela (Bolivarian Republic of),3,Both,17,60-64 years,976,Diabetes mellitus type 2,1,Number,2023,300477.70366844564,339670.08219133987,262081.30867418408
5,Prevalence,133,Venezuela (Bolivarian Republic of),3,Both,18,65-69 years,976,Diabetes mellitus type 2,1,Number,2023,275214.46858920413,302752.0553234238,244996.134659089
5,Prevalence,133,Venezuela (Bolivarian Republic of),3,Both,19,70-74 years,976,Diabetes mellitus type 2,1,Number,2023,224028.6490475392,239583.5223315479,207088.9468758522
5,Prevalence,133,Venezuela (Bolivarian Republic of),3,Both,20,75-79 years,976,Diabetes mellitus type 2,1,Number,2023,139810.05729860658,148078.47307138753,131458.90321769047
5,Prevalence,133,Venezuela (Bolivarian Republic of),3,Both,30,80-84 years,976,Diabetes mellitus type 2,1,Number,2023,73405.80967740447,77937.04549303133,69232.71336048546
5,Prevalence,133,Venezuela (Bolivarian Republic of),3,Both,31,85-89 years,976,Diabetes mellitus type 2,1,Number,2023,28826.501372814117,30623.25382819435,26986.086299913728
5,Prevalence,133,Venezuela (Bolivarian Republic of),3,Both,32,90-94 years,976,Diabetes mellitus type 2,1,Number,2023,6032.909734723792,6509.418810047185,5596.125434945214
5,Prevalence,133,Venezuela (Bolivarian Republic of),3,Both,235,95+ years,976,Diabetes mellitus type 2,1,Number,2023,577.9212769415474,643.9567095110267,529.1879956491711
5,Prevalence,200,Benin,3,Both,1,<5 years,976,Diabetes mellitus type 2,1,Number,2023,0.0,0.0,0.0
5,Prevalence,200,Benin,3,Both,6,5-9 years,976,Diabetes mellitus type 2,1,Number,2023,0.0,0.0,0.0
5,Prevalence,200,Benin,3,Both,7,10-14 years,976,Diabetes mellitus type 2,1,Number,2023,0.0,0.0,0.0
5,Prevalence,200,Benin,3,Both,8,15-19 years,976,Diabetes mellitus type 2,1,Number,2023,19654.399610804667,24428.11736894505,15812.911666138269
5,Prevalence,200,Benin,3,Both,9,20-24 years,976,Diabetes mellitus type 2,1,Number,2023,28823.88051339221,34498.69830347447,23912.03850671589
5,Prevalence,200,Benin,3,Both,10,25-29 years,976,Diabetes mellitus type 2,1,Number,2023,34267.00189681873,40590.58824087268,28861.83756541672
5,Prevalence,200,Benin,3,Both,11,30-34 years,976,Diabetes mellitus type 2,1,Number,2023,34591.511621553895,40012.69441319442,29689.035775796496
5,Prevalence,200,Benin,3,Both,12,35-39 years,976,Diabetes mellitus type 2,1,Number,2023,33984.506550752325,38811.372958209686,29802.224743943327
5,Prevalence,200,Benin,3,Both,13,40-44 years,976,Diabetes mellitus type 2,1,Number,2023,34058.82704009152,38372.01446180296,29551.50021581949
5,Prevalence,200,Benin,3,Both,14,45-49 years,976,Diabetes mellitus type 2,1,Number,2023,33484.94546846054,38157.29411711401,29006.39885028487
5,Prevalence,200,Benin,3,Both,15,50-54 years,976,Diabetes mellitus type 2,1,Number,2023,30654.20677884867,34379.8940678965,26466.983288237112
5,Prevalence,200,Benin,3,Both,16,55-59 years,976,Diabetes mellitus type 2,1,Number,2023,28467.99538418753,32182.056789318776,25298.05852639444
5,Prevalence,200,Benin,3,Both,17,60-64 years,976,Diabetes mellitus type 2,1,Number,2023,26097.51260899849,29617.484151400484,22956.714436952363
5,Prevalence,200,Benin,3,Both,18,65-69 years,976,Diabetes mellitus type 2,1,Number,2023,24029.304363947664,26709.84608723742,21377.03843527668
5,Prevalence,200,Benin,3,Both,19,70-74 years,976,Diabetes mellitus type 2,1,Number,2023,19996.09541927784,22187.21274618686,18027.90538916605
5,Prevalence,200,Benin,3,Both,20,75-79 years,976,Diabetes mellitus type 2,1,Number,2023,14051.330399855598,15600.264756366249,12655.542124228774
5,Prevalence,200,Benin,3,Both,30,80-84 years,976,Diabetes mellitus type 2,1,Number,2023,7870.227365162041,8700.957417237743,7101.04373045858
5,Prevalence,200,Benin,3,Both,31,85-89 years,976,Diabetes mellitus type 2,1,Number,2023,3669.869673471637,4148.768675914286,3252.305772700889
5,Prevalence,200,Benin,3,Both,32,90-94 years,976,Diabetes mellitus type 2,1,Number,2023,1120.3743810414385,1290.1133316855714,972.2516633025582
5,Prevalence,200,Benin,3,Both,235,95+ years,976,Diabetes mellitus type 2,1,Number,2023,383.1344682037421,461.278347175266,325.6366649646272
5,Prevalence,173,Gabon,3,Both,1,<5 years,976,Diabetes mellitus type 2,1,Number,2023,0.0,0.0,0.0
5,Prevalence,173,Gabon,3,Both,6,5-9 years,976,Diabetes mellitus type 2,1,Number,2023,0.0,0.0,0.0
5,Prevalence,173,Gabon,3,Both,7,10-14 years,976,Diabetes mellitus type 2,1,Number,2023,0.0,0.0,0.0
5,Prevalence,173,Gabon,3,Both,8,15-19 years,976,Diabetes mellitus type 2,1,Number,2023,3203.296311371088,3999.9438394456624,2513.6591225199527
5,Prevalence,173,Gabon,3,Both,9,20-24 years,976,Diabetes mellitus type 2,1,Number,2023,5217.954404938968,6338.570096975092,4292.560212173607
5,Prevalence,173,Gabon,3,Both,10,25-29 years,976,Diabetes mellitus type 2,1,Number,2023,7009.328984608802,8161.168597457809,5791.424849821558
5,Prevalence,173,Gabon,3,Both,11,30-34 years,976,Diabetes mellitus type 2,1,Number,2023,8294.630571684675,9657.10147107383,7061.150318241395
5,Prevalence,173,Gabon,3,Both,12,35-39 years,976,Diabetes mellitus type 2,1,Number,2023,9093.557877642948,10495.775056598744,7928.816099014402
5,Prevalence,173,Gabon,3,Both,13,40-44 years,976,Diabetes mellitus type 2,1,Number,2023,9770.629455796974,11478.44112656365,8398.689704029293
5,Prevalence,173,Gabon,3,Both,14,45-49 years,976,Diabetes mellitus type 2,1,Number,2023,10216.192823745689,11792.123256022003,8583.765808068494
5,Prevalence,173,Gabon,3,Both,15,50-54 years,976,Diabetes mellitus type 2,1,Number,2023,10725.55312123725,12449.486491883636,9091.8732826735
5,Prevalence,173,Gabon,3,Both,16,55-59 years,976,Diabetes mellitus type 2,1,Number,2023,11072.3091916397,12816.977274716524,9597.698638244114
5,Prevalence,173,Gabon,3,Both,17,60-64 years,976,Diabetes mellitus type 2,1,Number,2023,10749.697576172077,12286.561669016151,9257.134828052289
5,Prevalence,173,Gabon,3,Both,18,65-69 years,976,Diabetes mellitus type 2,1,Number,2023,9573.67499834418,10793.1272951974,8516.551052877594
5,Prevalence,173,Gabon,3,Both,19,70-74 years,976,Diabetes mellitus type 2,1,Number,2023,7351.331842390916,8204.168339250773,6740.804199414557
5,Prevalence,173,Gabon,3,Both,20,75-79 years,976,Diabetes mellitus type 2,1,Number,2023,4671.204081463579,5229.798662377527,4246.531790089199
5,Prevalence,173,Gabon,3,Both,30,80-84 years,976,Diabetes mellitus type 2,1,Number,2023,2779.765992340496,3122.9913890289563,2500.371539523453
5,Prevalence,173,Gabon,3,Both,31,85-89 years,976,Diabetes mellitus type 2,1,Number,2023,1402.8913193366848,1590.972502431713,1240.2448144725313
5,Prevalence,173,Gabon,3,Both,32,90-94 years,976,Diabetes mellitus type 2,1,Number,2023,485.51293162956193,559.3059362626127,426.5555556864056
5,Prevalence,173,Gabon,3,Both,235,95+ years,976,Diabetes mellitus type 2,1,Number,2023,153.37409732627188,181.8576113922534,126.5052777052788
5,Prevalence,187,Somalia,3,Both,1,<5 years,976,Diabetes mellitus type 2,1,Number,2023,0.0,0.0,0.0
5,Prevalence,187,Somalia,3,Both,6,5-9 years,976,Diabetes mellitus type 2,1,Number,2023,0.0,0.0,0.0
5,Prevalence,187,Somalia,3,Both,7,10-14 years,976,Diabetes mellitus type 2,1,Number,2023,0.0,0.0,0.0
5,Prevalence,187,Somalia,3,Both,8,15-19 years,976,Diabetes mellitus type 2,1,Number,2023,17225.84295897879,21850.29679165221,13781.13915318102
5,Prevalence,187,Somalia,3,Both,9,20-24 years,976,Diabetes mellitus type 2,1,Number,2023,21968.9051122681,26646.71300634649,18241.49244742786
5,Prevalence,187,Somalia,3,Both,10,25-29 years,976,Diabetes mellitus type 2,1,Number,2023,24185.151210094344,28638.94161368453,20320.37905238708
5,Prevalence,187,Somalia,3,Both,11,30-34 years,976,Diabetes mellitus type 2,1,Number,2023,23046.725612773887,26899.291564143456,19337.677103244427
5,Prevalence,187,Somalia,3,Both,12,35-39 years,976,Diabetes mellitus type 2,1,Number,2023,27208.663356070563,31157.16559696217,23528.2571388346
5,Prevalence,187,Somalia,3,Both,13,40-44 years,976,Diabetes mellitus type 2,1,Number,2023,33416.168055789014,39152.23982723852,28107.51157387828
5,Prevalence,187,Somalia,3,Both,14,45-49 years,976,Diabetes mellitus type 2,1,Number,2023,33289.328564549294,38256.66326752318,28285.45371664439
5,Prevalence,187,Somalia,3,Both,15,50-54 years,976,Diabetes mellitus type 2,1,Number,2023,23523.002241079696,27264.04714593544,19598.90118408785
5,Prevalence,187,Somalia,3,Both,16,55-59 years,976,Diabetes mellitus type 2,1,Number,2023,22463.13496861004,26004.80182107532,19369.805273958777
5,Prevalence,187,Somalia,3,Both,17,60-64 years,976,Diabetes mellitus type 2,1,Number,2023,26846.308940157454,31138.809424576048,23063.49398277591
5,Prevalence,187,Somalia,3,Both,18,65-69 years,976,Diabetes mellitus type 2,1,Number,2023,33519.6160516926,37657.77902914641,29796.542464483955
5,Prevalence,187,Somalia,3,Both,19,70-74 years,976,Diabetes mellitus type 2,1,Number,2023,30823.023363836604,34239.47884908192,28144.907552438395
5,Prevalence,187,Somalia,3,Both,20,75-79 years,976,Diabetes mellitus type 2,1,Number,2023,20139.673258311435,22386.3213929825,18334.841156691135
5,Prevalence,187,Somalia,3,Both,30,80-84 years,976,Diabetes mellitus type 2,1,Number,2023,10160.974262935655,11297.390135439577,9186.294538345022
5,Prevalence,187,Somalia,3,Both,31,85-89 years,976,Diabetes mellitus type 2,1,Number,2023,4030.4100937830985,4549.325086859282,3586.031507268698
5,Prevalence,187,Somalia,3,Both,32,90-94 years,976,Diabetes mellitus type 2,1,Number,2023,1227.7541543574166,1404.5253984332985,1076.416800528567
5,Prevalence,187,Somalia,3,Both,235,95+ years,976,Diabetes mellitus type 2,1,Number,2023,365.9856726081316,439.8840497900704,312.5474521056052
5,Prevalence,22,Fiji,3,Both,1,<5 years,976,Diabetes mellitus type 2,1,Number,2023,0.0,0.0,0.0
5,Prevalence,22,Fiji,3,Both,6,5-9 years,976,Diabetes mellitus type 2,1,Number,2023,0.0,0.0,0.0
5,Prevalence,22,Fiji,3,Both,7,10-14 years,976,Diabetes mellitus type 2,1,Number,2023,0.0,0.0,0.0
5,Prevalence,22,Fiji,3,Both,8,15-19 years,976,Diabetes mellitus type 2,1,Number,2023,1043.8897386312822,1274.8923460722012,849.9444833648407
5,Prevalence,22,Fiji,3,Both,9,20-24 years,976,Diabetes mellitus type 2,1,Number,2023,3010.205547352411,3673.127151336053,2456.9290514320137
5,Prevalence,22,Fiji,3,Both,10,25-29 years,976,Diabetes mellitus type 2,1,Number,2023,4580.724822657848,5330.304057820436,3822.9728892393287
5,Prevalence,22,Fiji,3,Both,11,30-34 years,976,Diabetes mellitus type 2,1,Number,2023,5950.375381717424,6969.350897788236,4992.128878048732
5,Prevalence,22,Fiji,3,Both,12,35-39 years,976,Diabetes mellitus type 2,1,Number,2023,8592.372337614259,9856.639950200655,7383.930137194759
5,Prevalence,22,Fiji,3,Both,13,40-44 years,976,Diabetes mellitus type 2,1,Number,2023,12535.273623604508,14240.04680825002,10895.77453574451
5,Prevalence,22,Fiji,3,Both,14,45-49 years,976,Diabetes mellitus type 2,1,Number,2023,17611.32803103999,20059.60937244091,15174.64321956105
5,Prevalence,22,Fiji,3,Both,15,50-54 years,976,Diabetes mellitus type 2,1,Number,2023,22510.687542880507,25267.64575231613,19038.18773217869
5,Prevalence,22,Fiji,3,Both,16,55-59 years,976,Diabetes mellitus type 2,1,Number,2023,25624.033290480085,27843.584767707685,22867.97579077089
5,Prevalence,22,Fiji,3,Both,17,60-64 years,976,Diabetes mellitus type 2,1,Number,2023,22859.332952076635,24196.895514147847,21470.56111660319
5,Prevalence,22,Fiji,3,Both,18,65-69 years,976,Diabetes mellitus type 2,1,Number,2023,15918.382650488966,16791.39937135646,15144.188951739312
5,Prevalence,22,Fiji,3,Both,19,70-74 years,976,Diabetes mellitus type 2,1,Number,2023,9601.837085109164,10139.94942029976,9089.270767922502
5,Prevalence,22,Fiji,3,Both,20,75-79 years,976,Diabetes mellitus type 2,1,Number,2023,5208.368699385546,5532.378127406021,4952.3152980851055
5,Prevalence,22,Fiji,3,Both,30,80-84 years,976,Diabetes mellitus type 2,1,Number,2023,2274.3900305011216,2429.0314669065606,2135.849339463606
5,Prevalence,22,Fiji,3,Both,31,85-89 years,976,Diabetes mellitus type 2,1,Number,2023,721.9496551480836,791.2909426865652,658.7502686336587
5,Prevalence,22,Fiji,3,Both,32,90-94 years,976,Diabetes mellitus type 2,1,Number,2023,166.6253908400251,187.3051642796184,145.59397768158513
5,Prevalence,22,Fiji,3,Both,235,95+ years,976,Diabetes mellitus type 2,1,Number,2023,28.735883403178967,33.41029030976638,24.182020375379032
5,Prevalence,160,Afghanistan,3,Both,1,<5 years,976,Diabetes mellitus type 2,1,Number,2023,0.0,0.0,0.0
5,Prevalence,160,Afghanistan,3,Both,6,5-9 years,976,Diabetes mellitus type 2,1,Number,2023,0.0,0.0,0.0
5,Prevalence,160,Afghanistan,3,Both,7,10-14 years,976,Diabetes mellitus type 2,1,Number,2023,0.0,0.0,0.0
5,Prevalence,160,Afghanistan,3,Both,8,15-19 years,976,Diabetes mellitus type 2,1,Number,2023,41965.50676750689,54234.711950000565,31890.08139722691
5,Prevalence,160,Afghanistan,3,Both,9,20-24 years,976,Diabetes mellitus type 2,1,Number,2023,129213.67451951778,159672.88908885472,101537.64807915616
5,Prevalence,160,Afghanistan,3,Both,10,25-29 years,976,Diabetes mellitus type 2,1,Number,2023,190481.3665634849,224418.7856199344,157777.6225673859
5,Prevalence,160,Afghanistan,3,Both,11,30-34 years,976,Diabetes mellitus type 2,1,Number,2023,184784.55447086407,216463.86698581596,156069.82692170277
5,Prevalence,160,Afghanistan,3,Both,12,35-39 years,976,Diabetes mellitus type 2,1,Number,2023,166900.8244183872,189762.65845541912,148239.65602118033
5,Prevalence,160,Afghanistan,3,Both,13,40-44 years,976,Diabetes mellitus type 2,1,Number,2023,177222.8155043333,199870.8303297142,154674.8557686058
5,Prevalence,160,Afghanistan,3,Both,14,45-49 years,976,Diabetes mellitus type 2,1,Number,2023,305159.51834053616,339267.9999042857,269805.442888939
5,Prevalence,160,Afghanistan,3,Both,15,50-54 years,976,Diabetes mellitus type 2,1,Number,2023,359844.4448652303,398825.3520337901,319192.0087254983
5,Prevalence,160,Afghanistan,3,Both,16,55-59 years,976,Diabetes mellitus type 2,1,Number,2023,168573.2849128264,187135.77243927252,152130.34543020793
5,Prevalence,160,Afghanistan,3,Both,17,60-64 years,976,Diabetes mellitus type 2,1,Number,2023,67649.65268071773,75003.71497511124,60680.6762594289
5,Prevalence,160,Afghanistan,3,Both,18,65-69 years,976,Diabetes mellitus type 2,1,Number,2023,68602.70194066598,76043.83815114922,61259.99437805674
5,Prevalence,160,Afghanistan,3,Both,19,70-74 years,976,Diabetes mellitus type 2,1,Number,2023,65093.2145278098,71152.33783894105,58499.47472240639
5,Prevalence,160,Afghanistan,3,Both,20,75-79 years,976,Diabetes mellitus type 2,1,Number,2023,42984.61459262269,47313.66081855929,38544.82597773947
5,Prevalence,68,Republic of Korea,3,Both,1,<5 years,976,Diabetes mellitus type 2,1,Number,2023,0.0,0.0,0.0
5,Prevalence,68,Republic of Korea,3,Both,6,5-9 years,976,Diabetes mellitus type 2,1,Number,2023,0.0,0.0,0.0
5,Prevalence,68,Republic of Korea,3,Both,7,10-14 years,976,Diabetes mellitus type 2,1,Number,2023,0.0,0.0,0.0
5,Prevalence,68,Republic of Korea,3,Both,8,15-19 years,976,Diabetes mellitus type 2,1,Number,2023,5731.96340349469,6909.065012301073,4647.936906583163
5,Prevalence,68,Republic of Korea,3,Both,9,20-24 years,976,Diabetes mellitus type 2,1,Number,2023,14531.75885891395,16757.68165491556,12653.890178819474
5,Prevalence,68,Republic of Korea,3,Both,10,25-29 years,976,Diabetes mellitus type 2,1,Number,2023,29430.08392809132,34055.73227805611,25744.93699670217
5,Prevalence,68,Republic of Korea,3,Both,11,30-34 years,976,Diabetes mellitus type 2,1,Number,2023,54073.548873898944,61231.40555766208,48011.15471839859
5,Prevalence,68,Republic of Korea,3,Both,12,35-39 years,976,Diabetes mellitus type 2,1,Number,2023,96803.44859122524,106346.06741292082,89774.50551281017
5,Prevalence,68,Republic of Korea,3,Both,13,40-44 years,976,Diabetes mellitus type 2,1,Number,2023,204636.77867829564,221484.92217579827,187204.15217680085
5,Prevalence,68,Republic of Korea,3,Both,14,45-49 years,976,Diabetes mellitus type 2,1,Number,2023,301208.7813498622,320440.8211969772,281693.4028694517
5,Prevalence,68,Republic of Korea,3,Both,15,50-54 years,976,Diabetes mellitus type 2,1,Number,2023,491991.5165330127,526188.0359663366,462040.2385175945
5,Prevalence,68,Republic of Korea,3,Both,16,55-59 years,976,Diabetes mellitus type 2,1,Number,2023,637595.5744344615,667057.6684415855,608401.0073785337
5,Prevalence,68,Republic of Korea,3,Both,17,60-64 years,976,Diabetes mellitus type 2,1,Number,2023,856887.6405293932,909526.2840920148,810221.141175462
5,Prevalence,68,Republic of Korea,3,Both,18,65-69 years,976,Diabetes mellitus type 2,1,Number,2023,811569.6117532052,853810.5614219762,773057.8954897199
5,Prevalence,68,Republic of Korea,3,Both,19,70-74 years,976,Diabetes mellitus type 2,1,Number,2023,598791.5716956601,627590.8084062117,566621.8787311713
5,Prevalence,68,Republic of Korea,3,Both,20,75-79 years,976,Diabetes mellitus type 2,1,Number,2023,451617.4654310644,476333.9309068203,422680.4933762808
5,Prevalence,68,Republic of Korea,3,Both,30,80-84 years,976,Diabetes mellitus type 2,1,Number,2023,306844.4289154016,326448.558983464,287090.8028334902
5,Prevalence,68,Republic of Korea,3,Both,31,85-89 years,976,Diabetes mellitus type 2,1,Number,2023,151118.77485370965,160470.92975698537,140966.459308604
5,Prevalence,68,Republic of Korea,3,Both,32,90-94 years,976,Diabetes mellitus type 2,1,Number,2023,51732.31399385801,54994.62329318532,47522.9559592866
5,Prevalence,68,Republic of Korea,3,Both,235,95+ years,976,Diabetes mellitus type 2,1,Number,2023,12006.847389456763,12953.845102402953,11015.723376081129
5,Prevalence,320,Cook Islands,3,Both,1,<5 years,976,Diabetes mellitus type 2,1,Number,2023,0.0,0.0,0.0
5,Prevalence,320,Cook Islands,3,Both,6,5-9 years,976,Diabetes mellitus type 2,1,Number,2023,0.0,0.0,0.0
5,Prevalence,320,Cook Islands,3,Both,7,10-14 years,976,Diabetes mellitus type 2,1,Number,2023,0.0,0.0,0.0
5,Prevalence,320,Cook Islands,3,Both,8,15-19 years,976,Diabetes mellitus type 2,1,Number,2023,28.09209898577117,36.46300610616999,21.999164412904108
5,Prevalence,320,Cook Islands,3,Both,9,20-24 years,976,Diabetes mellitus type 2,1,Number,2023,56.407244128447225,70.79469162795569,45.37806959942616
5,Prevalence,320,Cook Islands,3,Both,10,25-29 years,976,Diabetes mellitus type 2,1,Number,2023,91.5515418878669,108.85339197262428,76.05679624340266
5,Prevalence,320,Cook Islands,3,Both,11,30-34 years,976,Diabetes mellitus type 2,1,Number,2023,103.07426164833716,121.86175784681724,85.53036127234006
5,Prevalence,320,Cook Islands,3,Both,12,35-39 years,976,Diabetes mellitus type 2,1,Number,2023,193.3455533355364,222.38296304379125,166.98590508731684
5,Prevalence,320,Cook Islands,3,Both,13,40-44 years,976,Diabetes mellitus type 2,1,Number,2023,201.81634061026588,227.71437188966783,172.94989912931445
5,Prevalence,320,Cook Islands,3,Both,14,45-49 years,976,Diabetes mellitus type 2,1,Number,2023,276.9736783985235,306.90361460357644,246.8452045036701
5,Prevalence,320,Cook Islands,3,Both,15,50-54 years,976,Diabetes mellitus type 2,1,Number,2023,401.9670624915268,445.0030272084164,363.85725219635344
5,Prevalence,320,Cook Islands,3,Both,16,55-59 years,976,Diabetes mellitus type 2,1,Number,2023,370.1973142398385,409.6001028036783,339.24754370201964
5,Prevalence,320,Cook Islands,3,Both,17,60-64 years,976,Diabetes mellitus type 2,1,Number,2023,393.5396383617027,430.11000023572944,361.0826529123405
5,Prevalence,320,Cook Islands,3,Both,18,65-69 years,976,Diabetes mellitus type 2,1,Number,2023,215.9461663843186,237.45694303771447,197.75503790807156
5,Prevalence,320,Cook Islands,3,Both,19,70-74 years,976,Diabetes mellitus type 2,1,Number,2023,258.48770204724974,285.24920343805763,235.1677976079004
5,Prevalence,320,Cook Islands,3,Both,20,75-79 years,976,Diabetes mellitus type 2,1,Number,2023,99.12785639526102,109.40983376406098,90.0715075988922
5,Prevalence,320,Cook Islands,3,Both,30,80-84 years,976,Diabetes mellitus type 2,1,Number,2023,83.73892377013858,93.53214146822452,75.42001980241871
5,Prevalence,320,Cook Islands,3,Both,31,85-89 years,976,Diabetes mellitus type 2,1,Number,2023,25.45961292598874,28.869091287549427,22.37434670924408
5,Prevalence,320,Cook Islands,3,Both,32,90-94 years,976,Diabetes mellitus type 2,1,Number,2023,9.85597287026843,11.517903269066112,8.408949163160969
5,Prevalence,320,Cook Islands,3,Both,235,95+ years,976,Diabetes mellitus type 2,1,Number,2023,1.5341756154783444,1.876801653625336,1.262621734863779
5,Prevalence,55,Slovenia,3,Both,30,80-84 years,976,Diabetes mellitus type 2,1,Number,2023,15385.779625184696,17082.53188769642,13903.457715561051
5,Prevalence,55,Slovenia,3,Both,31,85-89 years,976,Diabetes mellitus type 2,1,Number,2023,8488.916140405165,9481.741082610037,7561.122406749452
5,Prevalence,55,Slovenia,3,Both,32,90-94 years,976,Diabetes mellitus type 2,1,Number,2023,3043.950120807206,3478.137561153559,2656.4963728838216
5,Prevalence,55,Slovenia,3,Both,235,95+ years,976,Diabetes mellitus type 2,1,Number,2023,661.3709716391446,763.8079121770764,561.9132463167764
5,Prevalence,305,Bermuda,3,Both,1,<5 years,976,Diabetes mellitus type 2,1,Number,2023,0.0,0.0,0.0
5,Prevalence,305,Bermuda,3,Both,6,5-9 years,976,Diabetes mellitus type 2,1,Number,2023,0.0,0.0,0.0
5,Prevalence,305,Bermuda,3,Both,7,10-14 years,976,Diabetes mellitus type 2,1,Number,2023,0.0,0.0,0.0
5,Prevalence,305,Bermuda,3,Both,8,15-19 years,976,Diabetes mellitus type 2,1,Number,2023,41.29625311580403,50.433715724330256,33.390050137443815
5,Prevalence,305,Bermuda,3,Both,9,20-24 years,976,Diabetes mellitus type 2,1,Number,2023,60.80605317434495,73.58685552779141,50.67243597216195
5,Prevalence,305,Bermuda,3,Both,10,25-29 years,976,Diabetes mellitus type 2,1,Number,2023,96.4448663201174,114.93884560605466,80.1579672699598
5,Prevalence,305,Bermuda,3,Both,11,30-34 years,976,Diabetes mellitus type 2,1,Number,2023,150.8722305274603,180.03396928082424,125.98611358511432
5,Prevalence,305,Bermuda,3,Both,12,35-39 years,976,Diabetes mellitus type 2,1,Number,2023,223.79339998233672,265.4313348054344,189.63805984703765
5,Prevalence,305,Bermuda,3,Both,13,40-44 years,976,Diabetes mellitus type 2,1,Number,2023,321.15661999912334,377.2632459771504,269.87142227962926
5,Prevalence,305,Bermuda,3,Both,14,45-49 years,976,Diabetes mellitus type 2,1,Number,2023,434.0198736072077,496.5699423900183,372.9098487685975
5,Prevalence,305,Bermuda,3,Both,15,50-54 years,976,Diabetes mellitus type 2,1,Number,2023,570.5026008846579,638.2170369793284,497.76730018171
5,Prevalence,305,Bermuda,3,Both,16,55-59 years,976,Diabetes mellitus type 2,1,Number,2023,700.3278083942575,782.8239921132433,625.3892839673944
5,Prevalence,305,Bermuda,3,Both,17,60-64 years,976,Diabetes mellitus type 2,1,Number,2023,841.4298571874044,957.08768141801,747.3363265217645
5,Prevalence,305,Bermuda,3,Both,18,65-69 years,976,Diabetes mellitus type 2,1,Number,2023,823.9450076612064,924.2963384351594,722.4365028108248
5,Prevalence,305,Bermuda,3,Both,19,70-74 years,976,Diabetes mellitus type 2,1,Number,2023,701.330648359504,780.2159790423952,623.4815962442743
5,Prevalence,305,Bermuda,3,Both,20,75-79 years,976,Diabetes mellitus type 2,1,Number,2023,584.9552007129507,652.2958781973737,524.974075126047
5,Prevalence,305,Bermuda,3,Both,30,80-84 years,976,Diabetes mellitus type 2,1,Number,2023,387.1566046059656,429.9974376458677,348.1666938130453
5,Prevalence,305,Bermuda,3,Both,31,85-89 years,976,Diabetes mellitus type 2,1,Number,2023,203.05750141246105,226.50730108045525,182.11437387112773
5,Prevalence,305,Bermuda,3,Both,32,90-94 years,976,Diabetes mellitus type 2,1,Number,2023,40.97144624039726,46.3443597167269,36.14942863567376
5,Prevalence,305,Bermuda,3,Both,235,95+ years,976,Diabetes mellitus type 2,1,Number,2023,14.15573050308288,16.59180348483479,12.018002500231177
5,Prevalence,160,Afghanistan,3,Both,30,80-84 years,976,Diabetes mellitus type 2,1,Number,2023,21919.358925060584,24172.881818937945,19603.9439382201
5,Prevalence,160,Afghanistan,3,Both,31,85-89 years,976,Diabetes mellitus type 2,1,Number,2023,7924.006813305441,8819.891783544512,6954.439382459905
5,Prevalence,160,Afghanistan,3,Both,32,90-94 years,976,Diabetes mellitus type 2,1,Number,2023,1796.768459168416,2002.7104269609176,1554.938602220356
5,Prevalence,160,Afghanistan,3,Both,235,95+ years,976,Diabetes mellitus type 2,1,Number,2023,295.49943967414185,333.1785048564204,254.2142173961288
5,Prevalence,183,Mauritius,3,Both,1,<5 years,976,Diabetes mellitus type 2,1,Number,2023,0.0,0.0,0.0
5,Prevalence,183,Mauritius,3,Both,6,5-9 years,976,Diabetes mellitus type 2,1,Number,2023,0.0,0.0,0.0
5,Prevalence,183,Mauritius,3,Both,7,10-14 years,976,Diabetes mellitus type 2,1,Number,2023,0.0,0.0,0.0
5,Prevalence,183,Mauritius,3,Both,8,15-19 years,976,Diabetes mellitus type 2,1,Number,2023,1164.8456807556206,1475.138719268523,932.47461274881
5,Prevalence,183,Mauritius,3,Both,9,20-24 years,976,Diabetes mellitus type 2,1,Number,2023,3612.54516825206,4421.057515801484,2985.4895205390394
5,Prevalence,183,Mauritius,3,Both,10,25-29 years,976,Diabetes mellitus type 2,1,Number,2023,6035.161179212116,7041.574369432086,5139.970979817264
5,Prevalence,183,Mauritius,3,Both,11,30-34 years,976,Diabetes mellitus type 2,1,Number,2023,8300.836330056298,9727.013534588184,6964.298236600968
5,Prevalence,183,Mauritius,3,Both,12,35-39 years,976,Diabetes mellitus type 2,1,Number,2023,11260.690013333398,12613.715915172676,10031.042045108608
5,Prevalence,183,Mauritius,3,Both,13,40-44 years,976,Diabetes mellitus type 2,1,Number,2023,15887.172507715106,17898.72734523296,14109.381468080635
5,Prevalence,183,Mauritius,3,Both,14,45-49 years,976,Diabetes mellitus type 2,1,Number,2023,22040.778871777624,25787.529920860357,19686.91362261119
5,Prevalence,183,Mauritius,3,Both,15,50-54 years,976,Diabetes mellitus type 2,1,Number,2023,26830.91889507245,31665.001162427863,23692.101581736555
5,Prevalence,183,Mauritius,3,Both,16,55-59 years,976,Diabetes mellitus type 2,1,Number,2023,31353.33210878048,35238.61159888973,28395.71363075081
5,Prevalence,183,Mauritius,3,Both,17,60-64 years,976,Diabetes mellitus type 2,1,Number,2023,33698.70262348808,36045.71423246052,31457.91866671449
5,Prevalence,183,Mauritius,3,Both,18,65-69 years,976,Diabetes mellitus type 2,1,Number,2023,32337.96027804692,34328.5167859269,30306.46189218005
5,Prevalence,183,Mauritius,3,Both,19,70-74 years,976,Diabetes mellitus type 2,1,Number,2023,22872.991546352598,24081.6613090532,21654.28563290734
5,Prevalence,183,Mauritius,3,Both,20,75-79 years,976,Diabetes mellitus type 2,1,Number,2023,12110.842031326903,12703.186429054407,11531.329168665548
5,Prevalence,183,Mauritius,3,Both,30,80-84 years,976,Diabetes mellitus type 2,1,Number,2023,5841.716125910351,6148.681504151482,5518.158386508
5,Prevalence,183,Mauritius,3,Both,31,85-89 years,976,Diabetes mellitus type 2,1,Number,2023,2697.813179313387,2879.9645246309124,2499.793518580905
5,Prevalence,183,Mauritius,3,Both,32,90-94 years,976,Diabetes mellitus type 2,1,Number,2023,966.2492863332712,1044.9323189694833,882.8977647563158
5,Prevalence,183,Mauritius,3,Both,235,95+ years,976,Diabetes mellitus type 2,1,Number,2023,225.44759783556276,254.29456312251332,200.43009596405892
5,Prevalence,178,Eritrea,3,Both,1,<5 years,976,Diabetes mellitus type 2,1,Number,2023,0.0,0.0,0.0
5,Prevalence,178,Eritrea,3,Both,6,5-9 years,976,Diabetes mellitus type 2,1,Number,2023,0.0,0.0,0.0
5,Prevalence,178,Eritrea,3,Both,7,10-14 years,976,Diabetes mellitus type 2,1,Number,2023,0.0,0.0,0.0
5,Prevalence,178,Eritrea,3,Both,8,15-19 years,976,Diabetes mellitus type 2,1,Number,2023,4813.739463608475,6318.159010933555,3468.712056247836
5,Prevalence,178,Eritrea,3,Both,9,20-24 years,976,Diabetes mellitus type 2,1,Number,2023,7320.756580202034,8941.700528457644,5806.117780186381
5,Prevalence,178,Eritrea,3,Both,10,25-29 years,976,Diabetes mellitus type 2,1,Number,2023,9599.884251031748,11464.420130281753,7785.905062756242
5,Prevalence,178,Eritrea,3,Both,11,30-34 years,976,Diabetes mellitus type 2,1,Number,2023,10769.22399793931,12776.559879836524,8981.408376323854
5,Prevalence,178,Eritrea,3,Both,12,35-39 years,976,Diabetes mellitus type 2,1,Number,2023,11828.570387195776,13793.20911889756,10034.542827135523
5,Prevalence,178,Eritrea,3,Both,13,40-44 years,976,Diabetes mellitus type 2,1,Number,2023,12590.134624150662,14746.980173329142,10570.208303276377
5,Prevalence,178,Eritrea,3,Both,14,45-49 years,976,Diabetes mellitus type 2,1,Number,2023,13044.06825511926,15049.49721006794,10962.19129699168
5,Prevalence,178,Eritrea,3,Both,15,50-54 years,976,Diabetes mellitus type 2,1,Number,2023,12381.179884048162,14565.247334652506,10492.13758682504
5,Prevalence,178,Eritrea,3,Both,16,55-59 years,976,Diabetes mellitus type 2,1,Number,2023,11649.91907161172,13563.81762788258,9753.834159873975
5,Prevalence,178,Eritrea,3,Both,17,60-64 years,976,Diabetes mellitus type 2,1,Number,2023,11312.353317790952,13337.449152029852,9330.650447143067
5,Prevalence,178,Eritrea,3,Both,18,65-69 years,976,Diabetes mellitus type 2,1,Number,2023,11867.366921227203,13421.733113927225,10349.519936877216
5,Prevalence,178,Eritrea,3,Both,19,70-74 years,976,Diabetes mellitus type 2,1,Number,2023,10852.48919356968,12029.165526650651,9743.50327300325
5,Prevalence,178,Eritrea,3,Both,20,75-79 years,976,Diabetes mellitus type 2,1,Number,2023,8237.232929842005,9107.764757661507,7491.236429332911
5,Prevalence,178,Eritrea,3,Both,30,80-84 years,976,Diabetes mellitus type 2,1,Number,2023,5189.315710061227,5806.259341105653,4705.963313304965
5,Prevalence,178,Eritrea,3,Both,31,85-89 years,976,Diabetes mellitus type 2,1,Number,2023,1987.9262202678365,2218.9493560546302,1771.2828374904009
5,Prevalence,178,Eritrea,3,Both,32,90-94 years,976,Diabetes mellitus type 2,1,Number,2023,507.3602747176405,581.5350893765759,442.672111520954
5,Prevalence,82,Greece,3,Both,1,<5 years,976,Diabetes mellitus type 2,1,Number,2023,0.0,0.0,0.0
5,Prevalence,82,Greece,3,Both,6,5-9 years,976,Diabetes mellitus type 2,1,Number,2023,0.0,0.0,0.0
5,Prevalence,82,Greece,3,Both,7,10-14 years,976,Diabetes mellitus type 2,1,Number,2023,0.0,0.0,0.0
5,Prevalence,82,Greece,3,Both,8,15-19 years,976,Diabetes mellitus type 2,1,Number,2023,1322.7716623494111,2205.1761374428734,713.8264085493365
5,Prevalence,82,Greece,3,Both,9,20-24 years,976,Diabetes mellitus type 2,1,Number,2023,4338.618434001763,5904.126934868417,3035.282903922038
5,Prevalence,82,Greece,3,Both,10,25-29 years,976,Diabetes mellitus type 2,1,Number,2023,8320.292963163663,10620.965390314008,6372.762453476556
5,Prevalence,82,Greece,3,Both,11,30-34 years,976,Diabetes mellitus type 2,1,Number,2023,14309.03661166362,17725.737674040778,11137.463225982165
5,Prevalence,82,Greece,3,Both,12,35-39 years,976,Diabetes mellitus type 2,1,Number,2023,23206.888543028595,28168.785606858022,18947.406776188986
5,Prevalence,82,Greece,3,Both,13,40-44 years,976,Diabetes mellitus type 2,1,Number,2023,38244.33348778509,45667.00847340621,31238.846471495388
5,Prevalence,82,Greece,3,Both,14,45-49 years,976,Diabetes mellitus type 2,1,Number,2023,49766.95541448859,57553.92219129885,42356.99854622333
5,Prevalence,82,Greece,3,Both,15,50-54 years,976,Diabetes mellitus type 2,1,Number,2023,62950.67597412263,72676.7936877839,54791.1543106947
5,Prevalence,82,Greece,3,Both,16,55-59 years,976,Diabetes mellitus type 2,1,Number,2023,74307.69895259809,83753.59271074679,65707.95087487526
5,Prevalence,82,Greece,3,Both,17,60-64 years,976,Diabetes mellitus type 2,1,Number,2023,84038.11783228778,94748.259543749,74306.41492597724
5,Prevalence,82,Greece,3,Both,18,65-69 years,976,Diabetes mellitus type 2,1,Number,2023,85869.79334043416,97098.49587800058,76623.45068628863
5,Prevalence,82,Greece,3,Both,19,70-74 years,976,Diabetes mellitus type 2,1,Number,2023,82187.46784619374,91889.9070933826,73414.16459071364
5,Prevalence,82,Greece,3,Both,20,75-79 years,976,Diabetes mellitus type 2,1,Number,2023,73125.56582031606,81481.06386458882,65727.3020223976
5,Prevalence,82,Greece,3,Both,30,80-84 years,976,Diabetes mellitus type 2,1,Number,2023,54318.67551559829,61068.87589878271,48506.79722677732
5,Prevalence,82,Greece,3,Both,31,85-89 years,976,Diabetes mellitus type 2,1,Number,2023,37649.79153327121,42315.27321971337,33417.97266300328
5,Prevalence,82,Greece,3,Both,32,90-94 years,976,Diabetes mellitus type 2,1,Number,2023,13831.839599765148,15600.828170227447,12247.138612063667
5,Prevalence,82,Greece,3,Both,235,95+ years,976,Diabetes mellitus type 2,1,Number,2023,1892.1140149706823,2151.4235522904737,1645.133649702861
5,Prevalence,149,Palestine,3,Both,1,<5 years,976,Diabetes mellitus type 2,1,Number,2023,0.0,0.0,0.0
5,Prevalence,149,Palestine,3,Both,6,5-9 years,976,Diabetes mellitus type 2,1,Number,2023,0.0,0.0,0.0
5,Prevalence,149,Palestine,3,Both,7,10-14 years,976,Diabetes mellitus type 2,1,Number,2023,0.0,0.0,0.0
5,Prevalence,149,Palestine,3,Both,8,15-19 years,976,Diabetes mellitus type 2,1,Number,2023,5308.5833140229,6969.9827963998605,3908.792943747599
5,Prevalence,149,Palestine,3,Both,9,20-24 years,976,Diabetes mellitus type 2,1,Number,2023,18522.484997225587,22969.78231807501,14439.15549885913
5,Prevalence,149,Palestine,3,Both,10,25-29 years,976,Diabetes mellitus type 2,1,Number,2023,28875.759641375316,35329.639527381194,23511.118516597748
5,Prevalence,149,Palestine,3,Both,11,30-34 years,976,Diabetes mellitus type 2,1,Number,2023,33913.183388442725,40683.2468120118,28022.84875792032
5,Prevalence,149,Palestine,3,Both,12,35-39 years,976,Diabetes mellitus type 2,1,Number,2023,37455.0502704845,43551.10694227683,31534.259181815283
5,Prevalence,149,Palestine,3,Both,13,40-44 years,976,Diabetes mellitus type 2,1,Number,2023,43913.08062980675,50529.45474537399,37009.2035308339
5,Prevalence,149,Palestine,3,Both,14,45-49 years,976,Diabetes mellitus type 2,1,Number,2023,53353.984879921416,60671.48574681705,47089.49039583349
5,Prevalence,149,Palestine,3,Both,15,50-54 years,976,Diabetes mellitus type 2,1,Number,2023,59193.96444478875,66550.60736444918,52242.23434783586
5,Prevalence,149,Palestine,3,Both,16,55-59 years,976,Diabetes mellitus type 2,1,Number,2023,58919.58299967405,65326.63833108198,52464.58336983906
5,Prevalence,149,Palestine,3,Both,17,60-64 years,976,Diabetes mellitus type 2,1,Number,2023,48600.83459629325,53459.60070591769,43710.62704895214
5,Prevalence,149,Palestine,3,Both,18,65-69 years,976,Diabetes mellitus type 2,1,Number,2023,33713.57294652655,37308.25210361122,30762.227352326365
5,Prevalence,149,Palestine,3,Both,19,70-74 years,976,Diabetes mellitus type 2,1,Number,2023,21615.1659046334,23829.114332032208,19742.90201470323
5,Prevalence,149,Palestine,3,Both,20,75-79 years,976,Diabetes mellitus type 2,1,Number,2023,13089.388454128584,14498.95709288162,11904.750634580898
5,Prevalence,149,Palestine,3,Both,30,80-84 years,976,Diabetes mellitus type 2,1,Number,2023,6592.654127126707,7365.835767875878,5920.541133870119
5,Prevalence,149,Palestine,3,Both,31,85-89 years,976,Diabetes mellitus type 2,1,Number,2023,3024.784670256443,3389.0893418587266,2691.6078946154144
5,Prevalence,149,Palestine,3,Both,32,90-94 years,976,Diabetes mellitus type 2,1,Number,2023,939.6665447060886,1075.6140473877774,813.8553021993683
5,Prevalence,149,Palestine,3,Both,235,95+ years,976,Diabetes mellitus type 2,1,Number,2023,140.95870416460556,170.2010799867199,118.51341374920094
5,Prevalence,35,Georgia,3,Both,1,<5 years,976,Diabetes mellitus type 2,1,Number,2023,0.0,0.0,0.0
5,Prevalence,35,Georgia,3,Both,6,5-9 years,976,Diabetes mellitus type 2,1,Number,2023,0.0,0.0,0.0
5,Prevalence,35,Georgia,3,Both,7,10-14 years,976,Diabetes mellitus type 2,1,Number,2023,0.0,0.0,0.0
5,Prevalence,35,Georgia,3,Both,8,15-19 years,976,Diabetes mellitus type 2,1,Number,2023,1382.886433695725,1757.9787249107176,1087.7207614713109
5,Prevalence,35,Georgia,3,Both,9,20-24 years,976,Diabetes mellitus type 2,1,Number,2023,2084.689646446691,2560.5964586084838,1702.3380039266042
5,Prevalence,35,Georgia,3,Both,10,25-29 years,976,Diabetes mellitus type 2,1,Number,2023,3106.8367615828683,3653.621718042539,2606.8317511590867
5,Prevalence,35,Georgia,3,Both,11,30-34 years,976,Diabetes mellitus type 2,1,Number,2023,4828.9682698729175,5673.008474635549,4086.285481711077
5,Prevalence,35,Georgia,3,Both,12,35-39 years,976,Diabetes mellitus type 2,1,Number,2023,6941.986289522296,7967.542102320251,6061.080164118999
5,Prevalence,35,Georgia,3,Both,13,40-44 years,976,Diabetes mellitus type 2,1,Number,2023,9470.638024906346,10879.315327676606,8116.170940397011
5,Prevalence,35,Georgia,3,Both,14,45-49 years,976,Diabetes mellitus type 2,1,Number,2023,13041.05740103532,15026.760839928897,11481.557268380291
5,Prevalence,35,Georgia,3,Both,15,50-54 years,976,Diabetes mellitus type 2,1,Number,2023,18175.005212937867,20962.017810399488,15890.368385518925
5,Prevalence,35,Georgia,3,Both,16,55-59 years,976,Diabetes mellitus type 2,1,Number,2023,25627.476882802177,28513.79147578744,22727.993349486387
5,Prevalence,35,Georgia,3,Both,17,60-64 years,976,Diabetes mellitus type 2,1,Number,2023,37934.9544465717,42363.86558369323,34558.55021581919
5,Prevalence,35,Georgia,3,Both,18,65-69 years,976,Diabetes mellitus type 2,1,Number,2023,37815.73370816599,42066.96501064863,34392.20104262866
5,Prevalence,35,Georgia,3,Both,19,70-74 years,976,Diabetes mellitus type 2,1,Number,2023,30750.16532734753,33650.77111838389,28239.19999769288
5,Prevalence,35,Georgia,3,Both,20,75-79 years,976,Diabetes mellitus type 2,1,Number,2023,17109.495272985812,18568.39873780466,15666.626984088998
5,Prevalence,35,Georgia,3,Both,30,80-84 years,976,Diabetes mellitus type 2,1,Number,2023,13953.987305402865,15275.650738458891,12650.832793870297
5,Prevalence,35,Georgia,3,Both,31,85-89 years,976,Diabetes mellitus type 2,1,Number,2023,6854.142194318911,7559.317408243532,6123.502438294138
5,Prevalence,35,Georgia,3,Both,32,90-94 years,976,Diabetes mellitus type 2,1,Number,2023,1862.2977771805167,2070.9208218969766,1661.912690423618
5,Prevalence,35,Georgia,3,Both,235,95+ years,976,Diabetes mellitus type 2,1,Number,2023,336.80851878450045,382.1891643873676,296.0956409251365
5,Prevalence,213,Niger,3,Both,1,<5 years,976,Diabetes mellitus type 2,1,Number,2023,0.0,0.0,0.0
5,Prevalence,213,Niger,3,Both,6,5-9 years,976,Diabetes mellitus type 2,1,Number,2023,0.0,0.0,0.0
5,Prevalence,213,Niger,3,Both,7,10-14 years,976,Diabetes mellitus type 2,1,Number,2023,0.0,0.0,0.0
5,Prevalence,213,Niger,3,Both,8,15-19 years,976,Diabetes mellitus type 2,1,Number,2023,36010.05997420685,44018.686052776335,29487.769144082187
5,Prevalence,213,Niger,3,Both,9,20-24 years,976,Diabetes mellitus type 2,1,Number,2023,47143.64023768595,56025.63332651046,39359.76549559002
5,Prevalence,213,Niger,3,Both,10,25-29 years,976,Diabetes mellitus type 2,1,Number,2023,50426.86918026325,59163.92458026627,42426.98296450985
5,Prevalence,213,Niger,3,Both,11,30-34 years,976,Diabetes mellitus type 2,1,Number,2023,48849.73697613527,57118.384928747866,41850.98144905015
5,Prevalence,213,Niger,3,Both,12,35-39 years,976,Diabetes mellitus type 2,1,Number,2023,47936.16041458969,55885.3314684646,41828.35496474359
5,Prevalence,213,Niger,3,Both,13,40-44 years,976,Diabetes mellitus type 2,1,Number,2023,47195.0830486287,54287.06403996824,40864.0376534207
5,Prevalence,213,Niger,3,Both,14,45-49 years,976,Diabetes mellitus type 2,1,Number,2023,42544.32940787294,48558.44146941082,36566.583281762585
5,Prevalence,213,Niger,3,Both,15,50-54 years,976,Diabetes mellitus type 2,1,Number,2023,39869.4776812912,45728.92717826843,33912.037461191176
5,Prevalence,213,Niger,3,Both,16,55-59 years,976,Diabetes mellitus type 2,1,Number,2023,42183.56315390692,48182.24032518428,36502.30383849718
5,Prevalence,213,Niger,3,Both,17,60-64 years,976,Diabetes mellitus type 2,1,Number,2023,40647.95944636979,46857.96340383756,35367.4071548029
5,Prevalence,213,Niger,3,Both,18,65-69 years,976,Diabetes mellitus type 2,1,Number,2023,36804.86106644609,41813.91742091496,32452.35672851501
5,Prevalence,213,Niger,3,Both,19,70-74 years,976,Diabetes mellitus type 2,1,Number,2023,28253.139680330896,31414.86546357089,25326.792710687845
5,Prevalence,213,Niger,3,Both,20,75-79 years,976,Diabetes mellitus type 2,1,Number,2023,17684.514767489818,19900.152291672806,16104.309252114726
5,Prevalence,213,Niger,3,Both,30,80-84 years,976,Diabetes mellitus type 2,1,Number,2023,8651.93020771396,9779.8090743121,7846.471082292821
5,Prevalence,213,Niger,3,Both,31,85-89 years,976,Diabetes mellitus type 2,1,Number,2023,2883.198769133109,3301.007649487301,2575.4633753503463
5,Prevalence,213,Niger,3,Both,32,90-94 years,976,Diabetes mellitus type 2,1,Number,2023,745.0558829725695,872.9427215737649,654.8004247324591
5,Prevalence,213,Niger,3,Both,235,95+ years,976,Diabetes mellitus type 2,1,Number,2023,198.54911252764725,246.37053164354745,165.73133185292522
5,Prevalence,413,Tokelau,3,Both,1,<5 years,976,Diabetes mellitus type 2,1,Number,2023,0.0,0.0,0.0
5,Prevalence,413,Tokelau,3,Both,6,5-9 years,976,Diabetes mellitus type 2,1,Number,2023,0.0,0.0,0.0
5,Prevalence,413,Tokelau,3,Both,7,10-14 years,976,Diabetes mellitus type 2,1,Number,2023,0.0,0.0,0.0
5,Prevalence,413,Tokelau,3,Both,8,15-19 years,976,Diabetes mellitus type 2,1,Number,2023,2.8722819568756486,3.67512844745334,2.265274252490965
5,Prevalence,413,Tokelau,3,Both,9,20-24 years,976,Diabetes mellitus type 2,1,Number,2023,8.522465526839241,10.794532387930651,6.649785479277752
5,Prevalence,413,Tokelau,3,Both,10,25-29 years,976,Diabetes mellitus type 2,1,Number,2023,12.290221064912645,14.61049862807792,9.944480089618745
5,Prevalence,413,Tokelau,3,Both,11,30-34 years,976,Diabetes mellitus type 2,1,Number,2023,14.3351085374233,16.914937125006347,11.857451984668783
5,Prevalence,413,Tokelau,3,Both,12,35-39 years,976,Diabetes mellitus type 2,1,Number,2023,20.154767239120567,23.213366158549388,17.69291417870393
5,Prevalence,413,Tokelau,3,Both,13,40-44 years,976,Diabetes mellitus type 2,1,Number,2023,25.02334650268057,29.06601270148773,21.687066004140497
5,Prevalence,413,Tokelau,3,Both,14,45-49 years,976,Diabetes mellitus type 2,1,Number,2023,30.630987722039965,34.05144950982495,26.888866142483373
5,Prevalence,413,Tokelau,3,Both,15,50-54 years,976,Diabetes mellitus type 2,1,Number,2023,34.64623928223307,37.79491788791591,30.838834780299237
5,Prevalence,413,Tokelau,3,Both,16,55-59 years,976,Diabetes mellitus type 2,1,Number,2023,30.748100762358064,33.70552970460333,27.564485325957374
5,Prevalence,413,Tokelau,3,Both,17,60-64 years,976,Diabetes mellitus type 2,1,Number,2023,32.802090624168635,35.894921206443414,29.72005561045188
5,Prevalence,413,Tokelau,3,Both,18,65-69 years,976,Diabetes mellitus type 2,1,Number,2023,21.85498040171387,23.939857489626508,19.777683821384134
5,Prevalence,413,Tokelau,3,Both,19,70-74 years,976,Diabetes mellitus type 2,1,Number,2023,24.8192297790279,27.109223284239626,22.38783765396375
5,Prevalence,413,Tokelau,3,Both,20,75-79 years,976,Diabetes mellitus type 2,1,Number,2023,13.926157159562727,15.298077132481168,12.459334191703478
5,Prevalence,413,Tokelau,3,Both,30,80-84 years,976,Diabetes mellitus type 2,1,Number,2023,6.860796962428997,7.612771111539581,6.122059646367028
5,Prevalence,413,Tokelau,3,Both,31,85-89 years,976,Diabetes mellitus type 2,1,Number,2023,4.541127048590055,5.0734589198746365,3.9697015971084655
5,Prevalence,413,Tokelau,3,Both,32,90-94 years,976,Diabetes mellitus type 2,1,Number,2023,1.3113789275206706,1.5019597151921782,1.1174696187654585
5,Prevalence,413,Tokelau,3,Both,235,95+ years,976,Diabetes mellitus type 2,1,Number,2023,0.5545184659414001,0.6643286914441979,0.4494777620686216
5,Prevalence,81,Germany,3,Both,1,<5 years,976,Diabetes mellitus type 2,1,Number,2023,0.0,0.0,0.0
5,Prevalence,81,Germany,3,Both,6,5-9 years,976,Diabetes mellitus type 2,1,Number,2023,0.0,0.0,0.0
5,Prevalence,81,Germany,3,Both,7,10-14 years,976,Diabetes mellitus type 2,1,Number,2023,0.0,0.0,0.0
5,Prevalence,81,Germany,3,Both,8,15-19 years,976,Diabetes mellitus type 2,1,Number,2023,9214.581844489496,15586.025349690835,3814.125851434731
5,Prevalence,81,Germany,3,Both,9,20-24 years,976,Diabetes mellitus type 2,1,Number,2023,35977.41805080475,49810.852633990646,24238.963874301076
5,Prevalence,81,Germany,3,Both,10,25-29 years,976,Diabetes mellitus type 2,1,Number,2023,82767.67276461677,106757.3250995539,62602.4210357796
5,Prevalence,81,Germany,3,Both,11,30-34 years,976,Diabetes mellitus type 2,1,Number,2023,146344.80838727255,179870.13142495064,112627.02438597952
5,Prevalence,81,Germany,3,Both,12,35-39 years,976,Diabetes mellitus type 2,1,Number,2023,220704.74339051603,258847.8189065744,178505.7114442432
5,Prevalence,81,Germany,3,Both,13,40-44 years,976,Diabetes mellitus type 2,1,Number,2023,291040.08267731324,341055.91571435484,246037.55222936536
5,Prevalence,81,Germany,3,Both,14,45-49 years,976,Diabetes mellitus type 2,1,Number,2023,346594.28644293244,402437.3506211515,297835.8767727289
5,Prevalence,81,Germany,3,Both,15,50-54 years,976,Diabetes mellitus type 2,1,Number,2023,498323.3618998108,584841.6029801067,429535.0661143238
5,Prevalence,81,Germany,3,Both,16,55-59 years,976,Diabetes mellitus type 2,1,Number,2023,776710.5364000599,890819.3715080274,685461.9195150645
5,Prevalence,81,Germany,3,Both,17,60-64 years,976,Diabetes mellitus type 2,1,Number,2023,922539.9006253978,1027654.1819216252,818245.1315541862
5,Prevalence,81,Germany,3,Both,18,65-69 years,976,Diabetes mellitus type 2,1,Number,2023,879208.7409681776,970031.5022312944,783846.9492477753
5,Prevalence,81,Germany,3,Both,19,70-74 years,976,Diabetes mellitus type 2,1,Number,2023,822739.9345245702,902145.6888696672,744962.9907259141
5,Prevalence,81,Germany,3,Both,20,75-79 years,976,Diabetes mellitus type 2,1,Number,2023,603586.4417621583,666238.6025172541,543019.6301074817
5,Prevalence,81,Germany,3,Both,30,80-84 years,976,Diabetes mellitus type 2,1,Number,2023,601193.6157415054,664409.5909633234,541792.3908755315
5,Prevalence,81,Germany,3,Both,31,85-89 years,976,Diabetes mellitus type 2,1,Number,2023,335665.21457973064,375361.95478530816,302201.82111248927
5,Prevalence,81,Germany,3,Both,32,90-94 years,976,Diabetes mellitus type 2,1,Number,2023,97069.83022869154,109755.1071766764,86946.50704723893
5,Prevalence,81,Germany,3,Both,235,95+ years,976,Diabetes mellitus type 2,1,Number,2023,26514.60038648128,31578.679106594776,22464.34042604584
5,Prevalence,186,Seychelles,3,Both,1,<5 years,976,Diabetes mellitus type 2,1,Number,2023,0.0,0.0,0.0
5,Prevalence,186,Seychelles,3,Both,6,5-9 years,976,Diabetes mellitus type 2,1,Number,2023,0.0,0.0,0.0
5,Prevalence,186,Seychelles,3,Both,7,10-14 years,976,Diabetes mellitus type 2,1,Number,2023,0.0,0.0,0.0
5,Prevalence,186,Seychelles,3,Both,8,15-19 years,976,Diabetes mellitus type 2,1,Number,2023,72.7534259044608,93.64165872804952,56.90117747535277
5,Prevalence,186,Seychelles,3,Both,9,20-24 years,976,Diabetes mellitus type 2,1,Number,2023,207.3486528808741,265.6104279791358,163.36845094405697
5,Prevalence,186,Seychelles,3,Both,10,25-29 years,976,Diabetes mellitus type 2,1,Number,2023,387.3237447964789,479.2554025644357,311.4137656514428
5,Prevalence,186,Seychelles,3,Both,11,30-34 years,976,Diabetes mellitus type 2,1,Number,2023,577.146698723099,706.9980448071994,465.61478146663546
5,Prevalence,186,Seychelles,3,Both,12,35-39 years,976,Diabetes mellitus type 2,1,Number,2023,795.9621656632586,957.3555330554028,659.2654049123087
5,Prevalence,186,Seychelles,3,Both,13,40-44 years,976,Diabetes mellitus type 2,1,Number,2023,1006.6229386061552,1184.747612787442,858.045806471384
5,Prevalence,186,Seychelles,3,Both,14,45-49 years,976,Diabetes mellitus type 2,1,Number,2023,1186.5150177268831,1374.3867362421486,1027.8985337964937
5,Prevalence,186,Seychelles,3,Both,15,50-54 years,976,Diabetes mellitus type 2,1,Number,2023,1338.6651580788662,1534.5329164616478,1173.6650885429035
5,Prevalence,186,Seychelles,3,Both,16,55-59 years,976,Diabetes mellitus type 2,1,Number,2023,1422.667073980687,1620.4094011508273,1278.7275631218113
5,Prevalence,186,Seychelles,3,Both,17,60-64 years,976,Diabetes mellitus type 2,1,Number,2023,1303.1220582731055,1494.3162358770944,1168.9885795279577
5,Prevalence,186,Seychelles,3,Both,18,65-69 years,976,Diabetes mellitus type 2,1,Number,2023,1070.6492413995286,1220.3873056867174,965.88866239796
5,Prevalence,186,Seychelles,3,Both,19,70-74 years,976,Diabetes mellitus type 2,1,Number,2023,719.2279914567739,817.3114463222817,647.5985964693643
5,Prevalence,186,Seychelles,3,Both,20,75-79 years,976,Diabetes mellitus type 2,1,Number,2023,432.6766232261911,489.1888397448914,388.1990651567121
5,Prevalence,186,Seychelles,3,Both,30,80-84 years,976,Diabetes mellitus type 2,1,Number,2023,270.8002040360944,311.6452889919029,242.021966619333
5,Prevalence,186,Seychelles,3,Both,31,85-89 years,976,Diabetes mellitus type 2,1,Number,2023,138.25664375698125,159.91149131910262,121.22406253348449
5,Prevalence,186,Seychelles,3,Both,32,90-94 years,976,Diabetes mellitus type 2,1,Number,2023,57.07365825690116,67.48195130398081,49.6689125028669
5,Prevalence,186,Seychelles,3,Both,235,95+ years,976,Diabetes mellitus type 2,1,Number,2023,12.027383888349895,14.3294614738954,10.099352540554682
5,Prevalence,202,Cameroon,3,Both,235,95+ years,976,Diabetes mellitus type 2,1,Number,2023,234.26608323475372,273.96619972653434,199.0370792741372
5,Prevalence,209,Guinea-Bissau,3,Both,1,<5 years,976,Diabetes mellitus type 2,1,Number,2023,0.0,0.0,0.0
5,Prevalence,209,Guinea-Bissau,3,Both,6,5-9 years,976,Diabetes mellitus type 2,1,Number,2023,0.0,0.0,0.0
5,Prevalence,209,Guinea-Bissau,3,Both,7,10-14 years,976,Diabetes mellitus type 2,1,Number,2023,0.0,0.0,0.0
5,Prevalence,209,Guinea-Bissau,3,Both,8,15-19 years,976,Diabetes mellitus type 2,1,Number,2023,3517.222056360926,4360.43681920748,2781.239524390553
5,Prevalence,209,Guinea-Bissau,3,Both,9,20-24 years,976,Diabetes mellitus type 2,1,Number,2023,5061.899144588926,6037.37143156164,4241.455903210788
5,Prevalence,209,Guinea-Bissau,3,Both,10,25-29 years,976,Diabetes mellitus type 2,1,Number,2023,6071.274590880737,7187.496021726332,5107.607328583714
5,Prevalence,209,Guinea-Bissau,3,Both,11,30-34 years,976,Diabetes mellitus type 2,1,Number,2023,6682.088162460333,7872.33634706879,5642.108311245949
5,Prevalence,209,Guinea-Bissau,3,Both,12,35-39 years,976,Diabetes mellitus type 2,1,Number,2023,6789.419526024293,7834.085199258372,5830.371229309894
5,Prevalence,209,Guinea-Bissau,3,Both,13,40-44 years,976,Diabetes mellitus type 2,1,Number,2023,6393.829723985192,7292.425032724666,5419.871438380756
5,Prevalence,209,Guinea-Bissau,3,Both,14,45-49 years,976,Diabetes mellitus type 2,1,Number,2023,5572.229290078815,6373.051188589416,4728.862667411774
5,Prevalence,209,Guinea-Bissau,3,Both,15,50-54 years,976,Diabetes mellitus type 2,1,Number,2023,4985.015971665902,5711.044181007263,4189.465997867964
5,Prevalence,209,Guinea-Bissau,3,Both,16,55-59 years,976,Diabetes mellitus type 2,1,Number,2023,4587.484861296756,5303.6722592653205,3901.8003670872895
5,Prevalence,209,Guinea-Bissau,3,Both,17,60-64 years,976,Diabetes mellitus type 2,1,Number,2023,4286.263906668069,4949.192919282926,3721.05079170318
5,Prevalence,209,Guinea-Bissau,3,Both,18,65-69 years,976,Diabetes mellitus type 2,1,Number,2023,3766.862759841504,4342.431919385884,3290.334877495846
5,Prevalence,209,Guinea-Bissau,3,Both,19,70-74 years,976,Diabetes mellitus type 2,1,Number,2023,2980.338700055558,3320.023347371952,2688.14441700539
5,Prevalence,209,Guinea-Bissau,3,Both,20,75-79 years,976,Diabetes mellitus type 2,1,Number,2023,1934.980840442088,2156.3593862955804,1738.1050788705609
5,Prevalence,209,Guinea-Bissau,3,Both,30,80-84 years,976,Diabetes mellitus type 2,1,Number,2023,958.5828012113408,1065.2556117768625,859.2767240727616
5,Prevalence,209,Guinea-Bissau,3,Both,31,85-89 years,976,Diabetes mellitus type 2,1,Number,2023,378.72010427380826,426.500566115138,334.9115993066216
5,Prevalence,209,Guinea-Bissau,3,Both,32,90-94 years,976,Diabetes mellitus type 2,1,Number,2023,114.9225888181975,132.14000119776213,97.6861474088671
5,Prevalence,209,Guinea-Bissau,3,Both,235,95+ years,976,Diabetes mellitus type 2,1,Number,2023,33.469745163623045,40.69590708156446,27.345537573632896
5,Prevalence,115,Jamaica,3,Both,1,<5 years,976,Diabetes mellitus type 2,1,Number,2023,0.0,0.0,0.0
5,Prevalence,115,Jamaica,3,Both,6,5-9 years,976,Diabetes mellitus type 2,1,Number,2023,0.0,0.0,0.0
5,Prevalence,115,Jamaica,3,Both,7,10-14 years,976,Diabetes mellitus type 2,1,Number,2023,0.0,0.0,0.0
5,Prevalence,115,Jamaica,3,Both,8,15-19 years,976,Diabetes mellitus type 2,1,Number,2023,2917.449007331346,3628.880348191198,2313.7525542564204
5,Prevalence,115,Jamaica,3,Both,9,20-24 years,976,Diabetes mellitus type 2,1,Number,2023,5469.204721634356,6797.269604400555,4447.984634271529
5,Prevalence,115,Jamaica,3,Both,10,25-29 years,976,Diabetes mellitus type 2,1,Number,2023,8883.604440208574,10758.823131733478,7350.844634368565
5,Prevalence,115,Jamaica,3,Both,11,30-34 years,976,Diabetes mellitus type 2,1,Number,2023,12407.509808188668,14548.579978651258,10221.090994768352
5,Prevalence,115,Jamaica,3,Both,12,35-39 years,976,Diabetes mellitus type 2,1,Number,2023,15977.978021299048,18695.695880287138,13439.911521759168
5,Prevalence,115,Jamaica,3,Both,13,40-44 years,976,Diabetes mellitus type 2,1,Number,2023,19482.42275716654,22692.8805247413,16163.45420958424
5,Prevalence,115,Jamaica,3,Both,14,45-49 years,976,Diabetes mellitus type 2,1,Number,2023,23038.84199326297,26310.67053966025,19476.00331183096
5,Prevalence,115,Jamaica,3,Both,15,50-54 years,976,Diabetes mellitus type 2,1,Number,2023,28912.26125207084,33173.14520075985,25145.70994102614
5,Prevalence,115,Jamaica,3,Both,16,55-59 years,976,Diabetes mellitus type 2,1,Number,2023,34286.70280934973,38543.81660790654,30989.37801778573
5,Prevalence,115,Jamaica,3,Both,17,60-64 years,976,Diabetes mellitus type 2,1,Number,2023,35809.50989834882,40655.15046796545,32372.3205587298
5,Prevalence,115,Jamaica,3,Both,18,65-69 years,976,Diabetes mellitus type 2,1,Number,2023,32090.34777773752,35841.89931935804,29206.94684984033
5,Prevalence,115,Jamaica,3,Both,19,70-74 years,976,Diabetes mellitus type 2,1,Number,2023,25331.33276034297,27677.924728941936,23465.21776217039
5,Prevalence,115,Jamaica,3,Both,20,75-79 years,976,Diabetes mellitus type 2,1,Number,2023,17644.57762214479,18978.96981731622,16477.88107252129
5,Prevalence,115,Jamaica,3,Both,30,80-84 years,976,Diabetes mellitus type 2,1,Number,2023,10085.553057350286,10918.646802491005,9365.17654631511
5,Prevalence,115,Jamaica,3,Both,31,85-89 years,976,Diabetes mellitus type 2,1,Number,2023,5056.494446026554,5521.909804712881,4663.567052832414
5,Prevalence,115,Jamaica,3,Both,32,90-94 years,976,Diabetes mellitus type 2,1,Number,2023,2025.798003308462,2260.9426611814984,1822.6741534814728
5,Prevalence,115,Jamaica,3,Both,235,95+ years,976,Diabetes mellitus type 2,1,Number,2023,970.39180620815,1135.393112051315,836.6451507678307
5,Prevalence,385,Puerto Rico,3,Both,1,<5 years,976,Diabetes mellitus type 2,1,Number,2023,0.0,0.0,0.0
5,Prevalence,385,Puerto Rico,3,Both,6,5-9 years,976,Diabetes mellitus type 2,1,Number,2023,0.0,0.0,0.0
5,Prevalence,385,Puerto Rico,3,Both,7,10-14 years,976,Diabetes mellitus type 2,1,Number,2023,0.0,0.0,0.0
5,Prevalence,385,Puerto Rico,3,Both,8,15-19 years,976,Diabetes mellitus type 2,1,Number,2023,2696.111149905072,3400.0445383976385,2168.203801393043
5,Prevalence,385,Puerto Rico,3,Both,9,20-24 years,976,Diabetes mellitus type 2,1,Number,2023,4536.057262865184,5406.228591959978,3775.314093329823
5,Prevalence,385,Puerto Rico,3,Both,10,25-29 years,976,Diabetes mellitus type 2,1,Number,2023,5797.506161106364,6677.251410403852,4991.443812606815
5,Prevalence,385,Puerto Rico,3,Both,11,30-34 years,976,Diabetes mellitus type 2,1,Number,2023,8427.478011478508,9673.314480969571,7197.559329853209
5,Prevalence,385,Puerto Rico,3,Both,12,35-39 years,976,Diabetes mellitus type 2,1,Number,2023,13812.406617640176,15541.548006061064,12189.690591959336
5,Prevalence,385,Puerto Rico,3,Both,13,40-44 years,976,Diabetes mellitus type 2,1,Number,2023,22869.181010551387,25950.981686464365,19887.90184663895
5,Prevalence,385,Puerto Rico,3,Both,14,45-49 years,976,Diabetes mellitus type 2,1,Number,2023,33251.37135609988,37431.54806064098,29332.20434838379
5,Prevalence,385,Puerto Rico,3,Both,15,50-54 years,976,Diabetes mellitus type 2,1,Number,2023,44448.510511193264,48518.24890317828,39384.98634859172
5,Prevalence,385,Puerto Rico,3,Both,16,55-59 years,976,Diabetes mellitus type 2,1,Number,2023,56919.54539298455,62083.7737263117,49690.6380577048
5,Prevalence,385,Puerto Rico,3,Both,17,60-64 years,976,Diabetes mellitus type 2,1,Number,2023,65493.33059791663,71611.88021779348,57922.39621431213
5,Prevalence,385,Puerto Rico,3,Both,18,65-69 years,976,Diabetes mellitus type 2,1,Number,2023,67959.72277034188,74694.15567145271,61190.759806759845
5,Prevalence,385,Puerto Rico,3,Both,19,70-74 years,976,Diabetes mellitus type 2,1,Number,2023,64087.70400049496,69836.7547883478,58560.929405290255
5,Prevalence,385,Puerto Rico,3,Both,20,75-79 years,976,Diabetes mellitus type 2,1,Number,2023,52639.49638645983,57471.11273738115,47759.29077850394
5,Prevalence,385,Puerto Rico,3,Both,30,80-84 years,976,Diabetes mellitus type 2,1,Number,2023,31426.41263943042,34303.12426209918,28590.111521860967
5,Prevalence,385,Puerto Rico,3,Both,31,85-89 years,976,Diabetes mellitus type 2,1,Number,2023,16975.69981257012,18662.731095435203,15225.045834015338
5,Prevalence,385,Puerto Rico,3,Both,32,90-94 years,976,Diabetes mellitus type 2,1,Number,2023,5445.902614495957,6103.648024181312,4745.489190281029
5,Prevalence,385,Puerto Rico,3,Both,235,95+ years,976,Diabetes mellitus type 2,1,Number,2023,1940.7590041463216,2238.5593510829112,1612.989761581093
5,Prevalence,135,Brazil,3,Both,1,<5 years,976,Diabetes mellitus type 2,1,Number,2023,0.0,0.0,0.0
5,Prevalence,135,Brazil,3,Both,6,5-9 years,976,Diabetes mellitus type 2,1,Number,2023,0.0,0.0,0.0
5,Prevalence,135,Brazil,3,Both,7,10-14 years,976,Diabetes mellitus type 2,1,Number,2023,0.0,0.0,0.0
5,Prevalence,135,Brazil,3,Both,8,15-19 years,976,Diabetes mellitus type 2,1,Number,2023,70690.75830540594,99497.958012944,44728.49560911638
5,Prevalence,135,Brazil,3,Both,9,20-24 years,976,Diabetes mellitus type 2,1,Number,2023,162689.79314031138,209161.4186663917,121404.06378503406
5,Prevalence,135,Brazil,3,Both,10,25-29 years,976,Diabetes mellitus type 2,1,Number,2023,290167.1528671315,360616.1509071508,235288.26031191245
5,Prevalence,135,Brazil,3,Both,11,30-34 years,976,Diabetes mellitus type 2,1,Number,2023,457063.7856732326,559620.0984136781,373835.29793165927
5,Prevalence,135,Brazil,3,Both,12,35-39 years,976,Diabetes mellitus type 2,1,Number,2023,738468.2837464302,880347.7488316564,618160.0230042638
5,Prevalence,135,Brazil,3,Both,13,40-44 years,976,Diabetes mellitus type 2,1,Number,2023,1093519.8889268418,1308867.837604046,918059.869445733
5,Prevalence,135,Brazil,3,Both,14,45-49 years,976,Diabetes mellitus type 2,1,Number,2023,1306120.2237303792,1509026.8651537,1109919.6457426408
5,Prevalence,135,Brazil,3,Both,15,50-54 years,976,Diabetes mellitus type 2,1,Number,2023,1547503.2409001756,1796175.165786338,1302677.2572609994
5,Prevalence,135,Brazil,3,Both,16,55-59 years,976,Diabetes mellitus type 2,1,Number,2023,1785192.8948926958,2030157.1428677847,1572390.1653440087
5,Prevalence,135,Brazil,3,Both,17,60-64 years,976,Diabetes mellitus type 2,1,Number,2023,1846204.334807265,2093344.2681074904,1621758.536504662
5,Prevalence,135,Brazil,3,Both,18,65-69 years,976,Diabetes mellitus type 2,1,Number,2023,1630816.044165108,1836907.715983484,1436050.8858909642
5,Prevalence,135,Brazil,3,Both,19,70-74 years,976,Diabetes mellitus type 2,1,Number,2023,1266909.288118503,1408885.7351217635,1127218.728784348
5,Prevalence,135,Brazil,3,Both,20,75-79 years,976,Diabetes mellitus type 2,1,Number,2023,834384.921541996,927438.8457396488,747346.124687185
5,Prevalence,135,Brazil,3,Both,30,80-84 years,976,Diabetes mellitus type 2,1,Number,2023,487170.0435116893,542465.9862844697,428849.2722761927
5,Prevalence,135,Brazil,3,Both,31,85-89 years,976,Diabetes mellitus type 2,1,Number,2023,232582.16549845767,261140.69472967635,201888.5179447924
5,Prevalence,135,Brazil,3,Both,32,90-94 years,976,Diabetes mellitus type 2,1,Number,2023,79448.65488235255,90566.98312414697,67098.64527199588
5,Prevalence,135,Brazil,3,Both,235,95+ years,976,Diabetes mellitus type 2,1,Number,2023,25310.06161698965,29778.907877424077,20274.672243788333
5,Prevalence,86,Italy,3,Both,1,<5 years,976,Diabetes mellitus type 2,1,Number,2023,0.0,0.0,0.0
5,Prevalence,86,Italy,3,Both,6,5-9 years,976,Diabetes mellitus type 2,1,Number,2023,0.0,0.0,0.0
5,Prevalence,86,Italy,3,Both,7,10-14 years,976,Diabetes mellitus type 2,1,Number,2023,0.0,0.0,0.0
5,Prevalence,86,Italy,3,Both,8,15-19 years,976,Diabetes mellitus type 2,1,Number,2023,7114.955624480843,13381.29459759538,1919.5182678463912
5,Prevalence,86,Italy,3,Both,9,20-24 years,976,Diabetes mellitus type 2,1,Number,2023,20291.587412113407,29224.977343126742,12604.457635321738
5,Prevalence,86,Italy,3,Both,10,25-29 years,976,Diabetes mellitus type 2,1,Number,2023,39604.73336217758,52707.963345075084,28228.927263026413
5,Prevalence,86,Italy,3,Both,11,30-34 years,976,Diabetes mellitus type 2,1,Number,2023,67772.0581790081,89044.28370249672,50517.23067258942
5,Prevalence,86,Italy,3,Both,12,35-39 years,976,Diabetes mellitus type 2,1,Number,2023,100552.89487194514,127985.63878348064,78495.21292742115
5,Prevalence,86,Italy,3,Both,13,40-44 years,976,Diabetes mellitus type 2,1,Number,2023,153063.71887723415,196359.17979618165,120310.78418840142
5,Prevalence,86,Italy,3,Both,14,45-49 years,976,Diabetes mellitus type 2,1,Number,2023,243297.4421099656,292868.1492753691,193188.6972739653
5,Prevalence,86,Italy,3,Both,15,50-54 years,976,Diabetes mellitus type 2,1,Number,2023,341672.6348152072,412137.1716971805,274072.2534129563
5,Prevalence,86,Italy,3,Both,16,55-59 years,976,Diabetes mellitus type 2,1,Number,2023,461959.6071096391,546838.8802703011,386190.4992288923
5,Prevalence,86,Italy,3,Both,17,60-64 years,976,Diabetes mellitus type 2,1,Number,2023,522117.640760117,611403.069876572,444637.21634316334
5,Prevalence,86,Italy,3,Both,18,65-69 years,976,Diabetes mellitus type 2,1,Number,2023,539880.8431583114,620703.9254140632,469104.6809835477
5,Prevalence,86,Italy,3,Both,19,70-74 years,976,Diabetes mellitus type 2,1,Number,2023,548450.8664397129,619370.0007726483,485197.15549807297
5,Prevalence,86,Italy,3,Both,20,75-79 years,976,Diabetes mellitus type 2,1,Number,2023,465963.80553110345,533994.7396367905,413546.2720647368
5,Prevalence,86,Italy,3,Both,30,80-84 years,976,Diabetes mellitus type 2,1,Number,2023,362576.2670146953,414909.2502936763,320395.5386262483
5,Prevalence,86,Italy,3,Both,31,85-89 years,976,Diabetes mellitus type 2,1,Number,2023,207526.5389447146,237394.9905575697,181250.8881288268
5,Prevalence,86,Italy,3,Both,32,90-94 years,976,Diabetes mellitus type 2,1,Number,2023,74477.0850778823,85881.62486766532,64333.20982029638
5,Prevalence,86,Italy,3,Both,235,95+ years,976,Diabetes mellitus type 2,1,Number,2023,14853.14772866769,17980.467945473247,12632.335899225993
5,Prevalence,210,Liberia,3,Both,1,<5 years,976,Diabetes mellitus type 2,1,Number,2023,0.0,0.0,0.0
5,Prevalence,210,Liberia,3,Both,6,5-9 years,976,Diabetes mellitus type 2,1,Number,2023,0.0,0.0,0.0
5,Prevalence,210,Liberia,3,Both,7,10-14 years,976,Diabetes mellitus type 2,1,Number,2023,0.0,0.0,0.0
5,Prevalence,210,Liberia,3,Both,8,15-19 years,976,Diabetes mellitus type 2,1,Number,2023,9066.359086301933,11177.007389757551,7343.180070405041
5,Prevalence,210,Liberia,3,Both,9,20-24 years,976,Diabetes mellitus type 2,1,Number,2023,14424.96642995088,17397.552960820773,11983.950619429876
5,Prevalence,210,Liberia,3,Both,10,25-29 years,976,Diabetes mellitus type 2,1,Number,2023,17894.909936795946,21342.20572664869,14819.397429852806
5,Prevalence,210,Liberia,3,Both,11,30-34 years,976,Diabetes mellitus type 2,1,Number,2023,19363.621407109636,22568.642056078552,16297.53292223025
5,Prevalence,210,Liberia,3,Both,12,35-39 years,976,Diabetes mellitus type 2,1,Number,2023,20459.950406001608,23519.316091530152,17802.590050375235
5,Prevalence,210,Liberia,3,Both,13,40-44 years,976,Diabetes mellitus type 2,1,Number,2023,19338.481305769223,22179.069129882024,16663.344834179836
5,Prevalence,210,Liberia,3,Both,14,45-49 years,976,Diabetes mellitus type 2,1,Number,2023,18431.65843859272,20848.91974617205,15729.58899927634
5,Prevalence,210,Liberia,3,Both,15,50-54 years,976,Diabetes mellitus type 2,1,Number,2023,17354.45156745435,19998.450263881445,14708.00137664742
5,Prevalence,210,Liberia,3,Both,16,55-59 years,976,Diabetes mellitus type 2,1,Number,2023,15083.962623040348,17315.429874154535,13140.390796214951
5,Prevalence,210,Liberia,3,Both,17,60-64 years,976,Diabetes mellitus type 2,1,Number,2023,13353.697913470558,15450.919959251758,11580.165200588524
5,Prevalence,210,Liberia,3,Both,18,65-69 years,976,Diabetes mellitus type 2,1,Number,2023,11389.076156898036,12969.148153812464,10088.067812726831
5,Prevalence,210,Liberia,3,Both,19,70-74 years,976,Diabetes mellitus type 2,1,Number,2023,8594.480317334785,9597.526974686676,7772.193935007739
5,Prevalence,210,Liberia,3,Both,20,75-79 years,976,Diabetes mellitus type 2,1,Number,2023,5594.132516342012,6281.400384793245,5045.813023099655
5,Prevalence,210,Liberia,3,Both,30,80-84 years,976,Diabetes mellitus type 2,1,Number,2023,2863.438370275611,3222.155985831865,2582.885882401759
5,Prevalence,210,Liberia,3,Both,31,85-89 years,976,Diabetes mellitus type 2,1,Number,2023,1336.8276779461917,1516.2719472259982,1179.2495620459688
5,Prevalence,210,Liberia,3,Both,32,90-94 years,976,Diabetes mellitus type 2,1,Number,2023,439.4784935516933,508.76931925741167,380.06715849046327
5,Prevalence,210,Liberia,3,Both,235,95+ years,976,Diabetes mellitus type 2,1,Number,2023,137.34197555340225,168.58127741022733,113.19697239368008
5,Prevalence,180,Kenya,3,Both,1,<5 years,976,Diabetes mellitus type 2,1,Number,2023,0.0,0.0,0.0
5,Prevalence,180,Kenya,3,Both,6,5-9 years,976,Diabetes mellitus type 2,1,Number,2023,0.0,0.0,0.0
5,Prevalence,180,Kenya,3,Both,7,10-14 years,976,Diabetes mellitus type 2,1,Number,2023,0.0,0.0,0.0
5,Prevalence,180,Kenya,3,Both,8,15-19 years,976,Diabetes mellitus type 2,1,Number,2023,47056.93359938821,58995.921805197744,37309.92129429051
5,Prevalence,180,Kenya,3,Both,9,20-24 years,976,Diabetes mellitus type 2,1,Number,2023,62631.0927826523,76582.12474181553,51353.01208567198
5,Prevalence,180,Kenya,3,Both,10,25-29 years,976,Diabetes mellitus type 2,1,Number,2023,72935.57292240398,86158.70859811176,60570.3604686644
5,Prevalence,180,Kenya,3,Both,11,30-34 years,976,Diabetes mellitus type 2,1,Number,2023,83449.27576618119,100097.30472801552,69931.27272733173
5,Prevalence,180,Kenya,3,Both,12,35-39 years,976,Diabetes mellitus type 2,1,Number,2023,94921.62594227078,110156.31376950984,81197.95999568683
5,Prevalence,180,Kenya,3,Both,13,40-44 years,976,Diabetes mellitus type 2,1,Number,2023,100446.62894649144,118488.93700649057,85348.87955305768
5,Prevalence,180,Kenya,3,Both,14,45-49 years,976,Diabetes mellitus type 2,1,Number,2023,100119.11638082653,114455.35188947138,84531.88210356356
5,Prevalence,180,Kenya,3,Both,15,50-54 years,976,Diabetes mellitus type 2,1,Number,2023,96975.89124215132,112645.31319809348,82679.07311285415
5,Prevalence,180,Kenya,3,Both,16,55-59 years,976,Diabetes mellitus type 2,1,Number,2023,90635.46600467064,104823.61185789671,78250.91786991582
5,Prevalence,180,Kenya,3,Both,17,60-64 years,976,Diabetes mellitus type 2,1,Number,2023,93519.42649255211,108969.39890896244,78838.8956774703
5,Prevalence,180,Kenya,3,Both,18,65-69 years,976,Diabetes mellitus type 2,1,Number,2023,98614.25532657169,110512.09918842478,86273.05909477809
5,Prevalence,180,Kenya,3,Both,19,70-74 years,976,Diabetes mellitus type 2,1,Number,2023,90720.6171430676,100907.25993796202,81178.95553224321
5,Prevalence,180,Kenya,3,Both,20,75-79 years,976,Diabetes mellitus type 2,1,Number,2023,60371.82607084244,67433.91967652715,53846.37972952796
5,Prevalence,180,Kenya,3,Both,30,80-84 years,976,Diabetes mellitus type 2,1,Number,2023,32297.552575329413,36101.87668022234,28572.17378749904
5,Prevalence,180,Kenya,3,Both,31,85-89 years,976,Diabetes mellitus type 2,1,Number,2023,14522.903367531648,16376.115101164914,12830.399094920727
5,Prevalence,180,Kenya,3,Both,32,90-94 years,976,Diabetes mellitus type 2,1,Number,2023,4779.921638455785,5523.32175812579,4135.955858495565
5,Prevalence,180,Kenya,3,Both,235,95+ years,976,Diabetes mellitus type 2,1,Number,2023,1424.3848711822754,1716.4883150778298,1177.9827044145347
5,Prevalence,46,Croatia,3,Both,1,<5 years,976,Diabetes mellitus type 2,1,Number,2023,0.0,0.0,0.0
5,Prevalence,46,Croatia,3,Both,6,5-9 years,976,Diabetes mellitus type 2,1,Number,2023,0.0,0.0,0.0
5,Prevalence,46,Croatia,3,Both,7,10-14 years,976,Diabetes mellitus type 2,1,Number,2023,0.0,0.0,0.0
5,Prevalence,46,Croatia,3,Both,8,15-19 years,976,Diabetes mellitus type 2,1,Number,2023,422.531347136598,730.0099547777781,101.0468386197578
5,Prevalence,46,Croatia,3,Both,9,20-24 years,976,Diabetes mellitus type 2,1,Number,2023,832.1411741179588,1149.1856732493352,544.2020881569167
5,Prevalence,46,Croatia,3,Both,10,25-29 years,976,Diabetes mellitus type 2,1,Number,2023,1386.1334956653384,1808.895653089327,1031.394169484033
5,Prevalence,46,Croatia,3,Both,11,30-34 years,976,Diabetes mellitus type 2,1,Number,2023,2011.4535603765644,2436.656989581857,1552.2110284501898
5,Prevalence,46,Croatia,3,Both,12,35-39 years,976,Diabetes mellitus type 2,1,Number,2023,3664.571676475508,4311.791787177106,2993.175575960292
5,Prevalence,46,Croatia,3,Both,13,40-44 years,976,Diabetes mellitus type 2,1,Number,2023,6854.485078641051,8127.8326542588,5637.0141179620805
5,Prevalence,46,Croatia,3,Both,14,45-49 years,976,Diabetes mellitus type 2,1,Number,2023,12226.472429625066,14325.50164648352,10365.648725680448
5,Prevalence,46,Croatia,3,Both,15,50-54 years,976,Diabetes mellitus type 2,1,Number,2023,21267.54210659588,25641.651521221575,17726.953322053683
5,Prevalence,46,Croatia,3,Both,16,55-59 years,976,Diabetes mellitus type 2,1,Number,2023,42004.47214718104,47123.239803918375,36088.34882340182
5,Prevalence,46,Croatia,3,Both,17,60-64 years,976,Diabetes mellitus type 2,1,Number,2023,68518.59240424239,75984.99239445006,58927.94735009159
5,Prevalence,46,Croatia,3,Both,18,65-69 years,976,Diabetes mellitus type 2,1,Number,2023,88379.9804914736,97187.1174099056,79475.74742526753
5,Prevalence,46,Croatia,3,Both,19,70-74 years,976,Diabetes mellitus type 2,1,Number,2023,85882.11692461286,92920.07988468898,80312.87014050994
5,Prevalence,46,Croatia,3,Both,20,75-79 years,976,Diabetes mellitus type 2,1,Number,2023,57628.69953439063,61969.33930248781,53453.17334230162
5,Prevalence,46,Croatia,3,Both,30,80-84 years,976,Diabetes mellitus type 2,1,Number,2023,41196.66541659937,44660.87384897971,37962.71218586575
5,Prevalence,46,Croatia,3,Both,31,85-89 years,976,Diabetes mellitus type 2,1,Number,2023,20959.726288979084,23154.120684643,19079.92620011975
5,Prevalence,46,Croatia,3,Both,32,90-94 years,976,Diabetes mellitus type 2,1,Number,2023,5592.724058724133,6285.891907834992,4973.651239553934
5,Prevalence,46,Croatia,3,Both,235,95+ years,976,Diabetes mellitus type 2,1,Number,2023,870.7829991742884,1016.0182499377856,752.3150454323563
5,Prevalence,129,Honduras,3,Both,1,<5 years,976,Diabetes mellitus type 2,1,Number,2023,0.0,0.0,0.0
5,Prevalence,129,Honduras,3,Both,6,5-9 years,976,Diabetes mellitus type 2,1,Number,2023,0.0,0.0,0.0
5,Prevalence,129,Honduras,3,Both,7,10-14 years,976,Diabetes mellitus type 2,1,Number,2023,0.0,0.0,0.0
5,Prevalence,129,Honduras,3,Both,8,15-19 years,976,Diabetes mellitus type 2,1,Number,2023,10231.48757946324,12895.299492401518,8072.98675900241
5,Prevalence,129,Honduras,3,Both,9,20-24 years,976,Diabetes mellitus type 2,1,Number,2023,17508.159371515132,21614.723592326685,14017.814204613818
5,Prevalence,129,Honduras,3,Both,10,25-29 years,976,Diabetes mellitus type 2,1,Number,2023,24461.261807861512,29605.33905375156,20042.53638265024
5,Prevalence,129,Honduras,3,Both,11,30-34 years,976,Diabetes mellitus type 2,1,Number,2023,30113.57099940592,35207.389441994244,24886.757493664634
5,Prevalence,129,Honduras,3,Both,12,35-39 years,976,Diabetes mellitus type 2,1,Number,2023,36345.62764066917,41699.88307124602,31007.74654074546
5,Prevalence,129,Honduras,3,Both,13,40-44 years,976,Diabetes mellitus type 2,1,Number,2023,43149.05305011293,50322.32901261926,36142.480715227
5,Prevalence,129,Honduras,3,Both,14,45-49 years,976,Diabetes mellitus type 2,1,Number,2023,47645.35086882752,54954.52574913464,40347.27910246652
5,Prevalence,129,Honduras,3,Both,15,50-54 years,976,Diabetes mellitus type 2,1,Number,2023,48068.15337539972,54664.60168293731,41469.72368488384
5,Prevalence,129,Honduras,3,Both,16,55-59 years,976,Diabetes mellitus type 2,1,Number,2023,46745.26736565272,52271.9642450445,41596.30182555885
5,Prevalence,129,Honduras,3,Both,17,60-64 years,976,Diabetes mellitus type 2,1,Number,2023,45498.94719310641,51160.64152952096,40854.18440750553
5,Prevalence,129,Honduras,3,Both,18,65-69 years,976,Diabetes mellitus type 2,1,Number,2023,40652.80106218681,46091.01139144934,36365.64786853551
5,Prevalence,129,Honduras,3,Both,19,70-74 years,976,Diabetes mellitus type 2,1,Number,2023,32033.064243150016,36209.46853497612,28646.247694522543
5,Prevalence,129,Honduras,3,Both,20,75-79 years,976,Diabetes mellitus type 2,1,Number,2023,20831.34736158071,23475.24373593792,18716.85391640885
5,Prevalence,129,Honduras,3,Both,30,80-84 years,976,Diabetes mellitus type 2,1,Number,2023,12652.624849397687,14346.291988373876,11362.332950935106
5,Prevalence,129,Honduras,3,Both,31,85-89 years,976,Diabetes mellitus type 2,1,Number,2023,5553.291041886508,6290.006337278291,4960.358297023927
5,Prevalence,129,Honduras,3,Both,32,90-94 years,976,Diabetes mellitus type 2,1,Number,2023,1287.920844683949,1468.8084300926848,1135.9444659510457
5,Prevalence,129,Honduras,3,Both,235,95+ years,976,Diabetes mellitus type 2,1,Number,2023,188.45577003863968,216.0614678437768,165.95417900520974
5,Prevalence,169,Central African Republic,3,Both,1,<5 years,976,Diabetes mellitus type 2,1,Number,2023,0.0,0.0,0.0
5,Prevalence,169,Central African Republic,3,Both,6,5-9 years,976,Diabetes mellitus type 2,1,Number,2023,0.0,0.0,0.0
5,Prevalence,169,Central African Republic,3,Both,7,10-14 years,976,Diabetes mellitus type 2,1,Number,2023,0.0,0.0,0.0
5,Prevalence,169,Central African Republic,3,Both,8,15-19 years,976,Diabetes mellitus type 2,1,Number,2023,10958.56554111244,13459.039662612098,8700.50690224187
5,Prevalence,169,Central African Republic,3,Both,9,20-24 years,976,Diabetes mellitus type 2,1,Number,2023,15464.21317431666,18897.519580552624,12673.312542356458
5,Prevalence,169,Central African Republic,3,Both,10,25-29 years,976,Diabetes mellitus type 2,1,Number,2023,17427.108074921616,20774.2284005369,14578.64323304078
5,Prevalence,169,Central African Republic,3,Both,11,30-34 years,976,Diabetes mellitus type 2,1,Number,2023,19692.5532688598,22950.194498303492,16293.139576216843
5,Prevalence,169,Central African Republic,3,Both,12,35-39 years,976,Diabetes mellitus type 2,1,Number,2023,22328.649164176582,25807.09278744471,19260.433272100818
5,Prevalence,169,Central African Republic,3,Both,13,40-44 years,976,Diabetes mellitus type 2,1,Number,2023,23784.4917865135,27119.021863944952,20300.288086868477
5,Prevalence,169,Central African Republic,3,Both,14,45-49 years,976,Diabetes mellitus type 2,1,Number,2023,24380.30293526557,27464.819639848298,20620.858335302488
5,Prevalence,169,Central African Republic,3,Both,15,50-54 years,976,Diabetes mellitus type 2,1,Number,2023,23565.217597376333,26727.828891137025,20103.818383818085
5,Prevalence,169,Central African Republic,3,Both,16,55-59 years,976,Diabetes mellitus type 2,1,Number,2023,22073.15951746976,24738.897038386054,19316.897371405503
5,Prevalence,169,Central African Republic,3,Both,17,60-64 years,976,Diabetes mellitus type 2,1,Number,2023,19181.09549470969,21441.17507469544,16801.806428307762
5,Prevalence,169,Central African Republic,3,Both,18,65-69 years,976,Diabetes mellitus type 2,1,Number,2023,15563.468797098769,17442.25085529655,13827.311595353658
5,Prevalence,169,Central African Republic,3,Both,19,70-74 years,976,Diabetes mellitus type 2,1,Number,2023,10729.997562631876,12054.267599668749,9591.630369788354
5,Prevalence,169,Central African Republic,3,Both,20,75-79 years,976,Diabetes mellitus type 2,1,Number,2023,6387.917709968892,7203.070426269152,5727.70104222858
5,Prevalence,169,Central African Republic,3,Both,30,80-84 years,976,Diabetes mellitus type 2,1,Number,2023,3194.868022734244,3635.942840261299,2849.6468689518783
5,Prevalence,169,Central African Republic,3,Both,31,85-89 years,976,Diabetes mellitus type 2,1,Number,2023,1248.5835674648422,1415.4129149539135,1101.8358388001795
5,Prevalence,169,Central African Republic,3,Both,32,90-94 years,976,Diabetes mellitus type 2,1,Number,2023,358.3009345760793,409.27685832226206,308.3480633434401
5,Prevalence,169,Central African Republic,3,Both,235,95+ years,976,Diabetes mellitus type 2,1,Number,2023,103.42005050096684,122.14115639570264,87.212408277557
5,Prevalence,10,Cambodia,3,Both,1,<5 years,976,Diabetes mellitus type 2,1,Number,2023,0.0,0.0,0.0
5,Prevalence,10,Cambodia,3,Both,6,5-9 years,976,Diabetes mellitus type 2,1,Number,2023,0.0,0.0,0.0
5,Prevalence,10,Cambodia,3,Both,7,10-14 years,976,Diabetes mellitus type 2,1,Number,2023,0.0,0.0,0.0
5,Prevalence,10,Cambodia,3,Both,8,15-19 years,976,Diabetes mellitus type 2,1,Number,2023,6015.44818741078,7907.160068771837,4439.236757903332
5,Prevalence,10,Cambodia,3,Both,9,20-24 years,976,Diabetes mellitus type 2,1,Number,2023,13701.32225082243,17059.062782526154,10981.833857127496
5,Prevalence,10,Cambodia,3,Both,10,25-29 years,976,Diabetes mellitus type 2,1,Number,2023,23034.42639832933,27551.63661371005,18988.72786576625
5,Prevalence,10,Cambodia,3,Both,11,30-34 years,976,Diabetes mellitus type 2,1,Number,2023,34820.750766209094,41374.28909020055,29329.747608969163
5,Prevalence,10,Cambodia,3,Both,12,35-39 years,976,Diabetes mellitus type 2,1,Number,2023,47842.42262566109,55045.03361353094,41617.23445898928
5,Prevalence,10,Cambodia,3,Both,13,40-44 years,976,Diabetes mellitus type 2,1,Number,2023,53491.40150905322,61836.60011414408,45866.89060332621
5,Prevalence,10,Cambodia,3,Both,14,45-49 years,976,Diabetes mellitus type 2,1,Number,2023,51838.34892627902,59252.05466416682,45205.32245759196
5,Prevalence,10,Cambodia,3,Both,15,50-54 years,976,Diabetes mellitus type 2,1,Number,2023,56525.91771883341,64324.332675499565,47860.346127334575
5,Prevalence,10,Cambodia,3,Both,16,55-59 years,976,Diabetes mellitus type 2,1,Number,2023,64759.86688785216,72987.08185688633,56109.09128563972
5,Prevalence,10,Cambodia,3,Both,17,60-64 years,976,Diabetes mellitus type 2,1,Number,2023,62232.44742214496,69447.3383755678,55579.56099317502
5,Prevalence,10,Cambodia,3,Both,18,65-69 years,976,Diabetes mellitus type 2,1,Number,2023,52929.168610926674,59111.351974666366,47430.44302911093
5,Prevalence,10,Cambodia,3,Both,19,70-74 years,976,Diabetes mellitus type 2,1,Number,2023,39429.76576805872,43474.381511666696,35563.08420327346
5,Prevalence,10,Cambodia,3,Both,20,75-79 years,976,Diabetes mellitus type 2,1,Number,2023,24333.84948290816,26770.14109382528,22039.93255396416
5,Prevalence,10,Cambodia,3,Both,30,80-84 years,976,Diabetes mellitus type 2,1,Number,2023,12555.868764707568,13878.357708475309,11257.000412250794
5,Prevalence,10,Cambodia,3,Both,31,85-89 years,976,Diabetes mellitus type 2,1,Number,2023,5057.836142989668,5622.620540126217,4460.119594368266
5,Prevalence,10,Cambodia,3,Both,32,90-94 years,976,Diabetes mellitus type 2,1,Number,2023,1279.3544146496536,1451.5381673035274,1097.2005950553869
5,Prevalence,10,Cambodia,3,Both,235,95+ years,976,Diabetes mellitus type 2,1,Number,2023,213.93161932005597,250.99765839780605,179.00846942717237
5,Prevalence,117,Saint Vincent and the Grenadines,3,Both,1,<5 years,976,Diabetes mellitus type 2,1,Number,2023,0.0,0.0,0.0
5,Prevalence,117,Saint Vincent and the Grenadines,3,Both,6,5-9 years,976,Diabetes mellitus type 2,1,Number,2023,0.0,0.0,0.0
5,Prevalence,117,Saint Vincent and the Grenadines,3,Both,7,10-14 years,976,Diabetes mellitus type 2,1,Number,2023,0.0,0.0,0.0
5,Prevalence,117,Saint Vincent and the Grenadines,3,Both,8,15-19 years,976,Diabetes mellitus type 2,1,Number,2023,105.9236258923054,133.11607383184534,84.12181762185197
5,Prevalence,117,Saint Vincent and the Grenadines,3,Both,9,20-24 years,976,Diabetes mellitus type 2,1,Number,2023,190.04318554023047,231.09542367248343,155.46775387330308
5,Prevalence,117,Saint Vincent and the Grenadines,3,Both,10,25-29 years,976,Diabetes mellitus type 2,1,Number,2023,309.099464233579,369.9607585131231,255.23811430357384
5,Prevalence,117,Saint Vincent and the Grenadines,3,Both,11,30-34 years,976,Diabetes mellitus type 2,1,Number,2023,447.69069904469137,525.8025435569305,379.1325308518588
5,Prevalence,117,Saint Vincent and the Grenadines,3,Both,12,35-39 years,976,Diabetes mellitus type 2,1,Number,2023,654.5298839805336,746.493467867177,561.460208978477
5,Prevalence,117,Saint Vincent and the Grenadines,3,Both,13,40-44 years,976,Diabetes mellitus type 2,1,Number,2023,948.2712608603696,1112.6810670581806,816.432917617585
5,Prevalence,117,Saint Vincent and the Grenadines,3,Both,14,45-49 years,976,Diabetes mellitus type 2,1,Number,2023,1172.3175290498398,1380.38556128372,1015.3535961790412
5,Prevalence,117,Saint Vincent and the Grenadines,3,Both,15,50-54 years,976,Diabetes mellitus type 2,1,Number,2023,1520.2999604498411,1742.302058709353,1320.855736466463
5,Prevalence,117,Saint Vincent and the Grenadines,3,Both,16,55-59 years,976,Diabetes mellitus type 2,1,Number,2023,2000.0887163369507,2221.6049782815608,1794.0551637477208
5,Prevalence,117,Saint Vincent and the Grenadines,3,Both,17,60-64 years,976,Diabetes mellitus type 2,1,Number,2023,2346.4587983471806,2606.094380921339,2093.837768073546
5,Prevalence,117,Saint Vincent and the Grenadines,3,Both,18,65-69 years,976,Diabetes mellitus type 2,1,Number,2023,2212.048697637634,2414.770323057006,2014.3775585439648
5,Prevalence,117,Saint Vincent and the Grenadines,3,Both,19,70-74 years,976,Diabetes mellitus type 2,1,Number,2023,1586.973320893092,1677.5104859455105,1503.3108656227132
5,Prevalence,117,Saint Vincent and the Grenadines,3,Both,20,75-79 years,976,Diabetes mellitus type 2,1,Number,2023,1194.2465080512318,1251.197850537137,1139.545413238885
5,Prevalence,117,Saint Vincent and the Grenadines,3,Both,30,80-84 years,976,Diabetes mellitus type 2,1,Number,2023,809.628023525047,850.5344084301285,772.9070586094886
5,Prevalence,117,Saint Vincent and the Grenadines,3,Both,31,85-89 years,976,Diabetes mellitus type 2,1,Number,2023,519.969086273087,547.9273070121562,490.8495245675713
5,Prevalence,117,Saint Vincent and the Grenadines,3,Both,32,90-94 years,976,Diabetes mellitus type 2,1,Number,2023,126.99203341079068,134.7309874855314,119.68675035358218
5,Prevalence,117,Saint Vincent and the Grenadines,3,Both,235,95+ years,976,Diabetes mellitus type 2,1,Number,2023,37.01956012482598,39.4348322562863,34.603518400591405
5,Prevalence,91,Portugal,3,Both,1,<5 years,976,Diabetes mellitus type 2,1,Number,2023,0.0,0.0,0.0
5,Prevalence,91,Portugal,3,Both,6,5-9 years,976,Diabetes mellitus type 2,1,Number,2023,0.0,0.0,0.0
5,Prevalence,91,Portugal,3,Both,7,10-14 years,976,Diabetes mellitus type 2,1,Number,2023,0.0,0.0,0.0
5,Prevalence,91,Portugal,3,Both,8,15-19 years,976,Diabetes mellitus type 2,1,Number,2023,1092.5094005350868,2221.6235465640425,46.70219494655316
5,Prevalence,91,Portugal,3,Both,9,20-24 years,976,Diabetes mellitus type 2,1,Number,2023,4349.812147400227,6080.055518447113,2774.306160888776
5,Prevalence,91,Portugal,3,Both,10,25-29 years,976,Diabetes mellitus type 2,1,Number,2023,8524.899135509631,11169.015022669211,6203.800485145604
5,Prevalence,91,Portugal,3,Both,11,30-34 years,976,Diabetes mellitus type 2,1,Number,2023,14617.596388179742,18478.166594978906,11510.564645701348
5,Prevalence,91,Portugal,3,Both,12,35-39 years,976,Diabetes mellitus type 2,1,Number,2023,23388.51595334028,28688.925982152603,19502.947581477823
5,Prevalence,91,Portugal,3,Both,13,40-44 years,976,Diabetes mellitus type 2,1,Number,2023,38225.43828036211,45238.7688093013,31517.60894882257
5,Prevalence,91,Portugal,3,Both,14,45-49 years,976,Diabetes mellitus type 2,1,Number,2023,57684.08609526295,67573.93710220026,49646.40554213769
5,Prevalence,91,Portugal,3,Both,15,50-54 years,976,Diabetes mellitus type 2,1,Number,2023,69887.21535273606,82132.60198534485,61252.79167158325
5,Prevalence,91,Portugal,3,Both,16,55-59 years,976,Diabetes mellitus type 2,1,Number,2023,88626.54972725423,101179.48223115929,78519.35357284851
5,Prevalence,91,Portugal,3,Both,17,60-64 years,976,Diabetes mellitus type 2,1,Number,2023,107703.24846105155,119469.36462519488,94200.60941806051
5,Prevalence,91,Portugal,3,Both,18,65-69 years,976,Diabetes mellitus type 2,1,Number,2023,118791.12583866982,130091.57054542168,106419.27910685822
5,Prevalence,91,Portugal,3,Both,19,70-74 years,976,Diabetes mellitus type 2,1,Number,2023,123770.72226168725,134319.59527287164,113460.74793428874
5,Prevalence,91,Portugal,3,Both,20,75-79 years,976,Diabetes mellitus type 2,1,Number,2023,105479.27648508643,117644.1749137736,97050.8282508105
5,Prevalence,215,Sao Tome and Principe,3,Both,1,<5 years,976,Diabetes mellitus type 2,1,Number,2023,0.0,0.0,0.0
5,Prevalence,215,Sao Tome and Principe,3,Both,6,5-9 years,976,Diabetes mellitus type 2,1,Number,2023,0.0,0.0,0.0
5,Prevalence,215,Sao Tome and Principe,3,Both,7,10-14 years,976,Diabetes mellitus type 2,1,Number,2023,0.0,0.0,0.0
5,Prevalence,215,Sao Tome and Principe,3,Both,8,15-19 years,976,Diabetes mellitus type 2,1,Number,2023,459.7009312712987,584.1861783586055,365.11943494146055
5,Prevalence,215,Sao Tome and Principe,3,Both,9,20-24 years,976,Diabetes mellitus type 2,1,Number,2023,672.9406338320298,833.0102036833752,538.8968953435224
5,Prevalence,215,Sao Tome and Principe,3,Both,10,25-29 years,976,Diabetes mellitus type 2,1,Number,2023,773.181530314662,925.4088702951498,629.3794937917837
5,Prevalence,215,Sao Tome and Principe,3,Both,11,30-34 years,976,Diabetes mellitus type 2,1,Number,2023,845.2108553629531,995.0594912406996,708.6892063295868
5,Prevalence,215,Sao Tome and Principe,3,Both,12,35-39 years,976,Diabetes mellitus type 2,1,Number,2023,924.851870357656,1077.500710001418,794.3745874556517
5,Prevalence,215,Sao Tome and Principe,3,Both,13,40-44 years,976,Diabetes mellitus type 2,1,Number,2023,977.4706378364258,1140.6215153763376,819.0952822004286
5,Prevalence,215,Sao Tome and Principe,3,Both,14,45-49 years,976,Diabetes mellitus type 2,1,Number,2023,967.0445069569154,1117.5299904500298,817.8325202925431
5,Prevalence,215,Sao Tome and Principe,3,Both,15,50-54 years,976,Diabetes mellitus type 2,1,Number,2023,911.8020525225312,1051.2133897317924,785.2590722813322
5,Prevalence,215,Sao Tome and Principe,3,Both,16,55-59 years,976,Diabetes mellitus type 2,1,Number,2023,834.8362495593819,957.6747264099872,729.1861423205776
5,Prevalence,215,Sao Tome and Principe,3,Both,17,60-64 years,976,Diabetes mellitus type 2,1,Number,2023,784.2997617822948,907.0313527733484,670.8356089088969
5,Prevalence,215,Sao Tome and Principe,3,Both,18,65-69 years,976,Diabetes mellitus type 2,1,Number,2023,667.4579442629718,767.9769711196877,583.4487934899433
5,Prevalence,215,Sao Tome and Principe,3,Both,19,70-74 years,976,Diabetes mellitus type 2,1,Number,2023,492.56972648022014,552.8342087812293,438.8699020570021
5,Prevalence,215,Sao Tome and Principe,3,Both,20,75-79 years,976,Diabetes mellitus type 2,1,Number,2023,311.0567281769186,353.5933675423413,279.9360225793234
5,Prevalence,215,Sao Tome and Principe,3,Both,30,80-84 years,976,Diabetes mellitus type 2,1,Number,2023,198.47865546937376,227.8075712372988,177.08313473826726
5,Prevalence,215,Sao Tome and Principe,3,Both,31,85-89 years,976,Diabetes mellitus type 2,1,Number,2023,110.22002718142215,126.9887144911054,97.31766584121353
5,Prevalence,215,Sao Tome and Principe,3,Both,32,90-94 years,976,Diabetes mellitus type 2,1,Number,2023,39.71748744719396,45.34884676042965,34.595756939699136
5,Prevalence,215,Sao Tome and Principe,3,Both,235,95+ years,976,Diabetes mellitus type 2,1,Number,2023,18.52198985745764,21.551316530078704,15.652465953243029
5,Prevalence,116,Saint Lucia,3,Both,1,<5 years,976,Diabetes mellitus type 2,1,Number,2023,0.0,0.0,0.0
5,Prevalence,116,Saint Lucia,3,Both,6,5-9 years,976,Diabetes mellitus type 2,1,Number,2023,0.0,0.0,0.0
5,Prevalence,116,Saint Lucia,3,Both,7,10-14 years,976,Diabetes mellitus type 2,1,Number,2023,0.0,0.0,0.0
5,Prevalence,116,Saint Lucia,3,Both,8,15-19 years,976,Diabetes mellitus type 2,1,Number,2023,157.7479363341359,194.0590422306147,125.53205463877129
5,Prevalence,116,Saint Lucia,3,Both,9,20-24 years,976,Diabetes mellitus type 2,1,Number,2023,333.58880398807787,402.6301278905947,278.0274203689236
5,Prevalence,116,Saint Lucia,3,Both,10,25-29 years,976,Diabetes mellitus type 2,1,Number,2023,555.4085338939511,660.6411382456192,478.8991005785669
5,Prevalence,116,Saint Lucia,3,Both,11,30-34 years,976,Diabetes mellitus type 2,1,Number,2023,791.1042402375714,903.017525395054,680.1790205543247
5,Prevalence,116,Saint Lucia,3,Both,12,35-39 years,976,Diabetes mellitus type 2,1,Number,2023,1049.4715972595927,1188.0030544690842,898.5144426745994
5,Prevalence,116,Saint Lucia,3,Both,13,40-44 years,976,Diabetes mellitus type 2,1,Number,2023,1421.43718105698,1629.5971155627426,1210.671668672036
5,Prevalence,116,Saint Lucia,3,Both,14,45-49 years,976,Diabetes mellitus type 2,1,Number,2023,1937.144659168224,2203.4812028848687,1641.501339532335
5,Prevalence,116,Saint Lucia,3,Both,15,50-54 years,976,Diabetes mellitus type 2,1,Number,2023,2690.4200144831216,3060.505416918176,2295.598353818443
5,Prevalence,116,Saint Lucia,3,Both,16,55-59 years,976,Diabetes mellitus type 2,1,Number,2023,3327.303996707496,3742.678430856948,2742.1835670217392
5,Prevalence,116,Saint Lucia,3,Both,17,60-64 years,976,Diabetes mellitus type 2,1,Number,2023,3528.5102391709293,3995.464137670495,2849.772149802129
5,Prevalence,116,Saint Lucia,3,Both,18,65-69 years,976,Diabetes mellitus type 2,1,Number,2023,3116.857455336288,3418.5707884565754,2661.202861993884
5,Prevalence,116,Saint Lucia,3,Both,19,70-74 years,976,Diabetes mellitus type 2,1,Number,2023,2449.568678391261,2604.695654356105,2296.1106686249123
5,Prevalence,116,Saint Lucia,3,Both,20,75-79 years,976,Diabetes mellitus type 2,1,Number,2023,1929.542128012456,2028.1036879825303,1849.9889596609744
5,Prevalence,116,Saint Lucia,3,Both,30,80-84 years,976,Diabetes mellitus type 2,1,Number,2023,1230.8971252877886,1285.7961141872638,1182.7291697053492
5,Prevalence,116,Saint Lucia,3,Both,31,85-89 years,976,Diabetes mellitus type 2,1,Number,2023,695.8060995552268,728.6623438153465,665.2069131187266
5,Prevalence,116,Saint Lucia,3,Both,32,90-94 years,976,Diabetes mellitus type 2,1,Number,2023,165.10516198164007,174.53199967336232,157.161257633527
5,Prevalence,116,Saint Lucia,3,Both,235,95+ years,976,Diabetes mellitus type 2,1,Number,2023,46.82948551495974,50.24468453028037,44.03957021323903
5,Prevalence,148,Morocco,3,Both,1,<5 years,976,Diabetes mellitus type 2,1,Number,2023,0.0,0.0,0.0
5,Prevalence,148,Morocco,3,Both,6,5-9 years,976,Diabetes mellitus type 2,1,Number,2023,0.0,0.0,0.0
5,Prevalence,148,Morocco,3,Both,7,10-14 years,976,Diabetes mellitus type 2,1,Number,2023,0.0,0.0,0.0
5,Prevalence,148,Morocco,3,Both,8,15-19 years,976,Diabetes mellitus type 2,1,Number,2023,27747.99399647413,36008.44572591963,20783.106400311783
5,Prevalence,148,Morocco,3,Both,9,20-24 years,976,Diabetes mellitus type 2,1,Number,2023,99595.4349356383,122790.1030839582,79202.07638953396
5,Prevalence,148,Morocco,3,Both,10,25-29 years,976,Diabetes mellitus type 2,1,Number,2023,153746.21513912338,182559.9240347513,126843.64769158453
5,Prevalence,148,Morocco,3,Both,11,30-34 years,976,Diabetes mellitus type 2,1,Number,2023,206841.2352062457,241262.1870359683,175151.32895845847
5,Prevalence,148,Morocco,3,Both,12,35-39 years,976,Diabetes mellitus type 2,1,Number,2023,269742.3272969478,305359.00212036935,237359.41200792408
5,Prevalence,148,Morocco,3,Both,13,40-44 years,976,Diabetes mellitus type 2,1,Number,2023,339727.04783803376,384749.6599215188,292718.55106155225
5,Prevalence,148,Morocco,3,Both,14,45-49 years,976,Diabetes mellitus type 2,1,Number,2023,405165.79783108464,450872.70097541786,355449.6070605148
5,Prevalence,148,Morocco,3,Both,15,50-54 years,976,Diabetes mellitus type 2,1,Number,2023,455402.9680312509,509325.7019625714,401345.1955370012
5,Prevalence,148,Morocco,3,Both,16,55-59 years,976,Diabetes mellitus type 2,1,Number,2023,485185.8405182056,535297.4449923862,435636.2540757345
5,Prevalence,148,Morocco,3,Both,17,60-64 years,976,Diabetes mellitus type 2,1,Number,2023,475382.074053787,526562.2747283564,424648.0666297766
5,Prevalence,148,Morocco,3,Both,18,65-69 years,976,Diabetes mellitus type 2,1,Number,2023,374545.7774165569,411709.6088341122,333621.2150623427
5,Prevalence,148,Morocco,3,Both,19,70-74 years,976,Diabetes mellitus type 2,1,Number,2023,265856.78478331177,291337.07812947995,240427.65061609124
5,Prevalence,148,Morocco,3,Both,20,75-79 years,976,Diabetes mellitus type 2,1,Number,2023,168992.0257979864,185524.20948327627,151430.13699037395
5,Prevalence,148,Morocco,3,Both,30,80-84 years,976,Diabetes mellitus type 2,1,Number,2023,110643.4082348305,122348.95991019052,99000.31694082465
5,Prevalence,148,Morocco,3,Both,31,85-89 years,976,Diabetes mellitus type 2,1,Number,2023,40612.58278915938,44987.5090297721,35986.41919824607
5,Prevalence,148,Morocco,3,Both,32,90-94 years,976,Diabetes mellitus type 2,1,Number,2023,6245.982012193019,6927.838910406576,5442.72395344392
5,Prevalence,148,Morocco,3,Both,235,95+ years,976,Diabetes mellitus type 2,1,Number,2023,315.88208869217794,355.5619888949077,274.3828067163732
5,Prevalence,91,Portugal,3,Both,30,80-84 years,976,Diabetes mellitus type 2,1,Number,2023,73842.39048717343,81911.88411840254,68340.97314274294
5,Prevalence,91,Portugal,3,Both,31,85-89 years,976,Diabetes mellitus type 2,1,Number,2023,45791.2291393244,51883.235391823946,41306.968361767824
5,Prevalence,91,Portugal,3,Both,32,90-94 years,976,Diabetes mellitus type 2,1,Number,2023,15522.677581315054,18018.710513067257,13855.495341871072
5,Prevalence,91,Portugal,3,Both,235,95+ years,976,Diabetes mellitus type 2,1,Number,2023,3612.8556987740176,4380.746600520104,3134.233708226602
5,Prevalence,182,Malawi,3,Both,1,<5 years,976,Diabetes mellitus type 2,1,Number,2023,0.0,0.0,0.0
5,Prevalence,182,Malawi,3,Both,6,5-9 years,976,Diabetes mellitus type 2,1,Number,2023,0.0,0.0,0.0
5,Prevalence,182,Malawi,3,Both,7,10-14 years,976,Diabetes mellitus type 2,1,Number,2023,0.0,0.0,0.0
5,Prevalence,182,Malawi,3,Both,8,15-19 years,976,Diabetes mellitus type 2,1,Number,2023,14455.455626854531,17754.468383693446,11546.816335212658
5,Prevalence,182,Malawi,3,Both,9,20-24 years,976,Diabetes mellitus type 2,1,Number,2023,18355.358530809917,21836.696238718912,15403.048810116572
5,Prevalence,182,Malawi,3,Both,10,25-29 years,976,Diabetes mellitus type 2,1,Number,2023,19514.37291415533,23151.341576280443,16514.926133406258
5,Prevalence,182,Malawi,3,Both,11,30-34 years,976,Diabetes mellitus type 2,1,Number,2023,19654.72581034229,22972.108812188177,16685.475745705728
5,Prevalence,182,Malawi,3,Both,12,35-39 years,976,Diabetes mellitus type 2,1,Number,2023,21398.431104867494,24715.731676886477,18458.078748989712
5,Prevalence,182,Malawi,3,Both,13,40-44 years,976,Diabetes mellitus type 2,1,Number,2023,23300.11780054358,26385.14869755928,20201.07953989166
5,Prevalence,182,Malawi,3,Both,14,45-49 years,976,Diabetes mellitus type 2,1,Number,2023,22854.04120542062,25768.87060959708,19686.797752656043
5,Prevalence,182,Malawi,3,Both,15,50-54 years,976,Diabetes mellitus type 2,1,Number,2023,20642.09614094237,23488.81460772256,17469.366602844653
5,Prevalence,182,Malawi,3,Both,16,55-59 years,976,Diabetes mellitus type 2,1,Number,2023,18429.66398273853,21176.85997929055,15700.055359898044
5,Prevalence,182,Malawi,3,Both,17,60-64 years,976,Diabetes mellitus type 2,1,Number,2023,18177.294103186538,20963.949845701216,15369.378988961182
5,Prevalence,182,Malawi,3,Both,18,65-69 years,976,Diabetes mellitus type 2,1,Number,2023,21360.72746192667,23626.567007905946,19330.226921752837
5,Prevalence,182,Malawi,3,Both,19,70-74 years,976,Diabetes mellitus type 2,1,Number,2023,22857.93989329829,25283.66118646676,20738.706389759267
5,Prevalence,182,Malawi,3,Both,20,75-79 years,976,Diabetes mellitus type 2,1,Number,2023,15750.822455023032,17410.54156034698,14389.130441652946
5,Prevalence,182,Malawi,3,Both,30,80-84 years,976,Diabetes mellitus type 2,1,Number,2023,7874.331344264464,8739.647623233332,7187.870003827411
5,Prevalence,182,Malawi,3,Both,31,85-89 years,976,Diabetes mellitus type 2,1,Number,2023,3080.717663012514,3434.739018455427,2763.5247475365422
5,Prevalence,182,Malawi,3,Both,32,90-94 years,976,Diabetes mellitus type 2,1,Number,2023,910.88745220379,1033.7654948835034,792.485573285199
5,Prevalence,182,Malawi,3,Both,235,95+ years,976,Diabetes mellitus type 2,1,Number,2023,214.8124202127437,250.27206757890636,182.49950245707893
5,Prevalence,128,Guatemala,3,Both,1,<5 years,976,Diabetes mellitus type 2,1,Number,2023,0.0,0.0,0.0
5,Prevalence,128,Guatemala,3,Both,6,5-9 years,976,Diabetes mellitus type 2,1,Number,2023,0.0,0.0,0.0
5,Prevalence,128,Guatemala,3,Both,7,10-14 years,976,Diabetes mellitus type 2,1,Number,2023,0.0,0.0,0.0
5,Prevalence,128,Guatemala,3,Both,8,15-19 years,976,Diabetes mellitus type 2,1,Number,2023,19172.702332528497,24169.87859592002,14942.290348851251
5,Prevalence,128,Guatemala,3,Both,9,20-24 years,976,Diabetes mellitus type 2,1,Number,2023,35600.01235244471,43234.72805683036,29381.54107154666
5,Prevalence,128,Guatemala,3,Both,10,25-29 years,976,Diabetes mellitus type 2,1,Number,2023,51893.20439764045,60952.446140987646,44452.77819999844
5,Prevalence,128,Guatemala,3,Both,11,30-34 years,976,Diabetes mellitus type 2,1,Number,2023,70427.67061013161,81467.70302938539,59878.8212541305
5,Prevalence,128,Guatemala,3,Both,12,35-39 years,976,Diabetes mellitus type 2,1,Number,2023,92319.0088554741,105416.2461252086,78713.3743497862
5,Prevalence,128,Guatemala,3,Both,13,40-44 years,976,Diabetes mellitus type 2,1,Number,2023,122674.5173698297,142248.5086152469,106856.20962290818
5,Prevalence,128,Guatemala,3,Both,14,45-49 years,976,Diabetes mellitus type 2,1,Number,2023,131935.82865918204,154916.45226737304,116030.56792273914
5,Prevalence,128,Guatemala,3,Both,15,50-54 years,976,Diabetes mellitus type 2,1,Number,2023,130391.9067706028,151080.45920583117,116203.00661618038
5,Prevalence,128,Guatemala,3,Both,16,55-59 years,976,Diabetes mellitus type 2,1,Number,2023,136688.7236258926,153249.09006263208,123163.700601719
5,Prevalence,128,Guatemala,3,Both,17,60-64 years,976,Diabetes mellitus type 2,1,Number,2023,139529.54752821592,151523.92986238745,127997.42756600976
5,Prevalence,128,Guatemala,3,Both,18,65-69 years,976,Diabetes mellitus type 2,1,Number,2023,122756.16253101733,130956.42999647716,114496.14701423715
5,Prevalence,128,Guatemala,3,Both,19,70-74 years,976,Diabetes mellitus type 2,1,Number,2023,96973.2442484944,102035.32006031388,92216.14372467253
5,Prevalence,128,Guatemala,3,Both,20,75-79 years,976,Diabetes mellitus type 2,1,Number,2023,62192.0629591139,64966.9131374177,58855.3048863818
5,Prevalence,128,Guatemala,3,Both,30,80-84 years,976,Diabetes mellitus type 2,1,Number,2023,35516.38206552776,37267.51392422478,33507.79392021763
5,Prevalence,128,Guatemala,3,Both,31,85-89 years,976,Diabetes mellitus type 2,1,Number,2023,13179.26576511704,13881.79348264192,12398.996830857175
5,Prevalence,128,Guatemala,3,Both,32,90-94 years,976,Diabetes mellitus type 2,1,Number,2023,3316.3337005593608,3526.443151723249,3091.060636761183
5,Prevalence,128,Guatemala,3,Both,235,95+ years,976,Diabetes mellitus type 2,1,Number,2023,610.6123250927345,663.0933265065216,561.9960546020789
5,Prevalence,175,Burundi,3,Both,1,<5 years,976,Diabetes mellitus type 2,1,Number,2023,0.0,0.0,0.0
5,Prevalence,175,Burundi,3,Both,6,5-9 years,976,Diabetes mellitus type 2,1,Number,2023,0.0,0.0,0.0
5,Prevalence,175,Burundi,3,Both,7,10-14 years,976,Diabetes mellitus type 2,1,Number,2023,0.0,0.0,0.0
5,Prevalence,175,Burundi,3,Both,8,15-19 years,976,Diabetes mellitus type 2,1,Number,2023,11225.436573062492,14305.67545351815,8871.371272834594
5,Prevalence,175,Burundi,3,Both,9,20-24 years,976,Diabetes mellitus type 2,1,Number,2023,13960.923397699546,17136.832872985466,11416.881955448798
5,Prevalence,175,Burundi,3,Both,10,25-29 years,976,Diabetes mellitus type 2,1,Number,2023,15975.734934905617,18953.15069558461,13157.151376040743
5,Prevalence,175,Burundi,3,Both,11,30-34 years,976,Diabetes mellitus type 2,1,Number,2023,19103.889253145306,22209.94355712896,15939.846402481722
5,Prevalence,175,Burundi,3,Both,12,35-39 years,976,Diabetes mellitus type 2,1,Number,2023,21964.30964881352,25432.32499530055,18606.80302373341
5,Prevalence,175,Burundi,3,Both,13,40-44 years,976,Diabetes mellitus type 2,1,Number,2023,20886.437042026555,24408.63793718396,17758.859723772035
5,Prevalence,175,Burundi,3,Both,14,45-49 years,976,Diabetes mellitus type 2,1,Number,2023,17997.795050435892,20887.89786470999,15200.206336141877
5,Prevalence,175,Burundi,3,Both,15,50-54 years,976,Diabetes mellitus type 2,1,Number,2023,16567.90773990236,19423.322500044047,13846.84238899847
5,Prevalence,175,Burundi,3,Both,16,55-59 years,976,Diabetes mellitus type 2,1,Number,2023,16816.03541753594,19478.624456032157,14506.695208598194
5,Prevalence,175,Burundi,3,Both,17,60-64 years,976,Diabetes mellitus type 2,1,Number,2023,17416.677436175647,20335.38964309399,14981.22601216934
5,Prevalence,175,Burundi,3,Both,18,65-69 years,976,Diabetes mellitus type 2,1,Number,2023,17766.45328480847,19728.829271041293,15925.837823531629
5,Prevalence,175,Burundi,3,Both,19,70-74 years,976,Diabetes mellitus type 2,1,Number,2023,14694.87508820313,16154.945187980426,13275.089604796563
5,Prevalence,175,Burundi,3,Both,20,75-79 years,976,Diabetes mellitus type 2,1,Number,2023,8811.728700786072,9778.44834631354,7948.596298219916
5,Prevalence,175,Burundi,3,Both,30,80-84 years,976,Diabetes mellitus type 2,1,Number,2023,4423.5238489859785,4901.085042176881,3986.8140813464074
5,Prevalence,175,Burundi,3,Both,31,85-89 years,976,Diabetes mellitus type 2,1,Number,2023,1931.170001726415,2151.9087330812786,1710.478609243521
5,Prevalence,175,Burundi,3,Both,32,90-94 years,976,Diabetes mellitus type 2,1,Number,2023,625.0082874221613,709.3710980835754,537.5338822717536
5,Prevalence,175,Burundi,3,Both,235,95+ years,976,Diabetes mellitus type 2,1,Number,2023,186.39370453209403,221.1268777950692,155.72890328416003
5,Prevalence,151,Qatar,3,Both,1,<5 years,976,Diabetes mellitus type 2,1,Number,2023,0.0,0.0,0.0
5,Prevalence,151,Qatar,3,Both,6,5-9 years,976,Diabetes mellitus type 2,1,Number,2023,0.0,0.0,0.0
5,Prevalence,151,Qatar,3,Both,7,10-14 years,976,Diabetes mellitus type 2,1,Number,2023,0.0,0.0,0.0
5,Prevalence,151,Qatar,3,Both,8,15-19 years,976,Diabetes mellitus type 2,1,Number,2023,1167.5867222076167,1652.4611236726714,700.9858613727433
5,Prevalence,151,Qatar,3,Both,9,20-24 years,976,Diabetes mellitus type 2,1,Number,2023,9722.827690731125,12338.05651945746,7319.388378491412
5,Prevalence,151,Qatar,3,Both,10,25-29 years,976,Diabetes mellitus type 2,1,Number,2023,27203.748448882878,32931.222449946945,21840.291184402064
5,Prevalence,151,Qatar,3,Both,11,30-34 years,976,Diabetes mellitus type 2,1,Number,2023,53907.56277105992,63936.71613415627,44415.52395953193
5,Prevalence,151,Qatar,3,Both,12,35-39 years,976,Diabetes mellitus type 2,1,Number,2023,77380.7517445876,89313.65098985445,65727.05324012668
5,Prevalence,151,Qatar,3,Both,13,40-44 years,976,Diabetes mellitus type 2,1,Number,2023,76334.86810448891,87674.63365228628,64262.96936966595
5,Prevalence,151,Qatar,3,Both,14,45-49 years,976,Diabetes mellitus type 2,1,Number,2023,67710.50259938749,76828.32255086288,59403.929293285706
5,Prevalence,151,Qatar,3,Both,15,50-54 years,976,Diabetes mellitus type 2,1,Number,2023,55310.06921913436,63154.272387920784,48537.96923435576
5,Prevalence,151,Qatar,3,Both,16,55-59 years,976,Diabetes mellitus type 2,1,Number,2023,34671.163488543585,38970.48053566186,30853.26491450217
5,Prevalence,151,Qatar,3,Both,17,60-64 years,976,Diabetes mellitus type 2,1,Number,2023,21252.13917216603,23435.055843102087,19451.646248858822
5,Prevalence,151,Qatar,3,Both,18,65-69 years,976,Diabetes mellitus type 2,1,Number,2023,11248.743343957773,12398.583532017896,10204.317624060352
5,Prevalence,151,Qatar,3,Both,19,70-74 years,976,Diabetes mellitus type 2,1,Number,2023,5014.292312326067,5529.768494822216,4586.472217636683
5,Prevalence,151,Qatar,3,Both,20,75-79 years,976,Diabetes mellitus type 2,1,Number,2023,2433.3067808236565,2696.287702360384,2227.811795826894
5,Prevalence,151,Qatar,3,Both,30,80-84 years,976,Diabetes mellitus type 2,1,Number,2023,1120.397123477716,1248.2969889834967,1024.4397287345755
5,Prevalence,151,Qatar,3,Both,31,85-89 years,976,Diabetes mellitus type 2,1,Number,2023,484.7285693721367,544.72472198086,431.90724492449294
5,Prevalence,151,Qatar,3,Both,32,90-94 years,976,Diabetes mellitus type 2,1,Number,2023,114.003944147204,131.8425560071432,99.6855743116358
5,Prevalence,151,Qatar,3,Both,235,95+ years,976,Diabetes mellitus type 2,1,Number,2023,15.282624925565068,18.47984878049192,12.805419865263993
5,Prevalence,416,Tuvalu,3,Both,1,<5 years,976,Diabetes mellitus type 2,1,Number,2023,0.0,0.0,0.0
5,Prevalence,416,Tuvalu,3,Both,6,5-9 years,976,Diabetes mellitus type 2,1,Number,2023,0.0,0.0,0.0
5,Prevalence,416,Tuvalu,3,Both,7,10-14 years,976,Diabetes mellitus type 2,1,Number,2023,0.0,0.0,0.0
5,Prevalence,416,Tuvalu,3,Both,8,15-19 years,976,Diabetes mellitus type 2,1,Number,2023,11.49664599003934,15.03461110462861,9.020539044795475
5,Prevalence,416,Tuvalu,3,Both,9,20-24 years,976,Diabetes mellitus type 2,1,Number,2023,35.17735069475686,43.48793815810794,27.68106524071024
5,Prevalence,416,Tuvalu,3,Both,10,25-29 years,976,Diabetes mellitus type 2,1,Number,2023,62.99091125310805,74.29236744843948,52.76994843865533
5,Prevalence,416,Tuvalu,3,Both,11,30-34 years,976,Diabetes mellitus type 2,1,Number,2023,82.28541715952332,97.84791589538852,69.09994919900537
5,Prevalence,416,Tuvalu,3,Both,12,35-39 years,976,Diabetes mellitus type 2,1,Number,2023,92.43627288572728,107.32396224753651,81.11949867557645
5,Prevalence,416,Tuvalu,3,Both,13,40-44 years,976,Diabetes mellitus type 2,1,Number,2023,88.08066659373915,100.00636322386168,76.70925696672981
5,Prevalence,416,Tuvalu,3,Both,14,45-49 years,976,Diabetes mellitus type 2,1,Number,2023,93.8272535660702,103.58475313531544,83.9094010748527
5,Prevalence,416,Tuvalu,3,Both,15,50-54 years,976,Diabetes mellitus type 2,1,Number,2023,132.61677288240747,145.88013397147157,119.55235241951858
5,Prevalence,416,Tuvalu,3,Both,16,55-59 years,976,Diabetes mellitus type 2,1,Number,2023,176.85323554171157,193.065636647108,160.0875108599346
5,Prevalence,416,Tuvalu,3,Both,17,60-64 years,976,Diabetes mellitus type 2,1,Number,2023,172.12927996429968,186.51361847087367,158.1103735615838
5,Prevalence,416,Tuvalu,3,Both,18,65-69 years,976,Diabetes mellitus type 2,1,Number,2023,114.20778266446138,124.21848269935842,104.64593669757868
5,Prevalence,416,Tuvalu,3,Both,19,70-74 years,976,Diabetes mellitus type 2,1,Number,2023,53.1959975298791,57.86271737289931,48.29109062932653
5,Prevalence,190,Uganda,3,Both,1,<5 years,976,Diabetes mellitus type 2,1,Number,2023,0.0,0.0,0.0
5,Prevalence,190,Uganda,3,Both,6,5-9 years,976,Diabetes mellitus type 2,1,Number,2023,0.0,0.0,0.0
5,Prevalence,190,Uganda,3,Both,7,10-14 years,976,Diabetes mellitus type 2,1,Number,2023,0.0,0.0,0.0
5,Prevalence,190,Uganda,3,Both,8,15-19 years,976,Diabetes mellitus type 2,1,Number,2023,50387.63553026287,62969.87648164747,40622.95172826408
5,Prevalence,190,Uganda,3,Both,9,20-24 years,976,Diabetes mellitus type 2,1,Number,2023,63541.061046445866,76308.34092956153,52282.72555547812
5,Prevalence,190,Uganda,3,Both,10,25-29 years,976,Diabetes mellitus type 2,1,Number,2023,70025.6648565209,83136.12224918816,59415.25445600877
5,Prevalence,190,Uganda,3,Both,11,30-34 years,976,Diabetes mellitus type 2,1,Number,2023,71934.1355839659,84273.85940863089,61869.948461976055
5,Prevalence,190,Uganda,3,Both,12,35-39 years,976,Diabetes mellitus type 2,1,Number,2023,71096.53143810165,82124.27250186286,61929.16823571478
5,Prevalence,190,Uganda,3,Both,13,40-44 years,976,Diabetes mellitus type 2,1,Number,2023,70264.26213368625,81271.79901146582,60178.50803922999
5,Prevalence,190,Uganda,3,Both,14,45-49 years,976,Diabetes mellitus type 2,1,Number,2023,68980.02829887767,78893.51372134191,59301.45636583631
5,Prevalence,190,Uganda,3,Both,15,50-54 years,976,Diabetes mellitus type 2,1,Number,2023,66784.84838671112,76751.6256017997,57381.01176717551
5,Prevalence,190,Uganda,3,Both,16,55-59 years,976,Diabetes mellitus type 2,1,Number,2023,64378.20728380445,73755.59267611572,56018.691752666586
5,Prevalence,190,Uganda,3,Both,17,60-64 years,976,Diabetes mellitus type 2,1,Number,2023,62373.971237597296,71878.01286123502,53936.524750590135
5,Prevalence,190,Uganda,3,Both,18,65-69 years,976,Diabetes mellitus type 2,1,Number,2023,60368.485746926446,67962.49745734633,53696.18190351558
5,Prevalence,190,Uganda,3,Both,19,70-74 years,976,Diabetes mellitus type 2,1,Number,2023,55226.60507765605,60850.42033951885,49920.24377701613
5,Prevalence,190,Uganda,3,Both,20,75-79 years,976,Diabetes mellitus type 2,1,Number,2023,40354.77894994546,44777.040831752325,35864.74999493856
5,Prevalence,190,Uganda,3,Both,30,80-84 years,976,Diabetes mellitus type 2,1,Number,2023,23792.136863377684,26529.045481070607,21039.95979866806
5,Prevalence,190,Uganda,3,Both,31,85-89 years,976,Diabetes mellitus type 2,1,Number,2023,10645.065212149646,11874.467518786789,9336.25694880048
5,Prevalence,190,Uganda,3,Both,32,90-94 years,976,Diabetes mellitus type 2,1,Number,2023,3215.6314222635706,3657.341207015191,2792.988770380871
5,Prevalence,190,Uganda,3,Both,235,95+ years,976,Diabetes mellitus type 2,1,Number,2023,969.2205624618958,1157.59576651346,800.2018629224325
5,Prevalence,351,Guam,3,Both,1,<5 years,976,Diabetes mellitus type 2,1,Number,2023,0.0,0.0,0.0
5,Prevalence,351,Guam,3,Both,6,5-9 years,976,Diabetes mellitus type 2,1,Number,2023,0.0,0.0,0.0
5,Prevalence,351,Guam,3,Both,7,10-14 years,976,Diabetes mellitus type 2,1,Number,2023,0.0,0.0,0.0
5,Prevalence,351,Guam,3,Both,8,15-19 years,976,Diabetes mellitus type 2,1,Number,2023,114.24216413618257,146.17480958343987,89.64768047275554
5,Prevalence,351,Guam,3,Both,9,20-24 years,976,Diabetes mellitus type 2,1,Number,2023,328.2965247544414,404.0617098652431,261.7795640833556
5,Prevalence,351,Guam,3,Both,10,25-29 years,976,Diabetes mellitus type 2,1,Number,2023,521.2846037350387,616.8372539651734,436.0637658333943
5,Prevalence,351,Guam,3,Both,11,30-34 years,976,Diabetes mellitus type 2,1,Number,2023,645.087659931794,763.297995415313,536.6495536990928
5,Prevalence,351,Guam,3,Both,12,35-39 years,976,Diabetes mellitus type 2,1,Number,2023,776.4857823564697,894.7200187854712,657.1902323221909
5,Prevalence,351,Guam,3,Both,13,40-44 years,976,Diabetes mellitus type 2,1,Number,2023,970.7413030995672,1095.95021817541,835.322668340246
5,Prevalence,351,Guam,3,Both,14,45-49 years,976,Diabetes mellitus type 2,1,Number,2023,1268.4281205519133,1436.1842302914235,1124.271037636576
5,Prevalence,351,Guam,3,Both,15,50-54 years,976,Diabetes mellitus type 2,1,Number,2023,1663.3402643401932,1837.398087120417,1499.3578765104537
5,Prevalence,351,Guam,3,Both,16,55-59 years,976,Diabetes mellitus type 2,1,Number,2023,1878.5995889668288,2071.219016341343,1694.309572014227
5,Prevalence,351,Guam,3,Both,17,60-64 years,976,Diabetes mellitus type 2,1,Number,2023,1842.3441386169688,2028.2972452725644,1669.608011238916
5,Prevalence,351,Guam,3,Both,18,65-69 years,976,Diabetes mellitus type 2,1,Number,2023,1538.4099530143485,1691.285718329303,1397.552181244119
5,Prevalence,351,Guam,3,Both,19,70-74 years,976,Diabetes mellitus type 2,1,Number,2023,1155.1222239608107,1281.048990675523,1048.6000230188988
5,Prevalence,351,Guam,3,Both,20,75-79 years,976,Diabetes mellitus type 2,1,Number,2023,726.5290047768602,800.8734399634945,660.2128084343396
5,Prevalence,351,Guam,3,Both,30,80-84 years,976,Diabetes mellitus type 2,1,Number,2023,356.4428895542904,397.1764108153366,322.891747871945
5,Prevalence,351,Guam,3,Both,31,85-89 years,976,Diabetes mellitus type 2,1,Number,2023,180.97234771631335,201.48999554757745,161.31465784879498
5,Prevalence,351,Guam,3,Both,32,90-94 years,976,Diabetes mellitus type 2,1,Number,2023,45.00904861640748,51.32746388965457,39.60327180861596
5,Prevalence,351,Guam,3,Both,235,95+ years,976,Diabetes mellitus type 2,1,Number,2023,8.847958679145284,10.536087175994975,7.385937796497932
5,Prevalence,24,Marshall Islands,3,Both,1,<5 years,976,Diabetes mellitus type 2,1,Number,2023,0.0,0.0,0.0
5,Prevalence,24,Marshall Islands,3,Both,6,5-9 years,976,Diabetes mellitus type 2,1,Number,2023,0.0,0.0,0.0
5,Prevalence,24,Marshall Islands,3,Both,7,10-14 years,976,Diabetes mellitus type 2,1,Number,2023,0.0,0.0,0.0
5,Prevalence,24,Marshall Islands,3,Both,8,15-19 years,976,Diabetes mellitus type 2,1,Number,2023,93.4945564844108,119.38873078122528,73.91886894022255
5,Prevalence,24,Marshall Islands,3,Both,9,20-24 years,976,Diabetes mellitus type 2,1,Number,2023,270.4833970985354,332.2481627354749,217.13092425053617
5,Prevalence,24,Marshall Islands,3,Both,10,25-29 years,976,Diabetes mellitus type 2,1,Number,2023,323.83889251950893,386.7630598515112,263.9359707616376
5,Prevalence,24,Marshall Islands,3,Both,11,30-34 years,976,Diabetes mellitus type 2,1,Number,2023,378.63101788131786,450.5310949757761,310.55650252185853
5,Prevalence,24,Marshall Islands,3,Both,12,35-39 years,976,Diabetes mellitus type 2,1,Number,2023,554.3552007667578,640.2408483412513,483.3130176149628
5,Prevalence,24,Marshall Islands,3,Both,13,40-44 years,976,Diabetes mellitus type 2,1,Number,2023,740.7485638342644,875.3743255202194,628.7553722776889
5,Prevalence,24,Marshall Islands,3,Both,14,45-49 years,976,Diabetes mellitus type 2,1,Number,2023,826.702630022841,932.1310122079324,710.9210835395826
5,Prevalence,24,Marshall Islands,3,Both,15,50-54 years,976,Diabetes mellitus type 2,1,Number,2023,823.7482180673662,904.3667921068376,729.7154982673387
5,Prevalence,24,Marshall Islands,3,Both,16,55-59 years,976,Diabetes mellitus type 2,1,Number,2023,714.3996400701517,780.69443955289,642.650585692531
5,Prevalence,24,Marshall Islands,3,Both,17,60-64 years,976,Diabetes mellitus type 2,1,Number,2023,554.4175190305585,604.1806567986681,501.51046769590704
5,Prevalence,24,Marshall Islands,3,Both,18,65-69 years,976,Diabetes mellitus type 2,1,Number,2023,391.0155285519782,426.11731487600366,351.86427026398684
5,Prevalence,24,Marshall Islands,3,Both,19,70-74 years,976,Diabetes mellitus type 2,1,Number,2023,244.45992321526435,266.758145170458,222.22404724812287
5,Prevalence,24,Marshall Islands,3,Both,20,75-79 years,976,Diabetes mellitus type 2,1,Number,2023,115.32639538028108,126.65058186591884,104.92640370691949
5,Prevalence,24,Marshall Islands,3,Both,30,80-84 years,976,Diabetes mellitus type 2,1,Number,2023,33.920523507596506,37.45844857954606,30.326924362800437
5,Prevalence,24,Marshall Islands,3,Both,31,85-89 years,976,Diabetes mellitus type 2,1,Number,2023,8.247826217748642,9.228963797323,7.22332904971629
5,Prevalence,24,Marshall Islands,3,Both,32,90-94 years,976,Diabetes mellitus type 2,1,Number,2023,1.6042132631638903,1.839874681370927,1.3669687347758257
5,Prevalence,24,Marshall Islands,3,Both,235,95+ years,976,Diabetes mellitus type 2,1,Number,2023,0.2292908867599395,0.2735923308335347,0.1885643676173236
5,Prevalence,94,Switzerland,3,Both,1,<5 years,976,Diabetes mellitus type 2,1,Number,2023,0.0,0.0,0.0
5,Prevalence,94,Switzerland,3,Both,6,5-9 years,976,Diabetes mellitus type 2,1,Number,2023,0.0,0.0,0.0
5,Prevalence,94,Switzerland,3,Both,7,10-14 years,976,Diabetes mellitus type 2,1,Number,2023,0.0,0.0,0.0
5,Prevalence,94,Switzerland,3,Both,8,15-19 years,976,Diabetes mellitus type 2,1,Number,2023,667.5248379272908,1537.39574641322,0.0
5,Prevalence,94,Switzerland,3,Both,9,20-24 years,976,Diabetes mellitus type 2,1,Number,2023,2660.3933774720367,3885.4283940303817,1498.211082127376
5,Prevalence,94,Switzerland,3,Both,10,25-29 years,976,Diabetes mellitus type 2,1,Number,2023,6492.558866427999,8386.411751333875,4766.530222541577
5,Prevalence,94,Switzerland,3,Both,11,30-34 years,976,Diabetes mellitus type 2,1,Number,2023,12358.176763648908,15200.47053066784,9710.028691480957
5,Prevalence,94,Switzerland,3,Both,12,35-39 years,976,Diabetes mellitus type 2,1,Number,2023,18397.91664118023,21615.560999611705,15064.12135579608
5,Prevalence,94,Switzerland,3,Both,13,40-44 years,976,Diabetes mellitus type 2,1,Number,2023,24658.626661307582,28552.349292227274,20848.74014250209
5,Prevalence,94,Switzerland,3,Both,14,45-49 years,976,Diabetes mellitus type 2,1,Number,2023,30377.98199111996,35171.72860688786,25965.23180166494
5,Prevalence,94,Switzerland,3,Both,15,50-54 years,976,Diabetes mellitus type 2,1,Number,2023,40101.11272609015,46158.97678852044,34141.05206156147
5,Prevalence,94,Switzerland,3,Both,16,55-59 years,976,Diabetes mellitus type 2,1,Number,2023,53246.64709233116,60153.48849486643,46550.2408176674
5,Prevalence,94,Switzerland,3,Both,17,60-64 years,976,Diabetes mellitus type 2,1,Number,2023,57993.09077955504,65287.10035174793,51056.18302193604
5,Prevalence,94,Switzerland,3,Both,18,65-69 years,976,Diabetes mellitus type 2,1,Number,2023,56138.88795631453,62881.40714356869,49449.488074366
5,Prevalence,94,Switzerland,3,Both,19,70-74 years,976,Diabetes mellitus type 2,1,Number,2023,55425.118949661264,61323.13374307733,50237.71631950172
5,Prevalence,94,Switzerland,3,Both,20,75-79 years,976,Diabetes mellitus type 2,1,Number,2023,53055.133857973015,58418.33000386879,48281.427192789015
5,Prevalence,94,Switzerland,3,Both,30,80-84 years,976,Diabetes mellitus type 2,1,Number,2023,37554.84507874163,41381.40866469774,34056.068788646364
5,Prevalence,94,Switzerland,3,Both,31,85-89 years,976,Diabetes mellitus type 2,1,Number,2023,21254.10705104239,23701.076157738546,19059.670090026768
5,Prevalence,94,Switzerland,3,Both,32,90-94 years,976,Diabetes mellitus type 2,1,Number,2023,8893.68471285342,10017.564366449891,7931.197522464059
5,Prevalence,94,Switzerland,3,Both,235,95+ years,976,Diabetes mellitus type 2,1,Number,2023,2109.6813478939966,2431.983851233688,1812.293120761537
5,Prevalence,217,Sierra Leone,3,Both,1,<5 years,976,Diabetes mellitus type 2,1,Number,2023,0.0,0.0,0.0
5,Prevalence,217,Sierra Leone,3,Both,6,5-9 years,976,Diabetes mellitus type 2,1,Number,2023,0.0,0.0,0.0
5,Prevalence,217,Sierra Leone,3,Both,7,10-14 years,976,Diabetes mellitus type 2,1,Number,2023,0.0,0.0,0.0
5,Prevalence,217,Sierra Leone,3,Both,8,15-19 years,976,Diabetes mellitus type 2,1,Number,2023,11527.83178471845,13995.41790108861,9281.450321224627
5,Prevalence,217,Sierra Leone,3,Both,9,20-24 years,976,Diabetes mellitus type 2,1,Number,2023,18460.068525585877,22187.634318669443,15031.34915974554
5,Prevalence,217,Sierra Leone,3,Both,10,25-29 years,976,Diabetes mellitus type 2,1,Number,2023,22279.455624629794,25786.244779229084,18446.46400171628
5,Prevalence,217,Sierra Leone,3,Both,11,30-34 years,976,Diabetes mellitus type 2,1,Number,2023,23244.520625717952,26938.75898685529,19310.468981549617
5,Prevalence,217,Sierra Leone,3,Both,12,35-39 years,976,Diabetes mellitus type 2,1,Number,2023,23783.42120449683,27741.792212578785,20505.8781941505
5,Prevalence,217,Sierra Leone,3,Both,13,40-44 years,976,Diabetes mellitus type 2,1,Number,2023,23837.074192227432,27106.893327854545,20442.75395116731
5,Prevalence,217,Sierra Leone,3,Both,14,45-49 years,976,Diabetes mellitus type 2,1,Number,2023,22450.9031265094,25180.119281508967,19121.31882757342
5,Prevalence,217,Sierra Leone,3,Both,15,50-54 years,976,Diabetes mellitus type 2,1,Number,2023,19949.46280993077,22694.89746821493,17151.729741673353
5,Prevalence,217,Sierra Leone,3,Both,16,55-59 years,976,Diabetes mellitus type 2,1,Number,2023,17449.17515571555,19702.60370779048,15302.790173887037
5,Prevalence,217,Sierra Leone,3,Both,17,60-64 years,976,Diabetes mellitus type 2,1,Number,2023,15053.69515332235,17154.09285080554,13028.175008591825
5,Prevalence,217,Sierra Leone,3,Both,18,65-69 years,976,Diabetes mellitus type 2,1,Number,2023,13265.351211079258,15171.117778023152,11672.148412725335
5,Prevalence,217,Sierra Leone,3,Both,19,70-74 years,976,Diabetes mellitus type 2,1,Number,2023,11327.672980219364,12758.423119991112,10234.492535394613
5,Prevalence,217,Sierra Leone,3,Both,20,75-79 years,976,Diabetes mellitus type 2,1,Number,2023,8389.243936570887,9465.909082973656,7573.223679385333
5,Prevalence,217,Sierra Leone,3,Both,30,80-84 years,976,Diabetes mellitus type 2,1,Number,2023,4936.82250709234,5607.515111508545,4434.278662129222
5,Prevalence,217,Sierra Leone,3,Both,31,85-89 years,976,Diabetes mellitus type 2,1,Number,2023,2084.5141036285,2387.1778912466334,1836.8191178718407
5,Prevalence,217,Sierra Leone,3,Both,32,90-94 years,976,Diabetes mellitus type 2,1,Number,2023,603.0295441629444,700.0630927084744,517.2428696406417
5,Prevalence,217,Sierra Leone,3,Both,235,95+ years,976,Diabetes mellitus type 2,1,Number,2023,145.5858530572468,178.2888797070729,118.55872147133412
5,Prevalence,88,Malta,3,Both,1,<5 years,976,Diabetes mellitus type 2,1,Number,2023,0.0,0.0,0.0
5,Prevalence,88,Malta,3,Both,6,5-9 years,976,Diabetes mellitus type 2,1,Number,2023,0.0,0.0,0.0
5,Prevalence,88,Malta,3,Both,7,10-14 years,976,Diabetes mellitus type 2,1,Number,2023,0.0,0.0,0.0
5,Prevalence,88,Malta,3,Both,8,15-19 years,976,Diabetes mellitus type 2,1,Number,2023,37.55173718859313,76.45699129507128,2.428030279916923
5,Prevalence,88,Malta,3,Both,9,20-24 years,976,Diabetes mellitus type 2,1,Number,2023,171.3721862743667,234.48337064684884,110.73774125091462
5,Prevalence,88,Malta,3,Both,10,25-29 years,976,Diabetes mellitus type 2,1,Number,2023,525.269039107573,665.8883107827987,390.8776937551818
5,Prevalence,88,Malta,3,Both,11,30-34 years,976,Diabetes mellitus type 2,1,Number,2023,1053.707289099508,1293.3478822608688,829.7526985640799
5,Prevalence,88,Malta,3,Both,12,35-39 years,976,Diabetes mellitus type 2,1,Number,2023,1467.0885815439517,1729.6473526254665,1216.0283644845283
5,Prevalence,88,Malta,3,Both,13,40-44 years,976,Diabetes mellitus type 2,1,Number,2023,1841.83078748554,2182.143008233068,1553.374021223528
5,Prevalence,88,Malta,3,Both,14,45-49 years,976,Diabetes mellitus type 2,1,Number,2023,2152.3671819367632,2522.2178470325807,1842.19634505889
5,Prevalence,88,Malta,3,Both,15,50-54 years,976,Diabetes mellitus type 2,1,Number,2023,2321.487624796061,2770.723842133657,1994.8570198620732
5,Prevalence,88,Malta,3,Both,16,55-59 years,976,Diabetes mellitus type 2,1,Number,2023,2760.369651850133,3247.9172339904285,2396.532018526782
5,Prevalence,88,Malta,3,Both,17,60-64 years,976,Diabetes mellitus type 2,1,Number,2023,3897.5707585579967,4552.155403014827,3392.090110575307
5,Prevalence,88,Malta,3,Both,18,65-69 years,976,Diabetes mellitus type 2,1,Number,2023,4668.670697349759,5196.57269826478,4164.622587715469
5,Prevalence,88,Malta,3,Both,19,70-74 years,976,Diabetes mellitus type 2,1,Number,2023,4963.3319633808405,5340.825746783176,4601.355391942421
5,Prevalence,88,Malta,3,Both,20,75-79 years,976,Diabetes mellitus type 2,1,Number,2023,4801.355590313568,5179.079888806048,4517.59809715991
5,Prevalence,88,Malta,3,Both,30,80-84 years,976,Diabetes mellitus type 2,1,Number,2023,2073.1178090139983,2214.6152358866093,1946.3357699707049
5,Prevalence,88,Malta,3,Both,31,85-89 years,976,Diabetes mellitus type 2,1,Number,2023,1242.633656519219,1333.387917659494,1167.2109027716829
5,Prevalence,88,Malta,3,Both,32,90-94 years,976,Diabetes mellitus type 2,1,Number,2023,387.058557752683,419.2787267379885,359.5096153264754
5,Prevalence,88,Malta,3,Both,235,95+ years,976,Diabetes mellitus type 2,1,Number,2023,61.12596377420376,68.22291480854796,55.56117942635612
5,Prevalence,162,Bhutan,3,Both,1,<5 years,976,Diabetes mellitus type 2,1,Number,2023,0.0,0.0,0.0
5,Prevalence,162,Bhutan,3,Both,6,5-9 years,976,Diabetes mellitus type 2,1,Number,2023,0.0,0.0,0.0
5,Prevalence,162,Bhutan,3,Both,7,10-14 years,976,Diabetes mellitus type 2,1,Number,2023,0.0,0.0,0.0
5,Prevalence,162,Bhutan,3,Both,8,15-19 years,976,Diabetes mellitus type 2,1,Number,2023,426.8518903288598,536.442088381548,333.46181812036804
5,Prevalence,162,Bhutan,3,Both,9,20-24 years,976,Diabetes mellitus type 2,1,Number,2023,761.1665027527433,933.0080132492905,630.4906631089177
5,Prevalence,162,Bhutan,3,Both,10,25-29 years,976,Diabetes mellitus type 2,1,Number,2023,1233.3624702686764,1465.472180460924,1032.0966828494877
5,Prevalence,162,Bhutan,3,Both,11,30-34 years,976,Diabetes mellitus type 2,1,Number,2023,2050.755447910151,2396.5408869295434,1712.3834808965878
5,Prevalence,162,Bhutan,3,Both,12,35-39 years,976,Diabetes mellitus type 2,1,Number,2023,2834.329381034565,3268.732882670471,2436.6035803912578
5,Prevalence,162,Bhutan,3,Both,13,40-44 years,976,Diabetes mellitus type 2,1,Number,2023,3430.448932473894,4038.057942529611,2958.6322374081005
5,Prevalence,162,Bhutan,3,Both,14,45-49 years,976,Diabetes mellitus type 2,1,Number,2023,3880.838517037947,4425.778787883262,3391.8983021353665
5,Prevalence,162,Bhutan,3,Both,15,50-54 years,976,Diabetes mellitus type 2,1,Number,2023,3933.908366866127,4537.528844991941,3369.4615903947497
5,Prevalence,162,Bhutan,3,Both,16,55-59 years,976,Diabetes mellitus type 2,1,Number,2023,4160.29145958792,4708.564232097021,3595.210769097745
5,Prevalence,162,Bhutan,3,Both,17,60-64 years,976,Diabetes mellitus type 2,1,Number,2023,4087.112561672795,4627.544373514571,3578.1244530618264
5,Prevalence,162,Bhutan,3,Both,18,65-69 years,976,Diabetes mellitus type 2,1,Number,2023,3723.494888651402,4158.321831966927,3364.5944968750878
5,Prevalence,162,Bhutan,3,Both,19,70-74 years,976,Diabetes mellitus type 2,1,Number,2023,2984.2320753131294,3286.057094272061,2735.9092954404723
5,Prevalence,162,Bhutan,3,Both,20,75-79 years,976,Diabetes mellitus type 2,1,Number,2023,2059.577182971158,2269.688901560378,1891.8972488652707
5,Prevalence,162,Bhutan,3,Both,30,80-84 years,976,Diabetes mellitus type 2,1,Number,2023,1224.7874187803768,1353.0113672452603,1110.074737070521
5,Prevalence,162,Bhutan,3,Both,31,85-89 years,976,Diabetes mellitus type 2,1,Number,2023,544.0588771682704,608.5341245194079,485.0269375193116
5,Prevalence,162,Bhutan,3,Both,32,90-94 years,976,Diabetes mellitus type 2,1,Number,2023,150.74210434938797,171.89635400625292,129.32679928769787
5,Prevalence,162,Bhutan,3,Both,235,95+ years,976,Diabetes mellitus type 2,1,Number,2023,21.23857717730452,24.57252698331026,18.023975753395284
5,Prevalence,374,Niue,3,Both,1,<5 years,976,Diabetes mellitus type 2,1,Number,2023,0.0,0.0,0.0
5,Prevalence,374,Niue,3,Both,6,5-9 years,976,Diabetes mellitus type 2,1,Number,2023,0.0,0.0,0.0
5,Prevalence,374,Niue,3,Both,7,10-14 years,976,Diabetes mellitus type 2,1,Number,2023,0.0,0.0,0.0
5,Prevalence,374,Niue,3,Both,8,15-19 years,976,Diabetes mellitus type 2,1,Number,2023,2.1594538053775443,2.712424906076956,1.7656119851236125
5,Prevalence,374,Niue,3,Both,9,20-24 years,976,Diabetes mellitus type 2,1,Number,2023,6.492601448562464,8.026010040227067,5.169487005456716
5,Prevalence,374,Niue,3,Both,10,25-29 years,976,Diabetes mellitus type 2,1,Number,2023,9.361096023556383,11.298734844970207,7.699314676825427
5,Prevalence,374,Niue,3,Both,11,30-34 years,976,Diabetes mellitus type 2,1,Number,2023,12.163113909497405,14.647039349636144,10.108581840905275
5,Prevalence,374,Niue,3,Both,12,35-39 years,976,Diabetes mellitus type 2,1,Number,2023,16.794546279201768,19.690797350606992,14.510890004577648
5,Prevalence,374,Niue,3,Both,13,40-44 years,976,Diabetes mellitus type 2,1,Number,2023,24.338345768037023,28.631216636048045,20.390597494027592
5,Prevalence,374,Niue,3,Both,14,45-49 years,976,Diabetes mellitus type 2,1,Number,2023,31.65427333087404,35.69568353679402,27.588673096544053
5,Prevalence,374,Niue,3,Both,15,50-54 years,976,Diabetes mellitus type 2,1,Number,2023,39.89188626370286,44.32252896355226,35.365713649577884
5,Prevalence,374,Niue,3,Both,16,55-59 years,976,Diabetes mellitus type 2,1,Number,2023,44.5266092982558,49.254485484627125,40.11344542485979
5,Prevalence,374,Niue,3,Both,17,60-64 years,976,Diabetes mellitus type 2,1,Number,2023,46.02304871101836,50.77533902424804,41.7922225589199
5,Prevalence,374,Niue,3,Both,18,65-69 years,976,Diabetes mellitus type 2,1,Number,2023,41.77552318937319,45.96277965856157,37.74201795674225
5,Prevalence,374,Niue,3,Both,19,70-74 years,976,Diabetes mellitus type 2,1,Number,2023,24.385749960576963,26.96473671108546,22.0053017496146
5,Prevalence,374,Niue,3,Both,20,75-79 years,976,Diabetes mellitus type 2,1,Number,2023,15.050831387421646,16.697097579978323,13.51010853296963
5,Prevalence,374,Niue,3,Both,30,80-84 years,976,Diabetes mellitus type 2,1,Number,2023,9.041932787452511,10.136158873165629,8.08960767777444
5,Prevalence,374,Niue,3,Both,31,85-89 years,976,Diabetes mellitus type 2,1,Number,2023,4.2861548980025885,4.874928059997732,3.7650620629883824
5,Prevalence,374,Niue,3,Both,32,90-94 years,976,Diabetes mellitus type 2,1,Number,2023,1.425211050634876,1.6501109205005478,1.2005343983313654
5,Prevalence,374,Niue,3,Both,235,95+ years,976,Diabetes mellitus type 2,1,Number,2023,0.3059075456641068,0.3774802583768308,0.2437368335477864
5,Prevalence,140,Bahrain,3,Both,1,<5 years,976,Diabetes mellitus type 2,1,Number,2023,0.0,0.0,0.0
5,Prevalence,140,Bahrain,3,Both,6,5-9 years,976,Diabetes mellitus type 2,1,Number,2023,0.0,0.0,0.0
5,Prevalence,140,Bahrain,3,Both,7,10-14 years,976,Diabetes mellitus type 2,1,Number,2023,0.0,0.0,0.0
5,Prevalence,140,Bahrain,3,Both,8,15-19 years,976,Diabetes mellitus type 2,1,Number,2023,1312.7827148761007,1682.2197900494132,995.8801032622196
5,Prevalence,140,Bahrain,3,Both,9,20-24 years,976,Diabetes mellitus type 2,1,Number,2023,6455.647600229053,8086.408690839018,5002.875719214869
5,Prevalence,140,Bahrain,3,Both,10,25-29 years,976,Diabetes mellitus type 2,1,Number,2023,13093.033841672866,16102.818696609103,10451.414669050851
5,Prevalence,140,Bahrain,3,Both,11,30-34 years,976,Diabetes mellitus type 2,1,Number,2023,20179.72046153646,24386.749559551085,16038.550370076957
5,Prevalence,140,Bahrain,3,Both,12,35-39 years,976,Diabetes mellitus type 2,1,Number,2023,25079.44034436317,29342.639881769646,21059.377197002003
5,Prevalence,140,Bahrain,3,Both,13,40-44 years,976,Diabetes mellitus type 2,1,Number,2023,36937.20828930798,43568.47769117601,30839.89500108631
5,Prevalence,140,Bahrain,3,Both,14,45-49 years,976,Diabetes mellitus type 2,1,Number,2023,51650.76825567938,58945.31434825443,45430.62081665273
5,Prevalence,140,Bahrain,3,Both,15,50-54 years,976,Diabetes mellitus type 2,1,Number,2023,44555.91779573036,50223.94327619886,38279.40154836276
5,Prevalence,140,Bahrain,3,Both,16,55-59 years,976,Diabetes mellitus type 2,1,Number,2023,37220.14014925848,41436.222219653166,32760.513080426565
5,Prevalence,140,Bahrain,3,Both,17,60-64 years,976,Diabetes mellitus type 2,1,Number,2023,30285.29974046751,33307.271034566096,27443.404050832298
5,Prevalence,140,Bahrain,3,Both,18,65-69 years,976,Diabetes mellitus type 2,1,Number,2023,20158.50783419192,21863.463297618808,18481.658674232684
5,Prevalence,140,Bahrain,3,Both,19,70-74 years,976,Diabetes mellitus type 2,1,Number,2023,12190.581745240945,13247.956630475546,11219.908020746108
5,Prevalence,140,Bahrain,3,Both,20,75-79 years,976,Diabetes mellitus type 2,1,Number,2023,3587.5940507482296,3894.567565899394,3277.4829010739386
5,Prevalence,140,Bahrain,3,Both,30,80-84 years,976,Diabetes mellitus type 2,1,Number,2023,1436.9483544717475,1582.7546127596152,1306.4436427702751
5,Prevalence,140,Bahrain,3,Both,31,85-89 years,976,Diabetes mellitus type 2,1,Number,2023,791.1846578139853,885.1644959197155,701.678436682815
5,Prevalence,140,Bahrain,3,Both,32,90-94 years,976,Diabetes mellitus type 2,1,Number,2023,176.92216647181786,205.424600711708,150.95811984524568
5,Prevalence,140,Bahrain,3,Both,235,95+ years,976,Diabetes mellitus type 2,1,Number,2023,16.437854941006016,19.833988239232653,13.330930539333076
5,Prevalence,349,Greenland,3,Both,1,<5 years,976,Diabetes mellitus type 2,1,Number,2023,0.0,0.0,0.0
5,Prevalence,349,Greenland,3,Both,6,5-9 years,976,Diabetes mellitus type 2,1,Number,2023,0.0,0.0,0.0
5,Prevalence,349,Greenland,3,Both,7,10-14 years,976,Diabetes mellitus type 2,1,Number,2023,0.0,0.0,0.0
5,Prevalence,349,Greenland,3,Both,8,15-19 years,976,Diabetes mellitus type 2,1,Number,2023,1.0531629795789166,5.132825635869198,0.0
5,Prevalence,349,Greenland,3,Both,9,20-24 years,976,Diabetes mellitus type 2,1,Number,2023,3.6489730356273857,9.355062769961254,0.0
5,Prevalence,349,Greenland,3,Both,10,25-29 years,976,Diabetes mellitus type 2,1,Number,2023,14.3099890957381,24.20337647322838,5.798039737683707
5,Prevalence,349,Greenland,3,Both,11,30-34 years,976,Diabetes mellitus type 2,1,Number,2023,40.849754023003946,54.555519136675,28.323179035479814
5,Prevalence,349,Greenland,3,Both,12,35-39 years,976,Diabetes mellitus type 2,1,Number,2023,67.52064103324454,83.35514880199581,52.981850672450605
5,Prevalence,349,Greenland,3,Both,13,40-44 years,976,Diabetes mellitus type 2,1,Number,2023,99.50563124907848,121.05433447638508,80.94203777097
5,Prevalence,349,Greenland,3,Both,14,45-49 years,976,Diabetes mellitus type 2,1,Number,2023,128.00034993362198,148.50162932269444,107.73014451491544
5,Prevalence,349,Greenland,3,Both,15,50-54 years,976,Diabetes mellitus type 2,1,Number,2023,223.1021871335246,262.55759425074666,191.3884966557985
5,Prevalence,349,Greenland,3,Both,16,55-59 years,976,Diabetes mellitus type 2,1,Number,2023,411.1268981187933,475.9640528039668,360.5367592684339
5,Prevalence,349,Greenland,3,Both,17,60-64 years,976,Diabetes mellitus type 2,1,Number,2023,431.41808284310247,495.6128975552723,377.1117616105117
5,Prevalence,349,Greenland,3,Both,18,65-69 years,976,Diabetes mellitus type 2,1,Number,2023,333.04892632280433,380.8151439768617,294.99779584428853
5,Prevalence,349,Greenland,3,Both,19,70-74 years,976,Diabetes mellitus type 2,1,Number,2023,216.2986634846375,244.30956806205356,195.11027314367703
5,Prevalence,349,Greenland,3,Both,20,75-79 years,976,Diabetes mellitus type 2,1,Number,2023,142.20108642497397,160.7760236454829,127.69054306214996
5,Prevalence,349,Greenland,3,Both,30,80-84 years,976,Diabetes mellitus type 2,1,Number,2023,66.36770173040604,74.94671921173537,59.392314882950814
5,Prevalence,349,Greenland,3,Both,31,85-89 years,976,Diabetes mellitus type 2,1,Number,2023,20.50639379477933,23.14590708477824,18.16941956361829
5,Prevalence,349,Greenland,3,Both,32,90-94 years,976,Diabetes mellitus type 2,1,Number,2023,5.197768415772092,5.924139050607969,4.572583076797605
5,Prevalence,349,Greenland,3,Both,235,95+ years,976,Diabetes mellitus type 2,1,Number,2023,0.5286679298559215,0.6124209452480553,0.4598623003383015
5,Prevalence,189,United Republic of Tanzania,3,Both,1,<5 years,976,Diabetes mellitus type 2,1,Number,2023,0.0,0.0,0.0
5,Prevalence,106,Bahamas,3,Both,1,<5 years,976,Diabetes mellitus type 2,1,Number,2023,0.0,0.0,0.0
5,Prevalence,106,Bahamas,3,Both,6,5-9 years,976,Diabetes mellitus type 2,1,Number,2023,0.0,0.0,0.0
5,Prevalence,106,Bahamas,3,Both,7,10-14 years,976,Diabetes mellitus type 2,1,Number,2023,0.0,0.0,0.0
5,Prevalence,106,Bahamas,3,Both,8,15-19 years,976,Diabetes mellitus type 2,1,Number,2023,487.47933808432106,613.2556290336449,388.9760313990464
5,Prevalence,106,Bahamas,3,Both,9,20-24 years,976,Diabetes mellitus type 2,1,Number,2023,852.5903812285586,1038.570417072866,683.9636023273824
5,Prevalence,106,Bahamas,3,Both,10,25-29 years,976,Diabetes mellitus type 2,1,Number,2023,1230.6592073417903,1476.1964563167303,1032.6168305504425
5,Prevalence,106,Bahamas,3,Both,11,30-34 years,976,Diabetes mellitus type 2,1,Number,2023,2000.488222374022,2349.245561569517,1671.7177417551757
5,Prevalence,106,Bahamas,3,Both,12,35-39 years,976,Diabetes mellitus type 2,1,Number,2023,2568.603350826286,2947.5515913866348,2202.429899345621
5,Prevalence,106,Bahamas,3,Both,13,40-44 years,976,Diabetes mellitus type 2,1,Number,2023,3444.583205433149,3918.026690620181,2937.235491794643
5,Prevalence,106,Bahamas,3,Both,14,45-49 years,976,Diabetes mellitus type 2,1,Number,2023,4292.234935538846,4960.9276003443465,3774.256064455399
5,Prevalence,106,Bahamas,3,Both,15,50-54 years,976,Diabetes mellitus type 2,1,Number,2023,5200.722793724025,6008.399832137916,4578.836302185985
5,Prevalence,106,Bahamas,3,Both,16,55-59 years,976,Diabetes mellitus type 2,1,Number,2023,5629.941889564479,6485.841409734434,4949.366997088955
5,Prevalence,106,Bahamas,3,Both,17,60-64 years,976,Diabetes mellitus type 2,1,Number,2023,5206.249240725297,5922.452772490665,4592.3041462453975
5,Prevalence,106,Bahamas,3,Both,18,65-69 years,976,Diabetes mellitus type 2,1,Number,2023,4237.280911932891,4787.020527702867,3764.315308174933
5,Prevalence,106,Bahamas,3,Both,19,70-74 years,976,Diabetes mellitus type 2,1,Number,2023,2848.679312900099,3165.321226818737,2583.150356082066
5,Prevalence,106,Bahamas,3,Both,20,75-79 years,976,Diabetes mellitus type 2,1,Number,2023,1753.8576278773942,1955.0522531366464,1592.4480846505007
5,Prevalence,106,Bahamas,3,Both,30,80-84 years,976,Diabetes mellitus type 2,1,Number,2023,1055.297404152691,1177.9759330064535,957.7412126765774
5,Prevalence,106,Bahamas,3,Both,31,85-89 years,976,Diabetes mellitus type 2,1,Number,2023,446.7735043169756,505.7661454056285,399.5944215668389
5,Prevalence,106,Bahamas,3,Both,32,90-94 years,976,Diabetes mellitus type 2,1,Number,2023,117.36438734700506,135.83068639345836,102.59424543107195
5,Prevalence,106,Bahamas,3,Both,235,95+ years,976,Diabetes mellitus type 2,1,Number,2023,25.48397210324941,31.214833762245835,20.807406340497145
5,Prevalence,189,United Republic of Tanzania,3,Both,6,5-9 years,976,Diabetes mellitus type 2,1,Number,2023,0.0,0.0,0.0
5,Prevalence,189,United Republic of Tanzania,3,Both,7,10-14 years,976,Diabetes mellitus type 2,1,Number,2023,0.0,0.0,0.0
5,Prevalence,189,United Republic of Tanzania,3,Both,8,15-19 years,976,Diabetes mellitus type 2,1,Number,2023,46051.76486701158,56704.833694115856,36653.390732942535
5,Prevalence,189,United Republic of Tanzania,3,Both,9,20-24 years,976,Diabetes mellitus type 2,1,Number,2023,59311.47939201874,69884.56298020137,49556.5417134245
5,Prevalence,189,United Republic of Tanzania,3,Both,10,25-29 years,976,Diabetes mellitus type 2,1,Number,2023,70833.79161723403,83724.36976749964,60137.20620283201
5,Prevalence,189,United Republic of Tanzania,3,Both,11,30-34 years,976,Diabetes mellitus type 2,1,Number,2023,77221.91607756038,89768.21028851108,65606.7504771282
5,Prevalence,189,United Republic of Tanzania,3,Both,12,35-39 years,976,Diabetes mellitus type 2,1,Number,2023,82349.602220713,94095.68903721932,71242.69054411858
5,Prevalence,189,United Republic of Tanzania,3,Both,13,40-44 years,976,Diabetes mellitus type 2,1,Number,2023,87586.61596010372,100874.47346487523,75115.79111208524
5,Prevalence,189,United Republic of Tanzania,3,Both,14,45-49 years,976,Diabetes mellitus type 2,1,Number,2023,91289.37419508428,103536.30985864274,77769.4026018292
5,Prevalence,189,United Republic of Tanzania,3,Both,15,50-54 years,976,Diabetes mellitus type 2,1,Number,2023,88837.11257839791,102497.49196161127,76000.4912882403
5,Prevalence,189,United Republic of Tanzania,3,Both,16,55-59 years,976,Diabetes mellitus type 2,1,Number,2023,83412.68957111085,95828.3729133572,73672.65904684154
5,Prevalence,189,United Republic of Tanzania,3,Both,17,60-64 years,976,Diabetes mellitus type 2,1,Number,2023,83918.50520099004,96339.1398522002,73108.5870327271
5,Prevalence,189,United Republic of Tanzania,3,Both,18,65-69 years,976,Diabetes mellitus type 2,1,Number,2023,87210.03767650595,97649.9003177714,78151.23482582587
5,Prevalence,189,United Republic of Tanzania,3,Both,19,70-74 years,976,Diabetes mellitus type 2,1,Number,2023,82381.33314067713,90514.7342696756,73998.52434640608
5,Prevalence,189,United Republic of Tanzania,3,Both,20,75-79 years,976,Diabetes mellitus type 2,1,Number,2023,59474.639385955496,65357.248374824434,53312.40254466189
5,Prevalence,189,United Republic of Tanzania,3,Both,30,80-84 years,976,Diabetes mellitus type 2,1,Number,2023,36045.75429084562,39928.25112047733,32470.6839423503
5,Prevalence,189,United Republic of Tanzania,3,Both,31,85-89 years,976,Diabetes mellitus type 2,1,Number,2023,17567.898089922255,19559.196324252887,15379.9945293147
5,Prevalence,189,United Republic of Tanzania,3,Both,32,90-94 years,976,Diabetes mellitus type 2,1,Number,2023,5842.047208719412,6595.829521697522,5057.259003867801
5,Prevalence,189,United Republic of Tanzania,3,Both,235,95+ years,976,Diabetes mellitus type 2,1,Number,2023,1859.1137485747404,2147.685874534828,1568.7215883580086
5,Prevalence,196,South Africa,3,Both,1,<5 years,976,Diabetes mellitus type 2,1,Number,2023,0.0,0.0,0.0
5,Prevalence,196,South Africa,3,Both,6,5-9 years,976,Diabetes mellitus type 2,1,Number,2023,0.0,0.0,0.0
5,Prevalence,196,South Africa,3,Both,7,10-14 years,976,Diabetes mellitus type 2,1,Number,2023,0.0,0.0,0.0
5,Prevalence,196,South Africa,3,Both,8,15-19 years,976,Diabetes mellitus type 2,1,Number,2023,57197.92190103951,73185.73474593941,46017.8941785188
5,Prevalence,196,South Africa,3,Both,9,20-24 years,976,Diabetes mellitus type 2,1,Number,2023,101320.67750816735,126028.99018725364,82893.43876945593
5,Prevalence,196,South Africa,3,Both,10,25-29 years,976,Diabetes mellitus type 2,1,Number,2023,162579.1522879212,195678.0677378692,134145.74859689723
5,Prevalence,196,South Africa,3,Both,11,30-34 years,976,Diabetes mellitus type 2,1,Number,2023,225449.8458062389,269575.33800352685,187567.5817218765
5,Prevalence,196,South Africa,3,Both,12,35-39 years,976,Diabetes mellitus type 2,1,Number,2023,297286.5196214829,348256.6348015844,254147.26012571805
5,Prevalence,196,South Africa,3,Both,13,40-44 years,976,Diabetes mellitus type 2,1,Number,2023,330233.219828204,388075.4160058726,277128.0600260926
5,Prevalence,196,South Africa,3,Both,14,45-49 years,976,Diabetes mellitus type 2,1,Number,2023,338690.5372785659,389156.9130603213,283767.25945491827
5,Prevalence,196,South Africa,3,Both,15,50-54 years,976,Diabetes mellitus type 2,1,Number,2023,375613.7157511877,443124.2838829707,317171.0481210256
5,Prevalence,196,South Africa,3,Both,16,55-59 years,976,Diabetes mellitus type 2,1,Number,2023,469833.22233173775,536834.3676607921,410255.3867934168
5,Prevalence,196,South Africa,3,Both,17,60-64 years,976,Diabetes mellitus type 2,1,Number,2023,546192.5786522379,623159.0321311959,472024.784572482
5,Prevalence,196,South Africa,3,Both,18,65-69 years,976,Diabetes mellitus type 2,1,Number,2023,513692.1241382754,573575.4945619974,460136.3393466143
5,Prevalence,196,South Africa,3,Both,19,70-74 years,976,Diabetes mellitus type 2,1,Number,2023,382490.6149458397,420568.2240738618,349402.80169528443
5,Prevalence,196,South Africa,3,Both,20,75-79 years,976,Diabetes mellitus type 2,1,Number,2023,237092.7412504076,261308.4047132385,216176.6847124748
5,Prevalence,196,South Africa,3,Both,30,80-84 years,976,Diabetes mellitus type 2,1,Number,2023,128002.66679227262,142620.41399088677,115424.84762639848
5,Prevalence,196,South Africa,3,Both,31,85-89 years,976,Diabetes mellitus type 2,1,Number,2023,51265.59901401306,57281.4169113487,45046.53969609672
5,Prevalence,196,South Africa,3,Both,32,90-94 years,976,Diabetes mellitus type 2,1,Number,2023,16805.591862882717,19427.051035921908,14200.9003045325
5,Prevalence,196,South Africa,3,Both,235,95+ years,976,Diabetes mellitus type 2,1,Number,2023,6209.93704669065,7510.500214058607,4980.515136301133
5,Prevalence,83,Iceland,3,Both,1,<5 years,976,Diabetes mellitus type 2,1,Number,2023,0.0,0.0,0.0
5,Prevalence,83,Iceland,3,Both,6,5-9 years,976,Diabetes mellitus type 2,1,Number,2023,0.0,0.0,0.0
5,Prevalence,83,Iceland,3,Both,7,10-14 years,976,Diabetes mellitus type 2,1,Number,2023,0.0,0.0,0.0
5,Prevalence,83,Iceland,3,Both,8,15-19 years,976,Diabetes mellitus type 2,1,Number,2023,65.25827131638871,109.05717157786582,23.119716061579407
5,Prevalence,83,Iceland,3,Both,9,20-24 years,976,Diabetes mellitus type 2,1,Number,2023,204.75968986250632,279.20781894726184,142.75955157503785
5,Prevalence,83,Iceland,3,Both,10,25-29 years,976,Diabetes mellitus type 2,1,Number,2023,457.4290468000501,584.1873438011168,342.9844590184207
5,Prevalence,83,Iceland,3,Both,11,30-34 years,976,Diabetes mellitus type 2,1,Number,2023,745.6590613997436,919.420083070124,599.8755014592205
5,Prevalence,83,Iceland,3,Both,12,35-39 years,976,Diabetes mellitus type 2,1,Number,2023,898.9077451887838,1076.863160894178,736.8456678373802
5,Prevalence,83,Iceland,3,Both,13,40-44 years,976,Diabetes mellitus type 2,1,Number,2023,1164.5510221628867,1362.2786261409783,970.5749509092882
5,Prevalence,83,Iceland,3,Both,14,45-49 years,976,Diabetes mellitus type 2,1,Number,2023,1356.9684902015856,1576.192187165411,1171.6407029122315
5,Prevalence,83,Iceland,3,Both,15,50-54 years,976,Diabetes mellitus type 2,1,Number,2023,1563.2559463717034,1797.3356069310914,1340.7551286988555
5,Prevalence,83,Iceland,3,Both,16,55-59 years,976,Diabetes mellitus type 2,1,Number,2023,1922.1696487399,2162.6035989372617,1678.7259476773245
5,Prevalence,83,Iceland,3,Both,17,60-64 years,976,Diabetes mellitus type 2,1,Number,2023,2217.2222865188483,2536.68139769904,1945.1173093164205
5,Prevalence,83,Iceland,3,Both,18,65-69 years,976,Diabetes mellitus type 2,1,Number,2023,2310.130182969963,2609.527129111226,2041.3193517818263
5,Prevalence,83,Iceland,3,Both,19,70-74 years,976,Diabetes mellitus type 2,1,Number,2023,2127.497493762836,2370.475691545372,1897.73845458242
5,Prevalence,83,Iceland,3,Both,20,75-79 years,976,Diabetes mellitus type 2,1,Number,2023,1637.614446398358,1816.5668745875987,1462.8594093336578
5,Prevalence,83,Iceland,3,Both,30,80-84 years,976,Diabetes mellitus type 2,1,Number,2023,966.5483480807222,1082.3169405792516,864.2795634556996
5,Prevalence,83,Iceland,3,Both,31,85-89 years,976,Diabetes mellitus type 2,1,Number,2023,550.0291582970393,622.3903791215937,490.2474957409536
5,Prevalence,83,Iceland,3,Both,32,90-94 years,976,Diabetes mellitus type 2,1,Number,2023,249.75401112645187,281.7775370843519,220.09675839516237
5,Prevalence,83,Iceland,3,Both,235,95+ years,976,Diabetes mellitus type 2,1,Number,2023,53.78965300362108,61.54667366622168,47.032343465587
5,Prevalence,164,Nepal,3,Both,1,<5 years,976,Diabetes mellitus type 2,1,Number,2023,0.0,0.0,0.0
5,Prevalence,164,Nepal,3,Both,6,5-9 years,976,Diabetes mellitus type 2,1,Number,2023,0.0,0.0,0.0
5,Prevalence,164,Nepal,3,Both,7,10-14 years,976,Diabetes mellitus type 2,1,Number,2023,0.0,0.0,0.0
5,Prevalence,164,Nepal,3,Both,8,15-19 years,976,Diabetes mellitus type 2,1,Number,2023,26515.60624362944,33317.97997470551,21037.76810014189
5,Prevalence,164,Nepal,3,Both,9,20-24 years,976,Diabetes mellitus type 2,1,Number,2023,45945.8057122548,55653.69200995914,38001.54685651552
5,Prevalence,164,Nepal,3,Both,10,25-29 years,976,Diabetes mellitus type 2,1,Number,2023,67584.73572605528,79340.67769924462,56634.55806797938
5,Prevalence,164,Nepal,3,Both,11,30-34 years,976,Diabetes mellitus type 2,1,Number,2023,95134.67595124582,110984.7775315957,79062.74094625066
5,Prevalence,164,Nepal,3,Both,12,35-39 years,976,Diabetes mellitus type 2,1,Number,2023,129330.94489643635,149019.6923341652,112846.81013087768
5,Prevalence,164,Nepal,3,Both,13,40-44 years,976,Diabetes mellitus type 2,1,Number,2023,159395.181977012,183735.47468176845,137038.18323625304
5,Prevalence,164,Nepal,3,Both,14,45-49 years,976,Diabetes mellitus type 2,1,Number,2023,179772.17261671723,203330.548739398,159233.96830546396
5,Prevalence,164,Nepal,3,Both,15,50-54 years,976,Diabetes mellitus type 2,1,Number,2023,198532.68926539863,220677.2548002477,172297.11044988007
5,Prevalence,164,Nepal,3,Both,16,55-59 years,976,Diabetes mellitus type 2,1,Number,2023,203892.279016918,228497.17739690104,180714.75516783385
5,Prevalence,164,Nepal,3,Both,17,60-64 years,976,Diabetes mellitus type 2,1,Number,2023,190193.07625995376,212957.8458387493,171496.27158141223
5,Prevalence,164,Nepal,3,Both,18,65-69 years,976,Diabetes mellitus type 2,1,Number,2023,168598.53566518574,188905.90174367587,151464.22011481074
5,Prevalence,164,Nepal,3,Both,19,70-74 years,976,Diabetes mellitus type 2,1,Number,2023,138360.74445165516,154061.70820134843,126176.30243855016
5,Prevalence,164,Nepal,3,Both,20,75-79 years,976,Diabetes mellitus type 2,1,Number,2023,83988.11683129378,93557.86612276617,76407.63880715192
5,Prevalence,164,Nepal,3,Both,30,80-84 years,976,Diabetes mellitus type 2,1,Number,2023,40251.15600910551,45267.769923302185,36426.15200784904
5,Prevalence,164,Nepal,3,Both,31,85-89 years,976,Diabetes mellitus type 2,1,Number,2023,15274.169044245024,17172.587881592066,13499.32778111546
5,Prevalence,164,Nepal,3,Both,32,90-94 years,976,Diabetes mellitus type 2,1,Number,2023,4686.166240755303,5386.630273578634,4048.07307072506
5,Prevalence,164,Nepal,3,Both,235,95+ years,976,Diabetes mellitus type 2,1,Number,2023,1153.330217972107,1394.381384214678,971.0244415926776
5,Prevalence,176,Comoros,3,Both,1,<5 years,976,Diabetes mellitus type 2,1,Number,2023,0.0,0.0,0.0
5,Prevalence,176,Comoros,3,Both,6,5-9 years,976,Diabetes mellitus type 2,1,Number,2023,0.0,0.0,0.0
5,Prevalence,176,Comoros,3,Both,7,10-14 years,976,Diabetes mellitus type 2,1,Number,2023,0.0,0.0,0.0
5,Prevalence,176,Comoros,3,Both,8,15-19 years,976,Diabetes mellitus type 2,1,Number,2023,899.6093175680703,1130.0416375641846,714.6572214392382
5,Prevalence,176,Comoros,3,Both,9,20-24 years,976,Diabetes mellitus type 2,1,Number,2023,1176.010337212017,1431.8542406949543,963.9224014419189
5,Prevalence,176,Comoros,3,Both,10,25-29 years,976,Diabetes mellitus type 2,1,Number,2023,1303.1221024430272,1565.876130850569,1108.8799431070215
5,Prevalence,176,Comoros,3,Both,11,30-34 years,976,Diabetes mellitus type 2,1,Number,2023,1457.205619081253,1702.9111238646783,1244.9221566806882
5,Prevalence,176,Comoros,3,Both,12,35-39 years,976,Diabetes mellitus type 2,1,Number,2023,1730.0465928299743,1967.532086691093,1505.82036349595
5,Prevalence,176,Comoros,3,Both,13,40-44 years,976,Diabetes mellitus type 2,1,Number,2023,1919.809533629139,2220.144270661711,1675.6732842346566
5,Prevalence,176,Comoros,3,Both,14,45-49 years,976,Diabetes mellitus type 2,1,Number,2023,1998.3966769279969,2286.2057646668354,1698.785876304304
5,Prevalence,176,Comoros,3,Both,15,50-54 years,976,Diabetes mellitus type 2,1,Number,2023,2022.2645352149743,2329.359489163133,1722.8444594118173
5,Prevalence,176,Comoros,3,Both,16,55-59 years,976,Diabetes mellitus type 2,1,Number,2023,1976.0452311581253,2250.083896912161,1685.3952064503214
5,Prevalence,176,Comoros,3,Both,17,60-64 years,976,Diabetes mellitus type 2,1,Number,2023,2005.4033634978289,2342.2662079128318,1702.2593484838808
5,Prevalence,176,Comoros,3,Both,18,65-69 years,976,Diabetes mellitus type 2,1,Number,2023,2243.2187455298545,2500.435631290765,2021.7888229491612
5,Prevalence,176,Comoros,3,Both,19,70-74 years,976,Diabetes mellitus type 2,1,Number,2023,2335.836839597545,2557.041195557481,2124.949136964995
5,Prevalence,176,Comoros,3,Both,20,75-79 years,976,Diabetes mellitus type 2,1,Number,2023,2102.918443488876,2316.138614441512,1914.866351465948
5,Prevalence,176,Comoros,3,Both,30,80-84 years,976,Diabetes mellitus type 2,1,Number,2023,1329.2927636824193,1458.3792023736733,1197.4103455475372
5,Prevalence,176,Comoros,3,Both,31,85-89 years,976,Diabetes mellitus type 2,1,Number,2023,739.2215586998472,826.5316894127864,654.3356578495841
5,Prevalence,176,Comoros,3,Both,32,90-94 years,976,Diabetes mellitus type 2,1,Number,2023,303.02849545525856,345.5431818474229,262.34658198879936
5,Prevalence,176,Comoros,3,Both,235,95+ years,976,Diabetes mellitus type 2,1,Number,2023,155.03888383325122,184.91752679965688,130.1901275227066
5,Prevalence,34,Azerbaijan,3,Both,1,<5 years,976,Diabetes mellitus type 2,1,Number,2023,0.0,0.0,0.0
5,Prevalence,34,Azerbaijan,3,Both,6,5-9 years,976,Diabetes mellitus type 2,1,Number,2023,0.0,0.0,0.0
5,Prevalence,34,Azerbaijan,3,Both,7,10-14 years,976,Diabetes mellitus type 2,1,Number,2023,0.0,0.0,0.0
5,Prevalence,34,Azerbaijan,3,Both,8,15-19 years,976,Diabetes mellitus type 2,1,Number,2023,6756.889670363411,8536.982263141836,5233.507845824199
5,Prevalence,34,Azerbaijan,3,Both,9,20-24 years,976,Diabetes mellitus type 2,1,Number,2023,10005.631903101072,12077.458568114243,8160.125146963855
5,Prevalence,34,Azerbaijan,3,Both,10,25-29 years,976,Diabetes mellitus type 2,1,Number,2023,16029.561349326928,19144.66600586081,13259.3329884367
5,Prevalence,34,Azerbaijan,3,Both,11,30-34 years,976,Diabetes mellitus type 2,1,Number,2023,23943.43225048929,28151.752584131784,19896.048168793364
5,Prevalence,34,Azerbaijan,3,Both,12,35-39 years,976,Diabetes mellitus type 2,1,Number,2023,29620.520832818227,34043.772906864426,25613.19648390202
5,Prevalence,34,Azerbaijan,3,Both,13,40-44 years,976,Diabetes mellitus type 2,1,Number,2023,34093.92900164397,39852.19807540995,29058.247749732825
5,Prevalence,34,Azerbaijan,3,Both,14,45-49 years,976,Diabetes mellitus type 2,1,Number,2023,42206.44016347039,48059.97732235713,35892.402899214925
5,Prevalence,34,Azerbaijan,3,Both,15,50-54 years,976,Diabetes mellitus type 2,1,Number,2023,62114.13683257958,71822.65415331376,52819.763859689774
5,Prevalence,34,Azerbaijan,3,Both,16,55-59 years,976,Diabetes mellitus type 2,1,Number,2023,91582.37178367354,103164.29938026013,81694.9352232325
5,Prevalence,34,Azerbaijan,3,Both,17,60-64 years,976,Diabetes mellitus type 2,1,Number,2023,117805.9826679688,132981.28669207465,105891.74658066763
5,Prevalence,34,Azerbaijan,3,Both,18,65-69 years,976,Diabetes mellitus type 2,1,Number,2023,92456.78372477392,104869.78529870528,82903.6746175272
5,Prevalence,34,Azerbaijan,3,Both,19,70-74 years,976,Diabetes mellitus type 2,1,Number,2023,57272.18934222298,64993.7300678274,51496.11025245288
5,Prevalence,34,Azerbaijan,3,Both,20,75-79 years,976,Diabetes mellitus type 2,1,Number,2023,22231.75480823704,25060.14910767069,19846.11798356316
5,Prevalence,34,Azerbaijan,3,Both,30,80-84 years,976,Diabetes mellitus type 2,1,Number,2023,18254.09647215013,20677.297928467047,16172.766682181747
5,Prevalence,34,Azerbaijan,3,Both,31,85-89 years,976,Diabetes mellitus type 2,1,Number,2023,9115.307089225633,10384.551653456268,7993.168514245734
5,Prevalence,34,Azerbaijan,3,Both,32,90-94 years,976,Diabetes mellitus type 2,1,Number,2023,2313.858303555039,2645.4081816689045,2032.813535429569
5,Prevalence,34,Azerbaijan,3,Both,235,95+ years,976,Diabetes mellitus type 2,1,Number,2023,616.9899985621141,705.727332778789,542.1655261170553
5,Prevalence,185,Rwanda,3,Both,1,<5 years,976,Diabetes mellitus type 2,1,Number,2023,0.0,0.0,0.0
5,Prevalence,185,Rwanda,3,Both,6,5-9 years,976,Diabetes mellitus type 2,1,Number,2023,0.0,0.0,0.0
5,Prevalence,185,Rwanda,3,Both,7,10-14 years,976,Diabetes mellitus type 2,1,Number,2023,0.0,0.0,0.0
5,Prevalence,185,Rwanda,3,Both,8,15-19 years,976,Diabetes mellitus type 2,1,Number,2023,9203.916543029529,11356.22108991448,7317.475902899019
5,Prevalence,185,Rwanda,3,Both,9,20-24 years,976,Diabetes mellitus type 2,1,Number,2023,11110.114609242835,13349.83116550434,9347.810268989331
5,Prevalence,185,Rwanda,3,Both,10,25-29 years,976,Diabetes mellitus type 2,1,Number,2023,13280.358040213876,15642.7930563408,11289.529452445831
5,Prevalence,185,Rwanda,3,Both,11,30-34 years,976,Diabetes mellitus type 2,1,Number,2023,16365.987466751378,18897.911176954185,13911.149049451484
5,Prevalence,185,Rwanda,3,Both,12,35-39 years,976,Diabetes mellitus type 2,1,Number,2023,18159.12483305993,20929.18504670135,15879.35156416554
5,Prevalence,185,Rwanda,3,Both,13,40-44 years,976,Diabetes mellitus type 2,1,Number,2023,19261.28226966007,22435.538695868,16429.742418392903
5,Prevalence,185,Rwanda,3,Both,14,45-49 years,976,Diabetes mellitus type 2,1,Number,2023,18156.56644914077,20677.987484901525,15750.551544316144
5,Prevalence,185,Rwanda,3,Both,15,50-54 years,976,Diabetes mellitus type 2,1,Number,2023,16839.10040432284,19428.879695657968,14501.215979039724
5,Prevalence,185,Rwanda,3,Both,16,55-59 years,976,Diabetes mellitus type 2,1,Number,2023,16573.49927649377,19287.32563681776,14534.37533959065
5,Prevalence,185,Rwanda,3,Both,17,60-64 years,976,Diabetes mellitus type 2,1,Number,2023,19786.3628242711,23105.89401973212,17065.313859841644
5,Prevalence,185,Rwanda,3,Both,18,65-69 years,976,Diabetes mellitus type 2,1,Number,2023,24706.94112791146,27730.241778402265,21843.611453783284
5,Prevalence,185,Rwanda,3,Both,19,70-74 years,976,Diabetes mellitus type 2,1,Number,2023,22484.047974153043,25060.41545409704,20130.652165084462
5,Prevalence,185,Rwanda,3,Both,20,75-79 years,976,Diabetes mellitus type 2,1,Number,2023,13078.963188637004,14633.71507678504,11778.904563274224
5,Prevalence,185,Rwanda,3,Both,30,80-84 years,976,Diabetes mellitus type 2,1,Number,2023,6478.465879513859,7256.058243454687,5783.743001415709
5,Prevalence,185,Rwanda,3,Both,31,85-89 years,976,Diabetes mellitus type 2,1,Number,2023,2549.045657521496,2833.4590174930577,2249.815187449624
5,Prevalence,185,Rwanda,3,Both,32,90-94 years,976,Diabetes mellitus type 2,1,Number,2023,686.9596928800953,787.1197643745099,589.2526691629066
5,Prevalence,185,Rwanda,3,Both,235,95+ years,976,Diabetes mellitus type 2,1,Number,2023,154.90217994866467,178.82828530005526,128.29619702126175
5,Prevalence,380,Palau,3,Both,1,<5 years,976,Diabetes mellitus type 2,1,Number,2023,0.0,0.0,0.0
5,Prevalence,380,Palau,3,Both,6,5-9 years,976,Diabetes mellitus type 2,1,Number,2023,0.0,0.0,0.0
5,Prevalence,380,Palau,3,Both,7,10-14 years,976,Diabetes mellitus type 2,1,Number,2023,0.0,0.0,0.0
5,Prevalence,380,Palau,3,Both,8,15-19 years,976,Diabetes mellitus type 2,1,Number,2023,15.170345082947644,19.54158920232018,12.302781665779026
5,Prevalence,380,Palau,3,Both,9,20-24 years,976,Diabetes mellitus type 2,1,Number,2023,50.52845354025568,62.8114376352889,39.96108328679875
5,Prevalence,380,Palau,3,Both,10,25-29 years,976,Diabetes mellitus type 2,1,Number,2023,84.17005819143235,100.50021287163092,69.70994523418256
5,Prevalence,380,Palau,3,Both,11,30-34 years,976,Diabetes mellitus type 2,1,Number,2023,118.76891745453898,140.19685481697144,99.41301124047874
5,Prevalence,380,Palau,3,Both,12,35-39 years,976,Diabetes mellitus type 2,1,Number,2023,168.44522000361954,192.6850241923556,148.43667297625865
5,Prevalence,380,Palau,3,Both,13,40-44 years,976,Diabetes mellitus type 2,1,Number,2023,247.44030035698063,288.5674335010621,214.8787331841877
5,Prevalence,380,Palau,3,Both,14,45-49 years,976,Diabetes mellitus type 2,1,Number,2023,320.89856505105075,358.0786115807025,285.2517672845604
5,Prevalence,380,Palau,3,Both,15,50-54 years,976,Diabetes mellitus type 2,1,Number,2023,398.84064719807975,441.0927139797269,349.00598842438814
5,Prevalence,380,Palau,3,Both,16,55-59 years,976,Diabetes mellitus type 2,1,Number,2023,423.8668787450392,463.1774695136197,381.8882987692719
5,Prevalence,380,Palau,3,Both,17,60-64 years,976,Diabetes mellitus type 2,1,Number,2023,402.6424081297316,437.4441350342247,370.1880610148204
5,Prevalence,380,Palau,3,Both,18,65-69 years,976,Diabetes mellitus type 2,1,Number,2023,341.1702390438501,370.38710101547616,314.36732258072163
5,Prevalence,380,Palau,3,Both,19,70-74 years,976,Diabetes mellitus type 2,1,Number,2023,214.57214790032404,234.5515874630835,195.6720913941931
5,Prevalence,380,Palau,3,Both,20,75-79 years,976,Diabetes mellitus type 2,1,Number,2023,97.33604421037388,106.60102497541692,89.09101564300883
5,Prevalence,380,Palau,3,Both,30,80-84 years,976,Diabetes mellitus type 2,1,Number,2023,33.3241302751977,36.67157085190681,30.104568797084
5,Prevalence,380,Palau,3,Both,31,85-89 years,976,Diabetes mellitus type 2,1,Number,2023,10.616084202669018,11.85867065853897,9.409939908836362
5,Prevalence,380,Palau,3,Both,32,90-94 years,976,Diabetes mellitus type 2,1,Number,2023,2.667407791382692,3.0187291576669715,2.3157756296390017
5,Prevalence,380,Palau,3,Both,235,95+ years,976,Diabetes mellitus type 2,1,Number,2023,0.3277270126663079,0.381968142873369,0.2711132914830637
5,Prevalence,12,Lao People's Democratic Republic,3,Both,1,<5 years,976,Diabetes mellitus type 2,1,Number,2023,0.0,0.0,0.0
5,Prevalence,12,Lao People's Democratic Republic,3,Both,6,5-9 years,976,Diabetes mellitus type 2,1,Number,2023,0.0,0.0,0.0
5,Prevalence,12,Lao People's Democratic Republic,3,Both,7,10-14 years,976,Diabetes mellitus type 2,1,Number,2023,0.0,0.0,0.0
5,Prevalence,12,Lao People's Democratic Republic,3,Both,8,15-19 years,976,Diabetes mellitus type 2,1,Number,2023,3994.7817021268393,5259.573086252881,3049.2094413190043
5,Prevalence,12,Lao People's Democratic Republic,3,Both,9,20-24 years,976,Diabetes mellitus type 2,1,Number,2023,10356.184892105655,12936.739620884362,8251.647311924331
5,Prevalence,12,Lao People's Democratic Republic,3,Both,10,25-29 years,976,Diabetes mellitus type 2,1,Number,2023,17331.056807315214,20939.03548996592,14173.996532362857
5,Prevalence,12,Lao People's Democratic Republic,3,Both,11,30-34 years,976,Diabetes mellitus type 2,1,Number,2023,23754.77850575078,28031.350138899987,19655.649381833555
5,Prevalence,12,Lao People's Democratic Republic,3,Both,12,35-39 years,976,Diabetes mellitus type 2,1,Number,2023,28188.770677995795,32521.30315309939,24209.061574157
5,Prevalence,12,Lao People's Democratic Republic,3,Both,13,40-44 years,976,Diabetes mellitus type 2,1,Number,2023,30375.69024683289,34416.585996183574,26123.11062040984
5,Prevalence,12,Lao People's Democratic Republic,3,Both,14,45-49 years,976,Diabetes mellitus type 2,1,Number,2023,32252.453322746573,36512.625675194,28095.053395076706
5,Prevalence,12,Lao People's Democratic Republic,3,Both,15,50-54 years,976,Diabetes mellitus type 2,1,Number,2023,33872.192697505954,37961.88933022064,29308.492804912014
5,Prevalence,12,Lao People's Democratic Republic,3,Both,16,55-59 years,976,Diabetes mellitus type 2,1,Number,2023,32881.146650104674,36719.99809324372,28825.050305094563
5,Prevalence,12,Lao People's Democratic Republic,3,Both,17,60-64 years,976,Diabetes mellitus type 2,1,Number,2023,29772.97483210558,32952.04649289422,26324.940623031616
5,Prevalence,12,Lao People's Democratic Republic,3,Both,18,65-69 years,976,Diabetes mellitus type 2,1,Number,2023,22993.03988813068,25575.79156765876,20487.154430117003
5,Prevalence,12,Lao People's Democratic Republic,3,Both,19,70-74 years,976,Diabetes mellitus type 2,1,Number,2023,16034.625082103128,17889.353273747336,14303.80640781734
5,Prevalence,12,Lao People's Democratic Republic,3,Both,20,75-79 years,976,Diabetes mellitus type 2,1,Number,2023,8922.161071338867,9976.762334445346,8014.059165221106
5,Prevalence,12,Lao People's Democratic Republic,3,Both,30,80-84 years,976,Diabetes mellitus type 2,1,Number,2023,5399.261668848653,6110.338299059665,4820.88641483096
5,Prevalence,12,Lao People's Democratic Republic,3,Both,31,85-89 years,976,Diabetes mellitus type 2,1,Number,2023,2505.014553335483,2862.649655320124,2165.7824581082523
5,Prevalence,12,Lao People's Democratic Republic,3,Both,32,90-94 years,976,Diabetes mellitus type 2,1,Number,2023,926.2948304107854,1061.6290446351952,788.1236948586574
5,Prevalence,12,Lao People's Democratic Republic,3,Both,235,95+ years,976,Diabetes mellitus type 2,1,Number,2023,234.6863810179103,275.4691636936805,196.24445945953912
5,Prevalence,522,Sudan,3,Both,1,<5 years,976,Diabetes mellitus type 2,1,Number,2023,0.0,0.0,0.0
5,Prevalence,522,Sudan,3,Both,6,5-9 years,976,Diabetes mellitus type 2,1,Number,2023,0.0,0.0,0.0
5,Prevalence,522,Sudan,3,Both,7,10-14 years,976,Diabetes mellitus type 2,1,Number,2023,0.0,0.0,0.0
5,Prevalence,522,Sudan,3,Both,8,15-19 years,976,Diabetes mellitus type 2,1,Number,2023,28154.45237512353,36688.92106352187,21698.74103039456
5,Prevalence,522,Sudan,3,Both,9,20-24 years,976,Diabetes mellitus type 2,1,Number,2023,98226.69837801871,121592.14358173072,77943.85806038353
5,Prevalence,522,Sudan,3,Both,10,25-29 years,976,Diabetes mellitus type 2,1,Number,2023,143259.68688116537,173752.4937238699,117449.43651189
5,Prevalence,522,Sudan,3,Both,11,30-34 years,976,Diabetes mellitus type 2,1,Number,2023,168678.06917102702,198866.20244868757,141958.39010093105
5,Prevalence,522,Sudan,3,Both,12,35-39 years,976,Diabetes mellitus type 2,1,Number,2023,203115.07941383243,231616.5381236741,179721.6903880946
5,Prevalence,522,Sudan,3,Both,13,40-44 years,976,Diabetes mellitus type 2,1,Number,2023,235809.45018433308,270180.2904641889,204110.74774959427
5,Prevalence,522,Sudan,3,Both,14,45-49 years,976,Diabetes mellitus type 2,1,Number,2023,264311.87939531804,294645.7576947743,232031.09610850672
5,Prevalence,522,Sudan,3,Both,15,50-54 years,976,Diabetes mellitus type 2,1,Number,2023,280736.0652365537,312493.3730038733,247469.8646367612
5,Prevalence,522,Sudan,3,Both,16,55-59 years,976,Diabetes mellitus type 2,1,Number,2023,282232.78549754224,312969.0527154815,253195.1971659028
5,Prevalence,522,Sudan,3,Both,17,60-64 years,976,Diabetes mellitus type 2,1,Number,2023,248600.07059726736,276532.319162675,224644.620132556
5,Prevalence,522,Sudan,3,Both,18,65-69 years,976,Diabetes mellitus type 2,1,Number,2023,199987.2455810304,222231.8484071253,180609.94557610023
5,Prevalence,522,Sudan,3,Both,19,70-74 years,976,Diabetes mellitus type 2,1,Number,2023,145711.62005931942,161411.02454964677,132343.6653806755
5,Prevalence,522,Sudan,3,Both,20,75-79 years,976,Diabetes mellitus type 2,1,Number,2023,89691.62692372785,99300.46082118708,80943.79607771244
5,Prevalence,522,Sudan,3,Both,30,80-84 years,976,Diabetes mellitus type 2,1,Number,2023,43338.287000464814,48147.64063180381,39258.66303775183
5,Prevalence,522,Sudan,3,Both,31,85-89 years,976,Diabetes mellitus type 2,1,Number,2023,14386.941417519534,15919.343948256595,12747.729533552832
5,Prevalence,522,Sudan,3,Both,32,90-94 years,976,Diabetes mellitus type 2,1,Number,2023,2793.955808423761,3110.5938995695446,2458.1665133487304
5,Prevalence,522,Sudan,3,Both,235,95+ years,976,Diabetes mellitus type 2,1,Number,2023,322.38929819678486,363.6030320369157,278.1590488389152
5,Prevalence,177,Djibouti,3,Both,1,<5 years,976,Diabetes mellitus type 2,1,Number,2023,0.0,0.0,0.0
5,Prevalence,177,Djibouti,3,Both,6,5-9 years,976,Diabetes mellitus type 2,1,Number,2023,0.0,0.0,0.0
5,Prevalence,177,Djibouti,3,Both,7,10-14 years,976,Diabetes mellitus type 2,1,Number,2023,0.0,0.0,0.0
5,Prevalence,177,Djibouti,3,Both,8,15-19 years,976,Diabetes mellitus type 2,1,Number,2023,943.2431803908846,1169.2745441633606,749.6828729855235
5,Prevalence,177,Djibouti,3,Both,9,20-24 years,976,Diabetes mellitus type 2,1,Number,2023,1325.3461406434235,1587.0779087096585,1092.506428072311
5,Prevalence,177,Djibouti,3,Both,10,25-29 years,976,Diabetes mellitus type 2,1,Number,2023,1724.97822255232,2030.3479518020656,1450.1787028365277
5,Prevalence,177,Djibouti,3,Both,11,30-34 years,976,Diabetes mellitus type 2,1,Number,2023,2263.467191631649,2645.563523763266,1936.3335393976
5,Prevalence,177,Djibouti,3,Both,12,35-39 years,976,Diabetes mellitus type 2,1,Number,2023,2762.0587769126287,3186.041895560846,2396.277917561203
5,Prevalence,177,Djibouti,3,Both,13,40-44 years,976,Diabetes mellitus type 2,1,Number,2023,3071.278567879426,3551.172138643968,2627.156886907644
5,Prevalence,177,Djibouti,3,Both,14,45-49 years,976,Diabetes mellitus type 2,1,Number,2023,3021.393059553885,3448.873022519093,2616.532203010871
5,Prevalence,177,Djibouti,3,Both,15,50-54 years,976,Diabetes mellitus type 2,1,Number,2023,2942.3843708797685,3389.7248336987705,2535.7847784125483
5,Prevalence,177,Djibouti,3,Both,16,55-59 years,976,Diabetes mellitus type 2,1,Number,2023,2685.5373795182845,3132.491984264214,2296.218999412071
5,Prevalence,177,Djibouti,3,Both,17,60-64 years,976,Diabetes mellitus type 2,1,Number,2023,2565.541331590101,3022.8304746767426,2215.322051862119
5,Prevalence,177,Djibouti,3,Both,18,65-69 years,976,Diabetes mellitus type 2,1,Number,2023,2590.1696104888188,2930.34670192829,2305.452748867616
5,Prevalence,177,Djibouti,3,Both,19,70-74 years,976,Diabetes mellitus type 2,1,Number,2023,2359.871462891609,2626.3083810563844,2147.820222042292
5,Prevalence,177,Djibouti,3,Both,20,75-79 years,976,Diabetes mellitus type 2,1,Number,2023,1507.5775028022858,1674.7319557512064,1372.1812787569231
5,Prevalence,177,Djibouti,3,Both,30,80-84 years,976,Diabetes mellitus type 2,1,Number,2023,739.9879876616702,815.0160236024797,675.0237224569341
5,Prevalence,177,Djibouti,3,Both,31,85-89 years,976,Diabetes mellitus type 2,1,Number,2023,295.46333678089087,326.8483811993676,264.91627453662187
5,Prevalence,177,Djibouti,3,Both,32,90-94 years,976,Diabetes mellitus type 2,1,Number,2023,85.6645886098118,95.81561767344962,74.9801228955479
5,Prevalence,177,Djibouti,3,Both,235,95+ years,976,Diabetes mellitus type 2,1,Number,2023,23.318183040363483,26.930656505209043,19.82115043773575
5,Prevalence,130,Mexico,3,Both,1,<5 years,976,Diabetes mellitus type 2,1,Number,2023,0.0,0.0,0.0
5,Prevalence,130,Mexico,3,Both,6,5-9 years,976,Diabetes mellitus type 2,1,Number,2023,0.0,0.0,0.0
5,Prevalence,130,Mexico,3,Both,7,10-14 years,976,Diabetes mellitus type 2,1,Number,2023,0.0,0.0,0.0
5,Prevalence,130,Mexico,3,Both,8,15-19 years,976,Diabetes mellitus type 2,1,Number,2023,167040.3692984585,216079.29154117836,130119.91668625885
5,Prevalence,130,Mexico,3,Both,9,20-24 years,976,Diabetes mellitus type 2,1,Number,2023,323377.4661905123,398935.96464811184,260572.64639244255
5,Prevalence,130,Mexico,3,Both,10,25-29 years,976,Diabetes mellitus type 2,1,Number,2023,500777.5539743243,603107.1675144436,418835.0491648271
5,Prevalence,130,Mexico,3,Both,11,30-34 years,976,Diabetes mellitus type 2,1,Number,2023,727392.4286764549,880039.1064911798,608240.4163295589
5,Prevalence,130,Mexico,3,Both,12,35-39 years,976,Diabetes mellitus type 2,1,Number,2023,1035458.1613126796,1226036.2180072651,888263.2067558705
5,Prevalence,130,Mexico,3,Both,13,40-44 years,976,Diabetes mellitus type 2,1,Number,2023,1374347.0415805464,1614256.498816195,1171381.7594875616
5,Prevalence,130,Mexico,3,Both,14,45-49 years,976,Diabetes mellitus type 2,1,Number,2023,1726137.8981526082,1962848.853206064,1491646.634357459
5,Prevalence,130,Mexico,3,Both,15,50-54 years,976,Diabetes mellitus type 2,1,Number,2023,1970701.4013720248,2240581.630631957,1698162.5531375052
5,Prevalence,130,Mexico,3,Both,16,55-59 years,976,Diabetes mellitus type 2,1,Number,2023,2087907.779710012,2339475.617170224,1878504.11428128
5,Prevalence,130,Mexico,3,Both,17,60-64 years,976,Diabetes mellitus type 2,1,Number,2023,1981925.8550367476,2210795.838016802,1782490.8303412169
5,Prevalence,130,Mexico,3,Both,18,65-69 years,976,Diabetes mellitus type 2,1,Number,2023,1679041.0358841666,1855273.970218784,1518610.0061822534
5,Prevalence,130,Mexico,3,Both,19,70-74 years,976,Diabetes mellitus type 2,1,Number,2023,1226448.6221144977,1350925.718849211,1118412.2853572315
5,Prevalence,130,Mexico,3,Both,20,75-79 years,976,Diabetes mellitus type 2,1,Number,2023,818820.5785564623,899640.7642518618,743771.1449703292
5,Prevalence,130,Mexico,3,Both,30,80-84 years,976,Diabetes mellitus type 2,1,Number,2023,474634.3403010762,521459.9047160018,425752.2929822901
5,Prevalence,130,Mexico,3,Both,31,85-89 years,976,Diabetes mellitus type 2,1,Number,2023,230704.3873005559,258080.5246952416,202571.6664660753
5,Prevalence,130,Mexico,3,Both,32,90-94 years,976,Diabetes mellitus type 2,1,Number,2023,80229.49579989508,92147.7669947502,68614.18396326074
5,Prevalence,130,Mexico,3,Both,235,95+ years,976,Diabetes mellitus type 2,1,Number,2023,18224.5362759953,21496.762213707854,15019.88924055312
5,Prevalence,23,Kiribati,3,Both,1,<5 years,976,Diabetes mellitus type 2,1,Number,2023,0.0,0.0,0.0
5,Prevalence,23,Kiribati,3,Both,6,5-9 years,976,Diabetes mellitus type 2,1,Number,2023,0.0,0.0,0.0
5,Prevalence,23,Kiribati,3,Both,7,10-14 years,976,Diabetes mellitus type 2,1,Number,2023,0.0,0.0,0.0
5,Prevalence,23,Kiribati,3,Both,8,15-19 years,976,Diabetes mellitus type 2,1,Number,2023,172.9706980133893,219.705696699964,138.3254852539165
5,Prevalence,23,Kiribati,3,Both,9,20-24 years,976,Diabetes mellitus type 2,1,Number,2023,540.4841880383971,667.8743420539183,436.0320917639952
5,Prevalence,23,Kiribati,3,Both,10,25-29 years,976,Diabetes mellitus type 2,1,Number,2023,783.6605966314448,929.1779952186688,636.3966749480467
5,Prevalence,23,Kiribati,3,Both,11,30-34 years,976,Diabetes mellitus type 2,1,Number,2023,1009.4197685053308,1179.032687769232,846.9137695226639
5,Prevalence,23,Kiribati,3,Both,12,35-39 years,976,Diabetes mellitus type 2,1,Number,2023,1306.649128389506,1510.4307927499412,1142.4247703357762
5,Prevalence,23,Kiribati,3,Both,13,40-44 years,976,Diabetes mellitus type 2,1,Number,2023,1408.140676899935,1635.4047135212618,1206.858983897634
5,Prevalence,23,Kiribati,3,Both,14,45-49 years,976,Diabetes mellitus type 2,1,Number,2023,1549.908894033794,1752.228819483458,1374.5413323458747
5,Prevalence,23,Kiribati,3,Both,15,50-54 years,976,Diabetes mellitus type 2,1,Number,2023,1942.977839878493,2132.161821005768,1735.199047758224
5,Prevalence,23,Kiribati,3,Both,16,55-59 years,976,Diabetes mellitus type 2,1,Number,2023,2114.3094167236763,2287.7606415133027,1911.261993368574
5,Prevalence,23,Kiribati,3,Both,17,60-64 years,976,Diabetes mellitus type 2,1,Number,2023,1596.682517968143,1705.8834393073648,1467.717463772266
5,Prevalence,23,Kiribati,3,Both,18,65-69 years,976,Diabetes mellitus type 2,1,Number,2023,1034.374969417251,1103.487765303093,962.838769395452
5,Prevalence,23,Kiribati,3,Both,19,70-74 years,976,Diabetes mellitus type 2,1,Number,2023,563.5136284567865,602.6662877912191,526.096158876227
5,Prevalence,23,Kiribati,3,Both,20,75-79 years,976,Diabetes mellitus type 2,1,Number,2023,304.5559549772792,329.2151172271233,282.4270581294716
5,Prevalence,23,Kiribati,3,Both,30,80-84 years,976,Diabetes mellitus type 2,1,Number,2023,157.59843455463837,172.11274290617334,144.84769196978772
5,Prevalence,23,Kiribati,3,Both,31,85-89 years,976,Diabetes mellitus type 2,1,Number,2023,64.38839627103972,70.91078118598698,58.01971242789728
5,Prevalence,23,Kiribati,3,Both,32,90-94 years,976,Diabetes mellitus type 2,1,Number,2023,20.023665182731907,22.595924249368235,17.276581025184704
5,Prevalence,23,Kiribati,3,Both,235,95+ years,976,Diabetes mellitus type 2,1,Number,2023,6.28045112080131,7.322788124259433,5.227365952641124
5,Prevalence,57,Belarus,3,Both,1,<5 years,976,Diabetes mellitus type 2,1,Number,2023,0.0,0.0,0.0
5,Prevalence,57,Belarus,3,Both,6,5-9 years,976,Diabetes mellitus type 2,1,Number,2023,0.0,0.0,0.0
5,Prevalence,57,Belarus,3,Both,7,10-14 years,976,Diabetes mellitus type 2,1,Number,2023,0.0,0.0,0.0
5,Prevalence,57,Belarus,3,Both,8,15-19 years,976,Diabetes mellitus type 2,1,Number,2023,1456.8374577991883,2048.275039365312,811.9028220024417
5,Prevalence,57,Belarus,3,Both,9,20-24 years,976,Diabetes mellitus type 2,1,Number,2023,2936.2119778936776,3744.9567119167614,2212.55918843042
5,Prevalence,57,Belarus,3,Both,10,25-29 years,976,Diabetes mellitus type 2,1,Number,2023,5046.928554103434,6190.023727116784,4033.5175755927
5,Prevalence,57,Belarus,3,Both,11,30-34 years,976,Diabetes mellitus type 2,1,Number,2023,10428.471379298488,12316.931823792778,8454.300446495505
5,Prevalence,57,Belarus,3,Both,12,35-39 years,976,Diabetes mellitus type 2,1,Number,2023,18461.92910819507,21830.59240113033,15742.881322492449
5,Prevalence,57,Belarus,3,Both,13,40-44 years,976,Diabetes mellitus type 2,1,Number,2023,24839.795145309483,29205.887523543675,20820.6433508846
5,Prevalence,57,Belarus,3,Both,14,45-49 years,976,Diabetes mellitus type 2,1,Number,2023,33832.10526604392,39311.90531054955,29436.626911503485
5,Prevalence,57,Belarus,3,Both,15,50-54 years,976,Diabetes mellitus type 2,1,Number,2023,46631.67243085155,54127.59177376299,41156.454214131416
5,Prevalence,57,Belarus,3,Both,16,55-59 years,976,Diabetes mellitus type 2,1,Number,2023,65114.851605822296,73569.03896411735,57024.44934730864
5,Prevalence,57,Belarus,3,Both,17,60-64 years,976,Diabetes mellitus type 2,1,Number,2023,96793.56335495594,109529.93997885309,85539.91275844784
5,Prevalence,57,Belarus,3,Both,18,65-69 years,976,Diabetes mellitus type 2,1,Number,2023,99736.95867591289,111833.13974307952,88600.24422329813
5,Prevalence,57,Belarus,3,Both,19,70-74 years,976,Diabetes mellitus type 2,1,Number,2023,84935.70274061573,94589.44761626038,77072.57013991234
5,Prevalence,57,Belarus,3,Both,20,75-79 years,976,Diabetes mellitus type 2,1,Number,2023,44875.54048366931,49800.2692082076,40515.5581092152
5,Prevalence,57,Belarus,3,Both,30,80-84 years,976,Diabetes mellitus type 2,1,Number,2023,34255.57177965147,38443.63515187368,30757.21492001255
5,Prevalence,57,Belarus,3,Both,31,85-89 years,976,Diabetes mellitus type 2,1,Number,2023,20375.561301994767,22967.127938027512,18061.754793024626
5,Prevalence,57,Belarus,3,Both,32,90-94 years,976,Diabetes mellitus type 2,1,Number,2023,6812.224768780021,7684.030882195302,6048.676420503149
5,Prevalence,95,United Kingdom,3,Both,1,<5 years,976,Diabetes mellitus type 2,1,Number,2023,0.0,0.0,0.0
5,Prevalence,95,United Kingdom,3,Both,6,5-9 years,976,Diabetes mellitus type 2,1,Number,2023,0.0,0.0,0.0
5,Prevalence,95,United Kingdom,3,Both,7,10-14 years,976,Diabetes mellitus type 2,1,Number,2023,0.0,0.0,0.0
5,Prevalence,95,United Kingdom,3,Both,8,15-19 years,976,Diabetes mellitus type 2,1,Number,2023,13019.318142070417,24306.12579034636,2501.0501818150187
5,Prevalence,95,United Kingdom,3,Both,9,20-24 years,976,Diabetes mellitus type 2,1,Number,2023,40768.519117369295,56921.09808417338,25853.067925108964
5,Prevalence,95,United Kingdom,3,Both,10,25-29 years,976,Diabetes mellitus type 2,1,Number,2023,88268.55327916364,118119.80546322154,64747.18628030567
5,Prevalence,95,United Kingdom,3,Both,11,30-34 years,976,Diabetes mellitus type 2,1,Number,2023,154943.44602998602,193513.93792916075,120488.64997597334
5,Prevalence,95,United Kingdom,3,Both,12,35-39 years,976,Diabetes mellitus type 2,1,Number,2023,225514.3278473603,270243.77260912705,185523.08129079491
5,Prevalence,95,United Kingdom,3,Both,13,40-44 years,976,Diabetes mellitus type 2,1,Number,2023,299003.2568098364,348525.01451893226,249887.0559883561
5,Prevalence,95,United Kingdom,3,Both,14,45-49 years,976,Diabetes mellitus type 2,1,Number,2023,357096.44571209914,402710.0026524416,307295.8302344295
5,Prevalence,95,United Kingdom,3,Both,15,50-54 years,976,Diabetes mellitus type 2,1,Number,2023,496246.1992270856,558359.1519705793,428733.6178046832
5,Prevalence,95,United Kingdom,3,Both,16,55-59 years,976,Diabetes mellitus type 2,1,Number,2023,609706.9359590217,678113.568429383,538592.3573168088
5,Prevalence,95,United Kingdom,3,Both,17,60-64 years,976,Diabetes mellitus type 2,1,Number,2023,650927.0191083223,727136.795236283,578041.6431061169
5,Prevalence,95,United Kingdom,3,Both,18,65-69 years,976,Diabetes mellitus type 2,1,Number,2023,625089.3185337314,687619.8705909367,560611.6170853644
5,Prevalence,95,United Kingdom,3,Both,19,70-74 years,976,Diabetes mellitus type 2,1,Number,2023,623240.3555879426,687011.801004232,562363.0189048956
5,Prevalence,95,United Kingdom,3,Both,20,75-79 years,976,Diabetes mellitus type 2,1,Number,2023,575103.4226644831,634830.8002533449,519630.9929060573
5,Prevalence,95,United Kingdom,3,Both,30,80-84 years,976,Diabetes mellitus type 2,1,Number,2023,353179.46332157764,393645.29250136594,319830.4115452139
5,Prevalence,95,United Kingdom,3,Both,31,85-89 years,976,Diabetes mellitus type 2,1,Number,2023,204567.59952635225,227473.0851765033,185022.22896310012
5,Prevalence,95,United Kingdom,3,Both,32,90-94 years,976,Diabetes mellitus type 2,1,Number,2023,88008.46426166543,97910.79658376832,79417.32446947928
5,Prevalence,95,United Kingdom,3,Both,235,95+ years,976,Diabetes mellitus type 2,1,Number,2023,21159.29844916584,23736.48941776336,18677.618575703644
5,Prevalence,48,Hungary,3,Both,1,<5 years,976,Diabetes mellitus type 2,1,Number,2023,0.0,0.0,0.0
5,Prevalence,48,Hungary,3,Both,6,5-9 years,976,Diabetes mellitus type 2,1,Number,2023,0.0,0.0,0.0
5,Prevalence,48,Hungary,3,Both,7,10-14 years,976,Diabetes mellitus type 2,1,Number,2023,0.0,0.0,0.0
5,Prevalence,48,Hungary,3,Both,8,15-19 years,976,Diabetes mellitus type 2,1,Number,2023,281.8304436823586,904.0286811208368,0.0
5,Prevalence,48,Hungary,3,Both,9,20-24 years,976,Diabetes mellitus type 2,1,Number,2023,978.561253337394,1661.7822011523097,330.2387614209024
5,Prevalence,48,Hungary,3,Both,10,25-29 years,976,Diabetes mellitus type 2,1,Number,2023,2114.083745862651,3030.260059025904,1337.4197681846294
5,Prevalence,48,Hungary,3,Both,11,30-34 years,976,Diabetes mellitus type 2,1,Number,2023,3700.406958579791,4874.4616174846,2613.771037661046
5,Prevalence,48,Hungary,3,Both,12,35-39 years,976,Diabetes mellitus type 2,1,Number,2023,6335.988625121084,7652.439792984933,4827.513982082108
5,Prevalence,48,Hungary,3,Both,13,40-44 years,976,Diabetes mellitus type 2,1,Number,2023,13030.600360944569,15954.464642464958,10415.508239799992
5,Prevalence,48,Hungary,3,Both,14,45-49 years,976,Diabetes mellitus type 2,1,Number,2023,27293.147012797304,32434.589659140936,22199.26916301104
5,Prevalence,48,Hungary,3,Both,15,50-54 years,976,Diabetes mellitus type 2,1,Number,2023,39536.813357137966,46825.21151197411,32934.67808941213
5,Prevalence,48,Hungary,3,Both,16,55-59 years,976,Diabetes mellitus type 2,1,Number,2023,59991.89221018784,67015.62308188278,48686.29588664736
5,Prevalence,48,Hungary,3,Both,17,60-64 years,976,Diabetes mellitus type 2,1,Number,2023,86728.44497539006,99297.24841805472,70156.64109316547
5,Prevalence,48,Hungary,3,Both,18,65-69 years,976,Diabetes mellitus type 2,1,Number,2023,126423.7054408831,144764.42806999307,106475.57057290814
5,Prevalence,48,Hungary,3,Both,19,70-74 years,976,Diabetes mellitus type 2,1,Number,2023,115049.00971590469,130053.36067057264,101674.44182598236
5,Prevalence,48,Hungary,3,Both,20,75-79 years,976,Diabetes mellitus type 2,1,Number,2023,83321.33486696189,93281.4096128412,75160.01817313867
5,Prevalence,48,Hungary,3,Both,30,80-84 years,976,Diabetes mellitus type 2,1,Number,2023,52760.76543972757,58807.57516298734,47767.395991594254
5,Prevalence,48,Hungary,3,Both,31,85-89 years,976,Diabetes mellitus type 2,1,Number,2023,24287.802240931247,27172.5497293294,21817.54733579226
5,Prevalence,48,Hungary,3,Both,32,90-94 years,976,Diabetes mellitus type 2,1,Number,2023,8412.003031383321,9559.95614219014,7420.157126580606
5,Prevalence,48,Hungary,3,Both,235,95+ years,976,Diabetes mellitus type 2,1,Number,2023,1642.4249955959006,1890.9364930161053,1436.72192330724
5,Prevalence,93,Sweden,3,Both,1,<5 years,976,Diabetes mellitus type 2,1,Number,2023,0.0,0.0,0.0
5,Prevalence,93,Sweden,3,Both,6,5-9 years,976,Diabetes mellitus type 2,1,Number,2023,0.0,0.0,0.0
5,Prevalence,93,Sweden,3,Both,7,10-14 years,976,Diabetes mellitus type 2,1,Number,2023,0.0,0.0,0.0
5,Prevalence,93,Sweden,3,Both,8,15-19 years,976,Diabetes mellitus type 2,1,Number,2023,662.4796130692459,1886.838032798255,0.0
5,Prevalence,93,Sweden,3,Both,9,20-24 years,976,Diabetes mellitus type 2,1,Number,2023,3531.0502500293023,5705.929291878472,1653.9241289807014
5,Prevalence,93,Sweden,3,Both,10,25-29 years,976,Diabetes mellitus type 2,1,Number,2023,10327.10157991469,13852.1993425661,7326.042567496026
5,Prevalence,93,Sweden,3,Both,11,30-34 years,976,Diabetes mellitus type 2,1,Number,2023,23130.02811947521,28307.421416565347,18164.30161849193
5,Prevalence,93,Sweden,3,Both,12,35-39 years,976,Diabetes mellitus type 2,1,Number,2023,31633.87200707869,37550.18993905993,26140.946527066888
5,Prevalence,93,Sweden,3,Both,13,40-44 years,976,Diabetes mellitus type 2,1,Number,2023,38751.41812631495,45173.690991665215,32459.098348963053
5,Prevalence,93,Sweden,3,Both,14,45-49 years,976,Diabetes mellitus type 2,1,Number,2023,47899.940826309394,56241.35192619293,41326.73624852362
5,Prevalence,93,Sweden,3,Both,15,50-54 years,976,Diabetes mellitus type 2,1,Number,2023,60171.295342884645,69675.08274774409,53648.9736075418
5,Prevalence,93,Sweden,3,Both,16,55-59 years,976,Diabetes mellitus type 2,1,Number,2023,76459.3571711637,86700.04300339909,68507.19449111918
5,Prevalence,93,Sweden,3,Both,17,60-64 years,976,Diabetes mellitus type 2,1,Number,2023,80017.40863685758,88885.81237857125,71491.81796212784
5,Prevalence,93,Sweden,3,Both,18,65-69 years,976,Diabetes mellitus type 2,1,Number,2023,87789.57494994884,96226.87264344364,79137.91246056792
5,Prevalence,93,Sweden,3,Both,19,70-74 years,976,Diabetes mellitus type 2,1,Number,2023,94711.91385998738,104024.70429406024,86819.63381298567
5,Prevalence,93,Sweden,3,Both,20,75-79 years,976,Diabetes mellitus type 2,1,Number,2023,97808.08613577462,108308.36923781956,89459.7505178274
5,Prevalence,93,Sweden,3,Both,30,80-84 years,976,Diabetes mellitus type 2,1,Number,2023,62576.01137913679,68966.91860225899,57270.82098544478
5,Prevalence,93,Sweden,3,Both,31,85-89 years,976,Diabetes mellitus type 2,1,Number,2023,31816.981720296637,35555.57078216362,28948.686461164238
5,Prevalence,93,Sweden,3,Both,32,90-94 years,976,Diabetes mellitus type 2,1,Number,2023,12152.422819876936,13670.65929833296,10871.075099768452
5,Prevalence,93,Sweden,3,Both,235,95+ years,976,Diabetes mellitus type 2,1,Number,2023,2989.7693855580496,3516.478518861846,2610.264852120144
5,Prevalence,396,San Marino,3,Both,1,<5 years,976,Diabetes mellitus type 2,1,Number,2023,0.0,0.0,0.0
5,Prevalence,396,San Marino,3,Both,6,5-9 years,976,Diabetes mellitus type 2,1,Number,2023,0.0,0.0,0.0
5,Prevalence,396,San Marino,3,Both,7,10-14 years,976,Diabetes mellitus type 2,1,Number,2023,0.0,0.0,0.0
5,Prevalence,396,San Marino,3,Both,8,15-19 years,976,Diabetes mellitus type 2,1,Number,2023,3.02649115117944,6.762537294855061,0.0
5,Prevalence,396,San Marino,3,Both,9,20-24 years,976,Diabetes mellitus type 2,1,Number,2023,12.324648480210154,17.67296694907561,7.225799165936837
5,Prevalence,396,San Marino,3,Both,10,25-29 years,976,Diabetes mellitus type 2,1,Number,2023,24.731341126715584,32.462921826913266,17.944075840768644
5,Prevalence,396,San Marino,3,Both,11,30-34 years,976,Diabetes mellitus type 2,1,Number,2023,40.170992440232105,49.734278663165554,31.61218004824688
5,Prevalence,396,San Marino,3,Both,12,35-39 years,976,Diabetes mellitus type 2,1,Number,2023,62.9361512432693,75.21794382670599,51.38234640406535
5,Prevalence,396,San Marino,3,Both,13,40-44 years,976,Diabetes mellitus type 2,1,Number,2023,101.44024169137523,119.69731904071392,82.60263892421973
5,Prevalence,396,San Marino,3,Both,14,45-49 years,976,Diabetes mellitus type 2,1,Number,2023,167.21599433806455,195.49648199067025,137.8006475693292
5,Prevalence,396,San Marino,3,Both,15,50-54 years,976,Diabetes mellitus type 2,1,Number,2023,240.8060154113447,278.24726128649274,200.58374720063424
5,Prevalence,396,San Marino,3,Both,16,55-59 years,976,Diabetes mellitus type 2,1,Number,2023,313.48979272692355,361.2128734492171,271.54172602496294
5,Prevalence,396,San Marino,3,Both,17,60-64 years,976,Diabetes mellitus type 2,1,Number,2023,332.3162704279792,378.3709385550101,293.2046674020312
5,Prevalence,396,San Marino,3,Both,18,65-69 years,976,Diabetes mellitus type 2,1,Number,2023,296.0816093712761,334.9853082013577,266.54423978374666
5,Prevalence,396,San Marino,3,Both,19,70-74 years,976,Diabetes mellitus type 2,1,Number,2023,287.9202539365031,323.82278877697576,260.2424547501634
5,Prevalence,396,San Marino,3,Both,20,75-79 years,976,Diabetes mellitus type 2,1,Number,2023,251.2719652279839,283.2999497820716,226.6840987206801
5,Prevalence,396,San Marino,3,Both,30,80-84 years,976,Diabetes mellitus type 2,1,Number,2023,181.19058815786903,203.58368375535397,161.13216039469347
5,Prevalence,396,San Marino,3,Both,31,85-89 years,976,Diabetes mellitus type 2,1,Number,2023,110.81277167181806,124.64074509052958,98.6786194720565
5,Prevalence,396,San Marino,3,Both,32,90-94 years,976,Diabetes mellitus type 2,1,Number,2023,44.66545682011896,50.3963626328441,39.223253666463485
5,Prevalence,396,San Marino,3,Both,235,95+ years,976,Diabetes mellitus type 2,1,Number,2023,8.39364857163619,9.937474920644076,7.25150591760684
5,Prevalence,212,Mauritania,3,Both,1,<5 years,976,Diabetes mellitus type 2,1,Number,2023,0.0,0.0,0.0
5,Prevalence,212,Mauritania,3,Both,6,5-9 years,976,Diabetes mellitus type 2,1,Number,2023,0.0,0.0,0.0
5,Prevalence,212,Mauritania,3,Both,7,10-14 years,976,Diabetes mellitus type 2,1,Number,2023,0.0,0.0,0.0
5,Prevalence,212,Mauritania,3,Both,8,15-19 years,976,Diabetes mellitus type 2,1,Number,2023,8729.391094393888,10808.94754723226,7023.937404097303
5,Prevalence,212,Mauritania,3,Both,9,20-24 years,976,Diabetes mellitus type 2,1,Number,2023,12165.95161025879,14677.41734256189,9970.93634844031
5,Prevalence,212,Mauritania,3,Both,10,25-29 years,976,Diabetes mellitus type 2,1,Number,2023,13663.024477933212,16070.945077304685,11237.61722084292
5,Prevalence,212,Mauritania,3,Both,11,30-34 years,976,Diabetes mellitus type 2,1,Number,2023,13994.191468903957,16554.620076723724,11667.121680287448
5,Prevalence,212,Mauritania,3,Both,12,35-39 years,976,Diabetes mellitus type 2,1,Number,2023,14307.868325629282,16827.51927210199,12294.20866197368
5,Prevalence,212,Mauritania,3,Both,13,40-44 years,976,Diabetes mellitus type 2,1,Number,2023,14337.099483535334,16563.285280591685,12075.315545833557
5,Prevalence,212,Mauritania,3,Both,14,45-49 years,976,Diabetes mellitus type 2,1,Number,2023,14134.950151301067,16175.708658953952,11839.448595615671
5,Prevalence,212,Mauritania,3,Both,15,50-54 years,976,Diabetes mellitus type 2,1,Number,2023,13948.322827022235,16173.85677887848,11684.603013721082
5,Prevalence,212,Mauritania,3,Both,16,55-59 years,976,Diabetes mellitus type 2,1,Number,2023,14020.247359637398,16166.996185994052,12011.97084446948
5,Prevalence,212,Mauritania,3,Both,17,60-64 years,976,Diabetes mellitus type 2,1,Number,2023,14358.918874448327,16652.83312973979,12115.652106417603
5,Prevalence,212,Mauritania,3,Both,18,65-69 years,976,Diabetes mellitus type 2,1,Number,2023,13956.424526637566,16215.011883235142,12028.107718907482
5,Prevalence,212,Mauritania,3,Both,19,70-74 years,976,Diabetes mellitus type 2,1,Number,2023,11611.571881999866,13088.184124239271,10247.429631344869
5,Prevalence,212,Mauritania,3,Both,20,75-79 years,976,Diabetes mellitus type 2,1,Number,2023,7722.361037582536,8777.578270348007,6855.890129932139
5,Prevalence,212,Mauritania,3,Both,30,80-84 years,976,Diabetes mellitus type 2,1,Number,2023,4165.577936613882,4687.624157361924,3685.6287314141455
5,Prevalence,212,Mauritania,3,Both,31,85-89 years,976,Diabetes mellitus type 2,1,Number,2023,1800.5762188767446,2043.7488993837544,1572.2379123027138
5,Prevalence,212,Mauritania,3,Both,32,90-94 years,976,Diabetes mellitus type 2,1,Number,2023,561.4710247964355,647.1330470758006,475.669787155033
5,Prevalence,212,Mauritania,3,Both,235,95+ years,976,Diabetes mellitus type 2,1,Number,2023,175.10194782012417,209.4848679760559,141.03579907829865
5,Prevalence,57,Belarus,3,Both,235,95+ years,976,Diabetes mellitus type 2,1,Number,2023,1456.704277208759,1659.4824897614822,1295.834608805622
5,Prevalence,141,Egypt,3,Both,1,<5 years,976,Diabetes mellitus type 2,1,Number,2023,0.0,0.0,0.0
5,Prevalence,141,Egypt,3,Both,6,5-9 years,976,Diabetes mellitus type 2,1,Number,2023,0.0,0.0,0.0
5,Prevalence,141,Egypt,3,Both,7,10-14 years,976,Diabetes mellitus type 2,1,Number,2023,0.0,0.0,0.0
5,Prevalence,141,Egypt,3,Both,8,15-19 years,976,Diabetes mellitus type 2,1,Number,2023,104037.47006152084,137223.77964706748,76688.30088893889
5,Prevalence,141,Egypt,3,Both,9,20-24 years,976,Diabetes mellitus type 2,1,Number,2023,372511.2246387096,464446.7775803857,291835.92395355314
5,Prevalence,141,Egypt,3,Both,10,25-29 years,976,Diabetes mellitus type 2,1,Number,2023,557677.6165320772,671528.5188239692,445867.737846576
5,Prevalence,141,Egypt,3,Both,11,30-34 years,976,Diabetes mellitus type 2,1,Number,2023,721040.0929810476,867773.8868989622,588266.9967858378
5,Prevalence,141,Egypt,3,Both,12,35-39 years,976,Diabetes mellitus type 2,1,Number,2023,1006412.1709089444,1198326.8100545208,831006.1194987096
5,Prevalence,141,Egypt,3,Both,13,40-44 years,976,Diabetes mellitus type 2,1,Number,2023,1249443.449280925,1463383.5632360573,1039724.4063246646
5,Prevalence,141,Egypt,3,Both,14,45-49 years,976,Diabetes mellitus type 2,1,Number,2023,1389399.3558051237,1562683.755287815,1222642.3425053137
5,Prevalence,141,Egypt,3,Both,15,50-54 years,976,Diabetes mellitus type 2,1,Number,2023,1507997.8004188675,1675599.2248202185,1334716.9194031835
5,Prevalence,141,Egypt,3,Both,16,55-59 years,976,Diabetes mellitus type 2,1,Number,2023,1581638.6950165443,1752092.7116345975,1409871.4822408855
5,Prevalence,141,Egypt,3,Both,17,60-64 years,976,Diabetes mellitus type 2,1,Number,2023,1389171.7473135795,1521320.7499201477,1263426.7217138032
5,Prevalence,141,Egypt,3,Both,18,65-69 years,976,Diabetes mellitus type 2,1,Number,2023,1049003.5506153055,1148752.2268625377,961799.9427898588
5,Prevalence,141,Egypt,3,Both,19,70-74 years,976,Diabetes mellitus type 2,1,Number,2023,652761.1366976873,715072.8472527685,600787.6366954973
5,Prevalence,141,Egypt,3,Both,20,75-79 years,976,Diabetes mellitus type 2,1,Number,2023,313981.6976032352,343889.50796420424,288983.3875768555
5,Prevalence,141,Egypt,3,Both,30,80-84 years,976,Diabetes mellitus type 2,1,Number,2023,143644.64966391443,157221.76520854217,131637.84534012986
5,Prevalence,141,Egypt,3,Both,31,85-89 years,976,Diabetes mellitus type 2,1,Number,2023,52383.16772520582,57590.244989561965,47282.72120135983
5,Prevalence,141,Egypt,3,Both,32,90-94 years,976,Diabetes mellitus type 2,1,Number,2023,12541.61196569448,13914.559256428813,11090.06910129367
5,Prevalence,141,Egypt,3,Both,235,95+ years,976,Diabetes mellitus type 2,1,Number,2023,1741.1326024444934,1983.082926727004,1490.58124772481
5,Prevalence,201,Burkina Faso,3,Both,1,<5 years,976,Diabetes mellitus type 2,1,Number,2023,0.0,0.0,0.0
5,Prevalence,201,Burkina Faso,3,Both,6,5-9 years,976,Diabetes mellitus type 2,1,Number,2023,0.0,0.0,0.0
5,Prevalence,201,Burkina Faso,3,Both,7,10-14 years,976,Diabetes mellitus type 2,1,Number,2023,0.0,0.0,0.0
5,Prevalence,201,Burkina Faso,3,Both,8,15-19 years,976,Diabetes mellitus type 2,1,Number,2023,16299.457028898982,19754.3596356454,13421.698559056202
5,Prevalence,201,Burkina Faso,3,Both,9,20-24 years,976,Diabetes mellitus type 2,1,Number,2023,21179.66162057479,25453.7465782173,17944.46521035739
5,Prevalence,201,Burkina Faso,3,Both,10,25-29 years,976,Diabetes mellitus type 2,1,Number,2023,23612.66165096525,27869.225917442403,19907.867598092267
5,Prevalence,201,Burkina Faso,3,Both,11,30-34 years,976,Diabetes mellitus type 2,1,Number,2023,26048.706782623267,30069.705286098382,22377.31462843569
5,Prevalence,201,Burkina Faso,3,Both,12,35-39 years,976,Diabetes mellitus type 2,1,Number,2023,28466.3104906395,32196.362028530613,24923.3748868258
5,Prevalence,201,Burkina Faso,3,Both,13,40-44 years,976,Diabetes mellitus type 2,1,Number,2023,28162.292182075613,31806.752585187576,24354.95620090253
5,Prevalence,201,Burkina Faso,3,Both,14,45-49 years,976,Diabetes mellitus type 2,1,Number,2023,26429.07030969573,29733.67030739022,22748.61773852978
5,Prevalence,201,Burkina Faso,3,Both,15,50-54 years,976,Diabetes mellitus type 2,1,Number,2023,25638.095359005023,29001.417371757783,22109.001584259244
5,Prevalence,201,Burkina Faso,3,Both,16,55-59 years,976,Diabetes mellitus type 2,1,Number,2023,24966.197998471467,28666.55180805891,21377.64250262663
5,Prevalence,201,Burkina Faso,3,Both,17,60-64 years,976,Diabetes mellitus type 2,1,Number,2023,24963.19774086109,29034.14574442837,21365.78789608361
5,Prevalence,201,Burkina Faso,3,Both,18,65-69 years,976,Diabetes mellitus type 2,1,Number,2023,26900.164337423277,29792.849024029503,23795.3879642891
5,Prevalence,201,Burkina Faso,3,Both,19,70-74 years,976,Diabetes mellitus type 2,1,Number,2023,26530.68873042261,29079.376968867084,24376.43260260273
5,Prevalence,201,Burkina Faso,3,Both,20,75-79 years,976,Diabetes mellitus type 2,1,Number,2023,19772.109059655075,21822.532023171592,18253.816987152342
5,Prevalence,201,Burkina Faso,3,Both,30,80-84 years,976,Diabetes mellitus type 2,1,Number,2023,10674.432417339623,11776.573127727,9777.646263720955
5,Prevalence,201,Burkina Faso,3,Both,31,85-89 years,976,Diabetes mellitus type 2,1,Number,2023,4271.825735827099,4722.290089952858,3796.7360258312974
5,Prevalence,201,Burkina Faso,3,Both,32,90-94 years,976,Diabetes mellitus type 2,1,Number,2023,1273.3377267475107,1441.9607560654476,1106.7086424611753
5,Prevalence,201,Burkina Faso,3,Both,235,95+ years,976,Diabetes mellitus type 2,1,Number,2023,385.9117501468964,446.8376377717206,326.9978884995532
5,Prevalence,142,Iran (Islamic Republic of),3,Both,1,<5 years,976,Diabetes mellitus type 2,1,Number,2023,0.0,0.0,0.0
5,Prevalence,142,Iran (Islamic Republic of),3,Both,6,5-9 years,976,Diabetes mellitus type 2,1,Number,2023,0.0,0.0,0.0
5,Prevalence,142,Iran (Islamic Republic of),3,Both,7,10-14 years,976,Diabetes mellitus type 2,1,Number,2023,0.0,0.0,0.0
5,Prevalence,142,Iran (Islamic Republic of),3,Both,8,15-19 years,976,Diabetes mellitus type 2,1,Number,2023,39872.80693041955,55183.32969603088,28220.879935851983
5,Prevalence,142,Iran (Islamic Republic of),3,Both,9,20-24 years,976,Diabetes mellitus type 2,1,Number,2023,124349.56686018738,159752.90720922087,94223.60578189389
5,Prevalence,142,Iran (Islamic Republic of),3,Both,10,25-29 years,976,Diabetes mellitus type 2,1,Number,2023,237016.90212124464,298368.7136263869,188865.42992394
5,Prevalence,142,Iran (Islamic Republic of),3,Both,11,30-34 years,976,Diabetes mellitus type 2,1,Number,2023,433114.853552605,535648.1145207051,353117.0691389458
5,Prevalence,142,Iran (Islamic Republic of),3,Both,12,35-39 years,976,Diabetes mellitus type 2,1,Number,2023,715279.4951137373,863803.8253159797,600848.801975823
5,Prevalence,142,Iran (Islamic Republic of),3,Both,13,40-44 years,976,Diabetes mellitus type 2,1,Number,2023,869635.1181072809,1038748.9936394048,726943.1163651646
5,Prevalence,142,Iran (Islamic Republic of),3,Both,14,45-49 years,976,Diabetes mellitus type 2,1,Number,2023,855404.7710964838,987397.4807772044,728283.5200095619
5,Prevalence,142,Iran (Islamic Republic of),3,Both,15,50-54 years,976,Diabetes mellitus type 2,1,Number,2023,973069.4091115404,1113666.4161028245,821983.9563211339
5,Prevalence,142,Iran (Islamic Republic of),3,Both,16,55-59 years,976,Diabetes mellitus type 2,1,Number,2023,945715.6660547032,1074171.7582213294,829607.4955695025
5,Prevalence,142,Iran (Islamic Republic of),3,Both,17,60-64 years,976,Diabetes mellitus type 2,1,Number,2023,876367.5310108617,978579.0672603304,781934.7904338692
5,Prevalence,142,Iran (Islamic Republic of),3,Both,18,65-69 years,976,Diabetes mellitus type 2,1,Number,2023,739692.4382024944,827292.1761007234,658995.9437417627
5,Prevalence,142,Iran (Islamic Republic of),3,Both,19,70-74 years,976,Diabetes mellitus type 2,1,Number,2023,480117.2265913681,535247.8554464998,426829.1465567943
5,Prevalence,142,Iran (Islamic Republic of),3,Both,20,75-79 years,976,Diabetes mellitus type 2,1,Number,2023,292950.8566014257,326771.20118722814,259269.72321574268
5,Prevalence,142,Iran (Islamic Republic of),3,Both,30,80-84 years,976,Diabetes mellitus type 2,1,Number,2023,148214.8712598307,166667.2531742307,131011.2854904126
5,Prevalence,142,Iran (Islamic Republic of),3,Both,31,85-89 years,976,Diabetes mellitus type 2,1,Number,2023,67761.40567780384,77076.92680757589,58946.19403377661
5,Prevalence,142,Iran (Islamic Republic of),3,Both,32,90-94 years,976,Diabetes mellitus type 2,1,Number,2023,19930.499113873047,22772.74681964341,16982.7015830209
5,Prevalence,142,Iran (Islamic Republic of),3,Both,235,95+ years,976,Diabetes mellitus type 2,1,Number,2023,4464.1367616667485,5222.28703864291,3746.5385952051074
5,Prevalence,36,Kazakhstan,3,Both,1,<5 years,976,Diabetes mellitus type 2,1,Number,2023,0.0,0.0,0.0
5,Prevalence,36,Kazakhstan,3,Both,6,5-9 years,976,Diabetes mellitus type 2,1,Number,2023,0.0,0.0,0.0
5,Prevalence,36,Kazakhstan,3,Both,7,10-14 years,976,Diabetes mellitus type 2,1,Number,2023,0.0,0.0,0.0
5,Prevalence,36,Kazakhstan,3,Both,8,15-19 years,976,Diabetes mellitus type 2,1,Number,2023,15558.484087397856,20013.51781323529,12145.628820890155
5,Prevalence,36,Kazakhstan,3,Both,9,20-24 years,976,Diabetes mellitus type 2,1,Number,2023,19866.98192947876,23862.82858936047,16170.863560156871
5,Prevalence,36,Kazakhstan,3,Both,10,25-29 years,976,Diabetes mellitus type 2,1,Number,2023,28720.528021482707,33919.45056840911,24059.89894488582
5,Prevalence,36,Kazakhstan,3,Both,11,30-34 years,976,Diabetes mellitus type 2,1,Number,2023,44005.1615867835,51880.382063139004,37318.98679349611
5,Prevalence,36,Kazakhstan,3,Both,12,35-39 years,976,Diabetes mellitus type 2,1,Number,2023,58121.24127234324,65959.44967384436,50012.07657730464
5,Prevalence,36,Kazakhstan,3,Both,13,40-44 years,976,Diabetes mellitus type 2,1,Number,2023,65884.92469633486,75308.8971643357,56856.70080499022
5,Prevalence,36,Kazakhstan,3,Both,14,45-49 years,976,Diabetes mellitus type 2,1,Number,2023,83866.8788292086,95368.59052021187,72730.0391271267
5,Prevalence,36,Kazakhstan,3,Both,15,50-54 years,976,Diabetes mellitus type 2,1,Number,2023,107042.4170623782,121182.14442141296,94278.3427774296
5,Prevalence,36,Kazakhstan,3,Both,16,55-59 years,976,Diabetes mellitus type 2,1,Number,2023,136805.88727271208,152131.28350414714,123051.5361819273
5,Prevalence,36,Kazakhstan,3,Both,17,60-64 years,976,Diabetes mellitus type 2,1,Number,2023,177671.52625326312,195911.2181321633,154681.44407584507
5,Prevalence,36,Kazakhstan,3,Both,18,65-69 years,976,Diabetes mellitus type 2,1,Number,2023,147885.16125895872,164089.36738893556,128063.83705001028
5,Prevalence,36,Kazakhstan,3,Both,19,70-74 years,976,Diabetes mellitus type 2,1,Number,2023,113889.5415141707,126068.8924236338,99697.8686203986
5,Prevalence,36,Kazakhstan,3,Both,20,75-79 years,976,Diabetes mellitus type 2,1,Number,2023,50085.20888392299,55148.60709387825,44269.04889270238
5,Prevalence,36,Kazakhstan,3,Both,30,80-84 years,976,Diabetes mellitus type 2,1,Number,2023,42497.56958338396,46757.56413000834,37645.55576134193
5,Prevalence,36,Kazakhstan,3,Both,31,85-89 years,976,Diabetes mellitus type 2,1,Number,2023,15912.539617533048,17544.97974259268,13981.92994786464
5,Prevalence,36,Kazakhstan,3,Both,32,90-94 years,976,Diabetes mellitus type 2,1,Number,2023,3557.442330509823,3962.2705210886015,3091.2621509855417
5,Prevalence,36,Kazakhstan,3,Both,235,95+ years,976,Diabetes mellitus type 2,1,Number,2023,998.2141365031764,1128.0250664694954,863.3915134300577
5,Prevalence,153,Syrian Arab Republic,3,Both,1,<5 years,976,Diabetes mellitus type 2,1,Number,2023,0.0,0.0,0.0
5,Prevalence,153,Syrian Arab Republic,3,Both,6,5-9 years,976,Diabetes mellitus type 2,1,Number,2023,0.0,0.0,0.0
5,Prevalence,153,Syrian Arab Republic,3,Both,7,10-14 years,976,Diabetes mellitus type 2,1,Number,2023,0.0,0.0,0.0
5,Prevalence,153,Syrian Arab Republic,3,Both,8,15-19 years,976,Diabetes mellitus type 2,1,Number,2023,24254.36809775118,31457.865161132875,18416.148471815424
5,Prevalence,153,Syrian Arab Republic,3,Both,9,20-24 years,976,Diabetes mellitus type 2,1,Number,2023,76896.71714891317,97144.25647740808,60361.39799331554
5,Prevalence,153,Syrian Arab Republic,3,Both,10,25-29 years,976,Diabetes mellitus type 2,1,Number,2023,62319.5143619689,76826.87913634832,50441.16250283789
5,Prevalence,153,Syrian Arab Republic,3,Both,11,30-34 years,976,Diabetes mellitus type 2,1,Number,2023,66413.59029463366,79884.37670743503,54956.4570748527
5,Prevalence,153,Syrian Arab Republic,3,Both,12,35-39 years,976,Diabetes mellitus type 2,1,Number,2023,149270.005292347,172748.84587497753,128212.51260234205
5,Prevalence,153,Syrian Arab Republic,3,Both,13,40-44 years,976,Diabetes mellitus type 2,1,Number,2023,221195.18706799808,257982.8086562716,188250.8631712351
5,Prevalence,153,Syrian Arab Republic,3,Both,14,45-49 years,976,Diabetes mellitus type 2,1,Number,2023,263845.4359010511,299553.7828595911,225971.71782750488
5,Prevalence,153,Syrian Arab Republic,3,Both,15,50-54 years,976,Diabetes mellitus type 2,1,Number,2023,302606.38124050834,336358.11238799634,264242.08020713646
5,Prevalence,153,Syrian Arab Republic,3,Both,16,55-59 years,976,Diabetes mellitus type 2,1,Number,2023,300121.7202166484,333393.5882107876,265455.3145067136
5,Prevalence,153,Syrian Arab Republic,3,Both,17,60-64 years,976,Diabetes mellitus type 2,1,Number,2023,255557.0136456232,283198.38551621215,231081.70982218903
5,Prevalence,153,Syrian Arab Republic,3,Both,18,65-69 years,976,Diabetes mellitus type 2,1,Number,2023,188925.0601897821,209700.5726560369,171487.9209690476
5,Prevalence,153,Syrian Arab Republic,3,Both,19,70-74 years,976,Diabetes mellitus type 2,1,Number,2023,132464.42204104274,147234.1035479404,120508.17941387954
5,Prevalence,153,Syrian Arab Republic,3,Both,20,75-79 years,976,Diabetes mellitus type 2,1,Number,2023,75225.44115672102,83338.8578379029,68493.2458440684
5,Prevalence,153,Syrian Arab Republic,3,Both,30,80-84 years,976,Diabetes mellitus type 2,1,Number,2023,41115.55639739699,45811.23793472296,37341.86295877081
5,Prevalence,153,Syrian Arab Republic,3,Both,31,85-89 years,976,Diabetes mellitus type 2,1,Number,2023,14334.650446189982,16179.823438336043,12868.620013474603
5,Prevalence,153,Syrian Arab Republic,3,Both,32,90-94 years,976,Diabetes mellitus type 2,1,Number,2023,2795.791010512234,3163.6020294186483,2482.0167342928416
5,Prevalence,153,Syrian Arab Republic,3,Both,235,95+ years,976,Diabetes mellitus type 2,1,Number,2023,202.36516593642116,231.0167517618808,176.27860852487422
5,Prevalence,416,Tuvalu,3,Both,20,75-79 years,976,Diabetes mellitus type 2,1,Number,2023,25.297957018048866,27.79688133602538,22.874342680374237
5,Prevalence,416,Tuvalu,3,Both,30,80-84 years,976,Diabetes mellitus type 2,1,Number,2023,15.41703615134637,17.046979758595825,13.99068558800687
5,Prevalence,416,Tuvalu,3,Both,31,85-89 years,976,Diabetes mellitus type 2,1,Number,2023,5.726451483195974,6.423329254316102,5.074356252248935
5,Prevalence,416,Tuvalu,3,Both,32,90-94 years,976,Diabetes mellitus type 2,1,Number,2023,0.976400868882483,1.109480933373438,0.8404273903355512
5,Prevalence,416,Tuvalu,3,Both,235,95+ years,976,Diabetes mellitus type 2,1,Number,2023,0.1376605536700006,0.1632808974030297,0.1147166272160461
5,Prevalence,59,Latvia,3,Both,1,<5 years,976,Diabetes mellitus type 2,1,Number,2023,0.0,0.0,0.0
5,Prevalence,59,Latvia,3,Both,6,5-9 years,976,Diabetes mellitus type 2,1,Number,2023,0.0,0.0,0.0
5,Prevalence,59,Latvia,3,Both,7,10-14 years,976,Diabetes mellitus type 2,1,Number,2023,0.0,0.0,0.0
5,Prevalence,59,Latvia,3,Both,8,15-19 years,976,Diabetes mellitus type 2,1,Number,2023,256.18213097959307,400.5039821204808,122.14792704287528
5,Prevalence,59,Latvia,3,Both,9,20-24 years,976,Diabetes mellitus type 2,1,Number,2023,581.1657839784893,758.8643542729839,455.1379047907191
5,Prevalence,59,Latvia,3,Both,10,25-29 years,976,Diabetes mellitus type 2,1,Number,2023,978.6030007322984,1188.932621368912,780.0129696477651
5,Prevalence,59,Latvia,3,Both,11,30-34 years,976,Diabetes mellitus type 2,1,Number,2023,1979.0569487731336,2367.3576061901704,1606.3365675003888
5,Prevalence,59,Latvia,3,Both,12,35-39 years,976,Diabetes mellitus type 2,1,Number,2023,3108.791991988754,3643.670776113056,2593.3292590482715
5,Prevalence,59,Latvia,3,Both,13,40-44 years,976,Diabetes mellitus type 2,1,Number,2023,4306.69189973268,5139.779287408157,3553.278023873285
5,Prevalence,59,Latvia,3,Both,14,45-49 years,976,Diabetes mellitus type 2,1,Number,2023,7437.618170436034,8735.682518751719,6332.6789186219885
5,Prevalence,59,Latvia,3,Both,15,50-54 years,976,Diabetes mellitus type 2,1,Number,2023,12352.690818997416,14380.97321372021,10466.849736891856
5,Prevalence,59,Latvia,3,Both,16,55-59 years,976,Diabetes mellitus type 2,1,Number,2023,17978.305347420457,19817.36182789613,15729.7037458471
5,Prevalence,59,Latvia,3,Both,17,60-64 years,976,Diabetes mellitus type 2,1,Number,2023,26022.652717371137,28371.61442390501,22832.60099869562
5,Prevalence,59,Latvia,3,Both,18,65-69 years,976,Diabetes mellitus type 2,1,Number,2023,26023.58937548465,28876.786808516925,23191.8240137614
5,Prevalence,59,Latvia,3,Both,19,70-74 years,976,Diabetes mellitus type 2,1,Number,2023,23279.39039391553,25714.40687390124,21215.90113411069
5,Prevalence,59,Latvia,3,Both,20,75-79 years,976,Diabetes mellitus type 2,1,Number,2023,16745.329320097284,18567.126818313165,15221.876494983231
5,Prevalence,59,Latvia,3,Both,30,80-84 years,976,Diabetes mellitus type 2,1,Number,2023,14608.760084915311,16178.691310315036,13239.09956492683
5,Prevalence,59,Latvia,3,Both,31,85-89 years,976,Diabetes mellitus type 2,1,Number,2023,7339.478170654536,8126.238606459437,6651.895496278604
5,Prevalence,59,Latvia,3,Both,32,90-94 years,976,Diabetes mellitus type 2,1,Number,2023,2398.35114478112,2687.3728810933503,2140.611599986721
5,Prevalence,59,Latvia,3,Both,235,95+ years,976,Diabetes mellitus type 2,1,Number,2023,586.7887826007293,656.356582506411,517.6614387026736
